fecha_hora,magnitud,profundidad,latitud,longitud,departamento,provincia,distrito,area_km2,poblacion,salud,bomberos,policia
29/10/2025 05:45:16,3.6,16 Km,-10.91,-74.81,JUNIN,CHANCHAMAYO,PICHANAQUI,1242.3813491083604,39213.0,1,0,1
29/10/2025 04:45:21,3.8,18 Km,-10.89,-74.84,JUNIN,CHANCHAMAYO,PICHANAQUI,1242.3813491083604,39213.0,1,0,1
29/10/2025 03:22:58,3.8,37 Km,-18.56,-70.6,,,,,,0,0,0
28/10/2025 15:44:06,3.8,20 Km,-3.61,-80.79,,,,,,0,0,0
26/10/2025 23:52:15,4.1,34 Km,-15.42,-75.37,,,,,,0,0,0
25/10/2025 21:47:30,3.6,62 Km,-12.73,-76.47,LIMA,CAÑETE,COAYLLO,600.3121921080867,1151.0,2,0,1
25/10/2025 17:09:30,4.3,20 Km,-18.26,-71.53,,,,,,0,0,0
25/10/2025 16:04:44,4.4,53 Km,-14.48,-75.62,ICA,ICA,OCUCAJE,1399.7877454209577,5893.0,0,0,0
25/10/2025 09:12:31,3.6,57 Km,-14.3,-75.71,ICA,ICA,OCUCAJE,1399.7877454209577,5893.0,1,0,1
24/10/2025 23:23:37,3.9,53 Km,-14.1,-76.02,ICA,PISCO,PARACAS,1425.1806077941,11739.0,0,0,0
23/10/2025 00:46:39,3.6,29 Km,-16.75,-71.55,AREQUIPA,ISLAY,COCACHACRA,1553.6412565678545,8187.0,0,0,0
22/10/2025 23:54:31,4.1,103 Km,-14.25,-74.43,AYACUCHO,LUCANAS,SAN PEDRO DE PALCO,520.0889479235176,786.0,0,0,0
22/10/2025 23:18:56,4.0,79 Km,-3.65,-80.02,,,,,,2,0,0
22/10/2025 22:28:51,4.0,19 Km,-6.19,-81.21,,,,,,0,0,0
22/10/2025 13:00:23,4.0,62 Km,-16.55,-72.75,AREQUIPA,CAMANA,NICOLAS DE PIEROLA,390.8107464994652,8231.0,8,1,7
22/10/2025 12:26:08,3.5,11 Km,-15.73,-71.88,AREQUIPA,CAYLLOMA,LLUTA,1228.7528929408177,672.0,0,0,0
22/10/2025 04:28:22,4.0,31 Km,-9.08,-79.15,,,,,,0,0,0
21/10/2025 19:05:42,6.0,70 Km,-3.65,-79.99,,,,,,1,0,0
21/10/2025 17:57:04,4.0,15 Km,-15.7,-72.1,AREQUIPA,CAYLLOMA,HUAMBO,716.367191636351,630.0,0,0,2
21/10/2025 16:08:19,3.5,34 Km,-12.4,-77.23,,,,,,0,0,0
21/10/2025 13:40:07,4.0,24 Km,-9.41,-79.28,,,,,,0,0,0
21/10/2025 11:56:42,3.8,19 Km,-10.62,-74.57,PASCO,OXAPAMPA,PUERTO BERMUDEZ,7672.2762987020205,23240.0,0,0,0
21/10/2025 00:24:09,4.8,15 Km,-8.7,-76.31,HUANUCO,MARAÑON,LA MORADA,906.232832984846,4154.0,0,0,0
20/10/2025 20:23:44,3.5,53 Km,-12.43,-77.01,,,,,,0,0,0
20/10/2025 10:54:04,3.5,13 Km,-10.64,-75.27,PASCO,OXAPAMPA,VILLA RICA,822.56671167192,18278.0,0,0,0
20/10/2025 04:40:17,4.1,134 Km,-10.06,-75.85,HUANUCO,PACHITEA,PANAO,1609.1340808707403,17175.0,0,0,0
19/10/2025 15:57:00,3.7,38 Km,-9.06,-79.28,,,,,,0,0,0
18/10/2025 18:16:12,4.1,16 Km,-17.54,-70.54,TACNA,JORGE BASADRE,LOCUMBA,849.6462965669589,2918.0,1,0,0
16/10/2025 21:07:53,3.5,85 Km,-12.51,-76.46,LIMA,CAÑETE,CALANGO,526.8947797883505,2473.0,0,0,0
15/10/2025 23:56:28,3.7,56 Km,-12.95,-76.69,,,,,,0,0,0
15/10/2025 06:44:36,3.4,9 Km,-13.63,-72.82,APURIMAC,ABANCAY,ABANCAY,286.6981948838263,80789.0,3,2,7
15/10/2025 03:30:51,3.5,59 Km,-12.58,-76.77,,,,,,0,1,0
14/10/2025 19:05:09,4.2,50 Km,-17.39,-71.67,,,,,,0,0,0
12/10/2025 06:14:26,4.0,36 Km,-14.82,-76.26,,,,,,0,0,0
12/10/2025 05:44:09,4.2,102 Km,-15.25,-74.24,AYACUCHO,LUCANAS,SANCOS,1503.2004562375032,4684.0,0,0,0
11/10/2025 18:52:27,4.9,40 Km,-5.1,-80.77,PIURA,SULLANA,MIGUEL CHECA,480.8689150982453,10965.0,2,0,1
11/10/2025 18:03:01,4.6,37 Km,-10.54,-78.83,,,,,,0,0,0
10/10/2025 15:11:49,4.1,10 Km,-13.61,-72.82,APURIMAC,ABANCAY,ABANCAY,286.6981948838263,80789.0,3,2,7
09/10/2025 08:42:10,4.5,162 Km,-7.72,-74.56,UCAYALI,CORONEL PORTILLO,CALLERIA,11645.766871791395,185692.0,0,0,0
09/10/2025 05:05:49,3.7,22 Km,-3.59,-80.83,,,,,,0,0,0
08/10/2025 20:43:00,4.1,114 Km,-3.08,-77.04,LORETO,DATEM DEL MARAÑON,ANDOAS,11788.441725974673,17102.0,0,0,0
07/10/2025 21:01:06,3.4,9 Km,-15.64,-72.03,AREQUIPA,CAYLLOMA,CABANACONDE,462.305213456443,1997.0,1,0,1
07/10/2025 18:00:05,4.4,32 Km,-15.86,-75.25,,,,,,0,0,0
07/10/2025 15:52:48,4.1,102 Km,-14.09,-72.9,APURIMAC,ABANCAY,CIRCA,634.5587696668105,1714.0,0,0,0
05/10/2025 13:09:42,4.0,53 Km,-8.69,-75.27,UCAYALI,PADRE ABAD,IRAZOLA,1876.8509496375284,13832.0,0,0,0
04/10/2025 23:01:41,4.2,19 Km,-14.35,-76.67,,,,,,0,0,0
03/10/2025 23:26:11,4.1,96 Km,-14.85,-74.06,AYACUCHO,LUCANAS,SANCOS,1503.2004562375032,4684.0,0,0,0
03/10/2025 06:29:45,3.7,11 Km,-9.64,-75.57,HUANUCO,PUERTO INCA,CODO DEL POZUZO,3221.2599690701472,8857.0,0,0,0
03/10/2025 02:42:37,3.6,8 Km,-15.69,-71.85,AREQUIPA,CAYLLOMA,CABANACONDE,462.305213456443,1997.0,3,0,1
02/10/2025 15:30:32,3.8,9 Km,-15.68,-71.82,AREQUIPA,CAYLLOMA,MACA,237.26286538445896,660.0,3,0,1
02/10/2025 12:16:00,3.7,16 Km,-10.31,-75.65,PASCO,OXAPAMPA,HUANCABAMBA,1134.2161266660814,7240.0,0,0,0
02/10/2025 08:33:13,3.7,9 Km,-5.58,-78.81,CAJAMARCA,JAEN,BELLAVISTA,869.4847753804847,16507.0,0,0,0
01/10/2025 19:24:13,3.7,8 Km,-15.69,-71.85,AREQUIPA,CAYLLOMA,CABANACONDE,462.305213456443,1997.0,3,0,1
01/10/2025 14:54:05,3.5,7 Km,-15.7,-71.85,AREQUIPA,CAYLLOMA,CABANACONDE,462.305213456443,1997.0,2,0,0
01/10/2025 14:44:24,3.5,7 Km,-15.7,-71.85,AREQUIPA,CAYLLOMA,CABANACONDE,462.305213456443,1997.0,2,0,0
01/10/2025 13:28:46,3.9,9 Km,-15.69,-71.85,AREQUIPA,CAYLLOMA,CABANACONDE,462.305213456443,1997.0,3,0,1
01/10/2025 11:08:52,3.5,12 Km,-13.6,-72.68,APURIMAC,ABANCAY,CURAHUASI,860.4410732722076,17018.0,2,1,0
01/10/2025 07:37:22,4.0,132 Km,-4.07,-77.67,AMAZONAS,CONDORCANQUI,RIO SANTIAGO,8088.7469214223365,19486.0,0,0,0
01/10/2025 01:57:33,3.5,46 Km,-3.78,-80.39,TUMBES,TUMBES,PAMPAS DE HOSPITAL,731.530661873473,7792.0,1,0,1
30/09/2025 23:44:30,3.5,37 Km,-16.7,-71.92,AREQUIPA,ISLAY,MOLLENDO,933.9830468783583,27336.0,0,0,1
29/09/2025 00:59:50,4.4,94 Km,-4.82,-80.01,PIURA,AYABACA,SAPILLICA,277.1565198913767,10957.0,1,0,1
28/09/2025 21:06:09,3.5,15 Km,-9.47,-77.02,ANCASH,HUARI,SAN PEDRO DE CHANA,144.01016611112865,2745.0,0,0,0
28/09/2025 16:42:03,3.6,17 Km,-16.81,-71.55,AREQUIPA,ISLAY,COCACHACRA,1553.6412565678545,8187.0,0,0,0
28/09/2025 15:53:17,4.5,26 Km,-19.59,-69.78,,,,,,0,0,0
28/09/2025 03:53:26,4.4,33 Km,-3.63,-81.05,,,,,,0,0,0
28/09/2025 03:07:15,3.6,31 Km,-11.21,-78.06,,,,,,0,0,0
27/09/2025 13:59:47,4.0,81 Km,-4.11,-80.33,,,,,,0,0,0
26/09/2025 22:31:50,3.5,98 Km,-18.35,-70.15,,,,,,0,0,0
26/09/2025 22:12:15,4.0,119 Km,-11.49,-73.0,CUSCO,LA CONVENCION,MEGANTONI,10713.82473732827,7335.0,0,0,0
26/09/2025 18:50:15,3.8,13 Km,-16.89,-71.49,AREQUIPA,ISLAY,COCACHACRA,1553.6412565678545,8187.0,0,0,0
26/09/2025 08:44:47,4.3,112 Km,-14.75,-73.7,AYACUCHO,PARINACOCHAS,UPAHUACHO,575.5624734732112,844.0,0,0,0
25/09/2025 21:39:09,4.6,104 Km,-15.31,-73.38,AYACUCHO,PAUCAR DEL SARA SARA,PAUSA,251.41789477868426,3399.0,1,0,0
25/09/2025 20:05:07,3.9,14 Km,-4.72,-77.89,AMAZONAS,CONDORCANQUI,NIEVA,4190.023558679058,19256.0,0,0,0
25/09/2025 13:49:00,4.0,52 Km,-14.92,-75.4,ICA,NASCA,CHANGUILLO,954.7194269304609,2347.0,0,0,0
25/09/2025 13:11:44,5.2,121 Km,-19.58,-69.78,,,,,,0,0,0
25/09/2025 05:58:59,4.2,28 Km,-15.94,-75.23,,,,,,0,0,0
24/09/2025 14:56:31,3.7,39 Km,-5.22,-80.69,PIURA,PIURA,CATACAOS,2286.493456862807,84928.0,46,3,10
24/09/2025 13:39:14,4.3,48 Km,-9.77,-78.72,,,,,,0,0,0
24/09/2025 06:01:23,4.6,28 Km,-15.54,-75.17,,,,,,0,0,0
24/09/2025 02:43:19,4.0,33 Km,-3.67,-81.57,,,,,,0,0,0
24/09/2025 02:17:44,4.0,112 Km,-14.74,-74.08,AYACUCHO,LUCANAS,PUQUIO,863.2446215233592,14505.0,2,0,0
23/09/2025 16:05:25,4.5,22 Km,-15.82,-75.3,,,,,,0,0,0
23/09/2025 12:39:18,5.8,30 Km,-15.93,-75.27,,,,,,0,0,0
22/09/2025 16:52:31,3.6,49 Km,-12.35,-76.94,,,,,,3,1,1
22/09/2025 15:48:24,5.2,135 Km,-8.85,-75.75,UCAYALI,PADRE ABAD,PADRE ABAD,3573.6205002163974,32586.0,0,0,0
22/09/2025 13:46:37,5.3,21 Km,-15.71,-75.23,,,,,,0,0,0
22/09/2025 13:38:39,4.7,15 Km,-15.66,-75.13,,,,,,0,0,0
22/09/2025 11:24:10,4.0,22 Km,-15.83,-75.26,,,,,,0,0,0
22/09/2025 06:30:25,4.1,227 Km,-15.84,-69.63,,,,,,0,0,0
21/09/2025 12:21:45,4.0,228 Km,-15.44,-70.21,PUNO,SAN ROMAN,JULIACA,396.54153687421274,264040.0,7,1,2
21/09/2025 10:12:30,4.0,165 Km,-17.73,-70.04,TACNA,TACNA,PACHIA,615.055250132644,2339.0,1,0,0
20/09/2025 07:46:05,4.3,97 Km,-3.25,-77.93,AMAZONAS,CONDORCANQUI,RIO SANTIAGO,8088.7469214223365,19486.0,0,0,0
20/09/2025 02:29:07,4.0,103 Km,-12.5,-74.77,HUANCAVELICA,HUANCAVELICA,ACORIA,543.1533521416496,12668.0,0,0,0
19/09/2025 23:33:49,3.5,17 Km,-8.66,-77.84,ANCASH,CORONGO,LA PAMPA,94.83428685597286,972.0,1,0,0
19/09/2025 21:01:03,4.9,98 Km,-14.29,-73.99,AYACUCHO,LUCANAS,CABANA,405.03981105364943,1738.0,0,0,1
19/09/2025 06:27:30,4.2,40 Km,-5.64,-81.56,,,,,,0,0,0
19/09/2025 05:58:58,4.1,36 Km,-5.61,-81.56,,,,,,0,0,0
18/09/2025 14:16:27,3.5,65 Km,-16.53,-72.42,AREQUIPA,CAYLLOMA,MAJES,1648.4337671085377,80557.0,0,0,0
17/09/2025 11:36:41,3.8,68 Km,-4.73,-80.22,PIURA,PIURA,TAMBO GRANDE,1496.1400593696376,132980.0,1,0,3
16/09/2025 20:42:38,4.0,70 Km,-17.29,-71.07,MOQUEGUA,MARISCAL NIETO,SAN ANTONIO,461.82540051212715,30152.0,0,0,0
16/09/2025 15:56:48,4.1,112 Km,-16.38,-72.47,AREQUIPA,CAMANA,NICOLAS DE PIEROLA,390.8107464994652,8231.0,0,0,0
16/09/2025 11:34:39,4.1,39 Km,-3.71,-80.77,,,,,,1,0,1
15/09/2025 22:41:48,4.8,27 Km,-5.69,-81.79,,,,,,0,0,0
15/09/2025 15:07:16,4.3,101 Km,-17.54,-70.82,TACNA,JORGE BASADRE,LOCUMBA,849.6462965669589,2918.0,1,1,1
14/09/2025 20:52:43,5.1,109 Km,-13.71,-74.81,HUANCAVELICA,HUAYTARA,PILPICHACA,2177.7816332040456,2336.0,0,0,0
14/09/2025 14:56:48,4.4,131 Km,-9.28,-75.28,HUANUCO,PUERTO INCA,PUERTO INCA,2389.4306144477373,11040.0,0,0,0
14/09/2025 11:06:17,4.1,27 Km,-4.38,-77.14,LORETO,DATEM DEL MARAÑON,BARRANCA,7390.874928637884,16939.0,0,0,0
13/09/2025 10:10:34,4.0,141 Km,-17.67,-69.96,TACNA,TACNA,PACHIA,615.055250132644,2339.0,0,0,0
12/09/2025 22:57:52,4.9,144 Km,-8.03,-75.73,LORETO,UCAYALI,CONTAMANA,11003.035429161104,29867.0,0,0,0
12/09/2025 12:05:07,4.2,34 Km,-4.0,-81.06,,,,,,0,0,0
11/09/2025 21:11:01,3.7,24 Km,-9.91,-74.57,PASCO,OXAPAMPA,CONSTITUCION,3050.8103885859873,18784.0,0,0,0
11/09/2025 19:16:21,4.0,165 Km,-17.92,-69.5,,,,,,0,0,0
11/09/2025 13:14:17,3.5,11 Km,-17.28,-70.64,TACNA,JORGE BASADRE,ILABAYA,1062.8396283197837,7747.0,0,0,1
11/09/2025 04:19:39,4.3,47 Km,-3.1,-80.24,,,,,,0,0,0
10/09/2025 13:52:46,4.8,31 Km,-8.15,-75.78,LORETO,UCAYALI,CONTAMANA,11003.035429161104,29867.0,0,0,0
10/09/2025 05:20:50,3.8,68 Km,-18.05,-70.98,,,,,,0,0,0
09/09/2025 13:27:49,3.4,15 Km,-10.67,-76.6,PASCO,DANIEL ALCIDES CARRION,YANAHUANCA,741.0690187965866,9922.0,0,0,0
09/09/2025 12:19:55,4.0,30 Km,-6.19,-81.28,,,,,,0,0,0
09/09/2025 08:10:13,3.6,46 Km,-5.64,-80.38,PIURA,PIURA,CATACAOS,2286.493456862807,84928.0,0,0,0
08/09/2025 23:34:45,3.8,44 Km,-8.97,-79.05,,,,,,0,0,0
08/09/2025 16:14:42,3.7,98 Km,-17.88,-70.18,TACNA,TACNA,CIUDAD NUEVA,179.474573049792,30801.0,0,1,2
08/09/2025 06:12:56,3.5,50 Km,-12.37,-76.9,,,,,,2,0,1
08/09/2025 01:08:46,4.3,47 Km,-14.99,-76.04,,,,,,0,0,0
07/09/2025 09:13:48,3.8,46 Km,-12.71,-76.8,,,,,,0,0,0
07/09/2025 00:08:49,4.7,28 Km,-16.14,-75.33,,,,,,0,0,0
06/09/2025 08:04:01,4.0,56 Km,-3.59,-80.17,,,,,,3,0,1
05/09/2025 09:27:51,4.6,20 Km,-7.72,-80.51,,,,,,0,0,0
04/09/2025 23:34:00,4.0,112 Km,-4.06,-77.16,LORETO,DATEM DEL MARAÑON,MORONA,11043.901372452485,4042.0,0,0,0
04/09/2025 11:32:10,3.5,70 Km,-12.54,-76.95,,,,,,0,0,0
04/09/2025 00:14:46,3.9,54 Km,-14.3,-75.81,ICA,ICA,OCUCAJE,1399.7877454209577,5893.0,0,0,0
03/09/2025 22:22:34,3.4,15 Km,-14.6,-72.45,CUSCO,CHUMBIVILCAS,SANTO TOMAS,1907.5292381126417,22541.0,0,0,0
03/09/2025 11:04:29,3.7,35 Km,-10.17,-78.78,,,,,,0,0,0
03/09/2025 10:16:33,4.0,42 Km,-13.66,-76.8,,,,,,0,0,0
03/09/2025 02:06:46,3.5,14 Km,-15.94,-74.27,,,,,,2,0,2
02/09/2025 23:40:45,4.1,163 Km,-5.65,-75.38,LORETO,LORETO,PARINARI,13212.447143132282,5756.0,0,0,0
02/09/2025 18:38:34,4.0,32 Km,-11.75,-74.53,JUNIN,SATIPO,PANGOA,4413.5081813320585,70079.0,0,0,0
02/09/2025 14:50:09,5.0,38 Km,-13.67,-76.82,,,,,,0,0,0
02/09/2025 10:05:14,3.8,14 Km,-12.33,-74.24,AYACUCHO,HUANTA,PUCACOLPA,715.9746169385357,1695.0,0,0,0
01/09/2025 06:29:22,4.0,43 Km,-9.99,-79.82,,,,,,0,0,0
31/08/2025 01:22:40,3.8,33 Km,-12.84,-77.16,,,,,,0,0,0
30/08/2025 23:08:59,4.3,11 Km,-15.77,-75.39,,,,,,0,0,0
30/08/2025 22:59:42,5.0,28 Km,-16.04,-75.44,,,,,,0,0,0
30/08/2025 13:23:04,3.7,58 Km,-16.32,-73.19,AREQUIPA,CAMANA,OCOÑA,1421.3956481234984,3863.0,0,0,0
30/08/2025 04:39:29,3.5,38 Km,-12.69,-77.06,,,,,,0,0,0
30/08/2025 04:28:30,3.6,10 Km,-10.51,-75.36,PASCO,OXAPAMPA,PALCAZU,2787.5742321471407,7650.0,2,1,1
29/08/2025 23:40:33,3.8,11 Km,-10.67,-75.09,PASCO,OXAPAMPA,VILLA RICA,822.56671167192,18278.0,0,0,0
29/08/2025 16:43:16,3.7,13 Km,-10.74,-74.87,JUNIN,CHANCHAMAYO,PICHANAQUI,1242.3813491083604,39213.0,0,0,0
29/08/2025 02:56:22,4.1,131 Km,-6.55,-76.0,SAN MARTIN,SAN MARTIN,CHAZUTA,951.7669769406931,11189.0,0,0,0
28/08/2025 19:04:05,3.8,15 Km,-10.61,-75.22,PASCO,OXAPAMPA,VILLA RICA,822.56671167192,18278.0,0,0,0
28/08/2025 13:23:56,3.5,12 Km,-9.63,-75.91,HUANUCO,HUANUCO,SAN PABLO DE PILLAO,592.7119876324435,7436.0,0,0,0
27/08/2025 07:26:03,3.9,26 Km,-10.96,-73.65,JUNIN,SATIPO,RIO TAMBO,10209.912281380044,27735.0,0,0,0
26/08/2025 23:26:23,4.2,48 Km,-4.14,-80.41,,,,,,0,0,0
26/08/2025 19:53:56,3.5,16 Km,-13.46,-72.41,CUSCO,ANTA,LIMATAMBO,506.51401052865253,7468.0,0,0,1
26/08/2025 05:52:43,3.5,44 Km,-12.44,-76.82,,,,,,2,2,5
26/08/2025 02:30:27,4.6,33 Km,-3.75,-80.99,,,,,,0,0,0
25/08/2025 21:28:35,3.6,46 Km,-12.57,-76.69,LIMA,CAÑETE,SANTA CRUZ DE FLORES,94.33059235737748,3465.0,1,2,1
25/08/2025 14:22:22,4.4,38 Km,-16.54,-73.57,,,,,,0,0,0
25/08/2025 11:06:35,3.5,16 Km,-16.48,-73.45,,,,,,0,0,0
25/08/2025 04:40:26,4.0,43 Km,-17.1,-71.93,,,,,,2,2,2
23/08/2025 22:44:07,5.2,98 Km,-19.63,-69.63,,,,,,0,0,0
23/08/2025 21:10:22,3.6,58 Km,-12.58,-76.7,LIMA,CAÑETE,SAN ANTONIO,39.303850594296996,5049.0,2,2,1
23/08/2025 06:34:40,3.6,62 Km,-14.39,-75.64,ICA,ICA,OCUCAJE,1399.7877454209577,5893.0,0,0,1
23/08/2025 03:24:24,3.7,16 Km,-4.32,-78.03,AMAZONAS,CONDORCANQUI,RIO SANTIAGO,8088.7469214223365,19486.0,0,0,0
22/08/2025 20:11:21,3.6,17 Km,-10.67,-75.11,PASCO,OXAPAMPA,VILLA RICA,822.56671167192,18278.0,0,0,0
22/08/2025 10:49:54,3.7,29 Km,-16.32,-73.16,AREQUIPA,CAMANA,OCOÑA,1421.3956481234984,3863.0,0,0,0
22/08/2025 04:36:12,4.0,107 Km,-15.15,-73.49,AYACUCHO,PAUCAR DEL SARA SARA,LAMPA,280.97553899870985,1762.0,0,0,0
21/08/2025 15:25:55,3.6,16 Km,-10.85,-73.8,JUNIN,SATIPO,RIO TAMBO,10209.912281380044,27735.0,0,0,0
20/08/2025 10:06:59,5.3,103 Km,-3.82,-76.53,LORETO,DATEM DEL MARAÑON,ANDOAS,11788.441725974673,17102.0,0,0,0
19/08/2025 18:14:48,4.0,32 Km,-18.3,-71.48,,,,,,0,0,0
19/08/2025 17:49:25,4.3,25 Km,-18.26,-71.43,,,,,,0,0,0
19/08/2025 14:49:36,3.6,38 Km,-5.57,-80.82,PIURA,SECHURA,SECHURA,5677.977347816637,58157.0,3,1,0
19/08/2025 04:15:46,4.0,41 Km,-9.33,-79.25,,,,,,0,0,0
18/08/2025 21:52:07,3.7,58 Km,-12.84,-76.68,,,,,,1,0,0
18/08/2025 07:47:03,5.1,112 Km,-16.06,-72.66,AREQUIPA,CASTILLA,APLAO,619.1667540055665,9116.0,0,0,0
18/08/2025 01:33:02,3.6,41 Km,-9.23,-78.61,,,,,,0,0,0
17/08/2025 21:41:06,3.6,14 Km,-6.85,-76.02,LORETO,UCAYALI,PAMPA HERMOSA,7471.991314098033,5860.0,0,0,0
17/08/2025 08:33:57,4.0,113 Km,-11.52,-76.86,LIMA,CANTA,HUAMANTANGA,493.40833618578426,596.0,0,0,0
16/08/2025 19:35:01,4.3,94 Km,-12.22,-75.83,LIMA,YAUYOS,VITIS,104.85486179293973,215.0,1,0,0
16/08/2025 03:33:58,3.5,41 Km,-4.64,-80.82,PIURA,SULLANA,MARCAVELICA,1662.4805053918735,33956.0,0,0,0
15/08/2025 15:29:15,4.3,115 Km,-18.44,-69.78,,,,,,0,0,0
15/08/2025 11:37:43,3.8,19 Km,-9.91,-74.76,PASCO,OXAPAMPA,CONSTITUCION,3050.8103885859873,18784.0,0,0,0
14/08/2025 16:49:44,4.2,28 Km,-6.57,-81.2,,,,,,0,0,0
14/08/2025 05:40:14,3.6,16 Km,-16.05,-72.49,AREQUIPA,CASTILLA,APLAO,619.1667540055665,9116.0,4,0,1
13/08/2025 20:43:10,4.0,39 Km,-10.1,-79.71,,,,,,0,0,0
13/08/2025 12:58:23,3.6,14 Km,-10.92,-73.47,UCAYALI,ATALAYA,RAIMONDI,14539.205149323814,44287.0,0,0,0
13/08/2025 12:22:41,4.1,51 Km,-9.98,-77.86,ANCASH,HUARMEY,HUARMEY,2913.8764098112188,28519.0,0,0,0
13/08/2025 03:03:05,3.7,26 Km,-18.25,-71.32,,,,,,0,0,0
13/08/2025 00:01:57,3.5,89 Km,-16.53,-72.58,AREQUIPA,CAYLLOMA,MAJES,1648.4337671085377,80557.0,0,0,0
12/08/2025 19:54:30,5.5,43 Km,-9.11,-79.33,,,,,,0,0,0
12/08/2025 15:21:14,4.4,142 Km,-8.54,-75.03,UCAYALI,PADRE ABAD,NESHUYA,623.3702441602974,12301.0,0,0,0
12/08/2025 12:40:44,3.6,21 Km,-5.84,-77.26,SAN MARTIN,RIOJA,SAN FERNANDO,69.17108092018024,3619.0,0,0,0
11/08/2025 06:41:24,4.8,23 Km,-14.56,-76.51,,,,,,0,0,0
10/08/2025 23:01:22,3.8,57 Km,-16.12,-74.18,,,,,,0,0,0
10/08/2025 03:25:45,3.5,16 Km,-17.23,-70.57,TACNA,JORGE BASADRE,ILABAYA,1062.8396283197837,7747.0,0,0,1
09/08/2025 22:08:34,3.8,98 Km,-12.12,-76.06,LIMA,YAUYOS,TANTA,345.8267766415909,511.0,0,0,0
09/08/2025 12:58:10,4.1,129 Km,-8.92,-75.97,HUANUCO,LEONCIO PRADO,SANTO DOMINGO DE ANDA,280.6121869749248,2427.0,0,0,0
09/08/2025 04:34:44,4.3,180 Km,-17.49,-69.64,TACNA,TACNA,PALCA,1462.9568465577868,2623.0,1,0,0
08/08/2025 23:44:06,4.4,156 Km,-7.64,-74.75,LORETO,UCAYALI,CONTAMANA,11003.035429161104,29867.0,0,0,0
07/08/2025 02:59:38,4.0,88 Km,-14.22,-72.89,APURIMAC,GRAU,CHUQUIBAMBILLA,425.67644790129685,4626.0,0,0,0
06/08/2025 13:24:45,3.6,58 Km,-13.44,-76.57,,,,,,0,0,0
06/08/2025 12:27:54,4.0,125 Km,-12.97,-75.17,HUANCAVELICA,CASTROVIRREYNA,CASTROVIRREYNA,922.0101181893966,2912.0,0,0,0
05/08/2025 18:31:19,4.1,21 Km,-8.94,-80.51,,,,,,0,0,0
05/08/2025 03:49:52,4.0,18 Km,-9.84,-75.65,HUANUCO,PUERTO INCA,CODO DEL POZUZO,3221.2599690701472,8857.0,0,0,0
04/08/2025 07:38:26,3.5,49 Km,-12.55,-76.77,,,,,,2,1,1
03/08/2025 22:06:15,4.2,51 Km,-4.17,-80.47,PIURA,SULLANA,LANCONES,2153.5395627277157,13395.0,0,0,0
03/08/2025 17:21:43,4.2,28 Km,-10.79,-78.45,,,,,,0,0,0
03/08/2025 17:09:28,3.6,60 Km,-11.94,-77.23,,,,,,0,0,0
03/08/2025 09:10:57,4.4,510 Km,-9.16,-71.31,,,,,,0,0,0
03/08/2025 06:42:45,5.5,510 Km,-8.76,-70.98,,,,,,0,0,0
01/08/2025 22:53:09,3.5,48 Km,-13.24,-76.4,,,,,,0,0,0
31/07/2025 22:38:23,3.5,48 Km,-12.47,-76.73,LIMA,CAÑETE,CHILCA,483.2526256283216,28336.0,2,1,4
31/07/2025 04:54:08,3.4,39 Km,-15.95,-74.14,,,,,,0,0,0
30/07/2025 10:51:22,4.1,16 Km,-10.35,-75.48,PASCO,OXAPAMPA,PALCAZU,2787.5742321471407,7650.0,0,0,1
30/07/2025 06:46:22,4.0,38 Km,-14.71,-75.37,ICA,NASCA,CHANGUILLO,954.7194269304609,2347.0,0,0,0
30/07/2025 02:22:19,3.6,9 Km,-14.19,-71.46,CUSCO,CANAS,YANAOCA,291.94156642197595,9226.0,1,0,4
29/07/2025 22:49:12,4.4,179 Km,-17.55,-69.68,TACNA,TACNA,PALCA,1462.9568465577868,2623.0,1,0,0
29/07/2025 14:13:27,3.5,59 Km,-12.7,-77.05,,,,,,0,0,0
29/07/2025 01:58:13,4.0,130 Km,-9.54,-75.96,HUANUCO,HUANUCO,CHINCHAO,806.3725085222776,12478.0,0,0,0
28/07/2025 07:33:57,4.5,68 Km,-3.56,-80.21,,,,,,7,3,4
27/07/2025 20:27:38,3.8,75 Km,-3.86,-80.24,TUMBES,ZARUMILLA,MATAPALO,393.00443766865016,5231.0,0,0,0
27/07/2025 07:55:29,3.5,30 Km,-9.88,-74.8,PASCO,OXAPAMPA,CONSTITUCION,3050.8103885859873,18784.0,0,0,0
27/07/2025 05:20:17,4.4,137 Km,-8.91,-74.71,HUANUCO,PUERTO INCA,TOURNAVISTA,1739.5610777174197,6909.0,0,0,0
27/07/2025 04:03:22,3.6,57 Km,-11.46,-77.42,,,,,,0,0,1
27/07/2025 02:19:21,4.1,154 Km,-7.85,-74.67,LORETO,UCAYALI,PADRE MARQUEZ,2434.9195833576787,2858.0,0,0,0
27/07/2025 00:22:13,3.5,28 Km,-15.61,-74.45,AREQUIPA,CARAVELI,YAUCA,542.9387821183575,2145.0,0,0,1
25/07/2025 00:36:19,4.0,124 Km,-10.88,-74.0,UCAYALI,ATALAYA,RAIMONDI,14539.205149323814,44287.0,0,0,0
24/07/2025 23:31:14,4.1,52 Km,-5.42,-80.33,PIURA,PIURA,CATACAOS,2286.493456862807,84928.0,0,0,0
24/07/2025 22:18:22,3.8,58 Km,-12.01,-77.44,,,,,,0,0,0
24/07/2025 17:25:38,3.7,38 Km,-15.81,-74.62,,,,,,0,0,0
24/07/2025 14:01:19,4.0,38 Km,-14.93,-75.29,ICA,NASCA,NASCA,1143.3876972668359,32259.0,0,0,0
24/07/2025 03:49:42,3.8,19 Km,-9.39,-78.32,ANCASH,CASMA,CASMA,1210.5051920863061,44792.0,3,1,0
24/07/2025 02:34:58,3.6,42 Km,-16.55,-72.7,AREQUIPA,CAMANA,NICOLAS DE PIEROLA,390.8107464994652,8231.0,8,1,7
23/07/2025 00:35:26,3.9,27 Km,-5.36,-76.32,LORETO,ALTO AMAZONAS,JEBEROS,4345.001022224411,4782.0,1,0,0
22/07/2025 21:20:18,4.1,29 Km,-16.01,-74.17,,,,,,0,0,0
22/07/2025 09:14:01,4.1,21 Km,-5.85,-75.96,LORETO,ALTO AMAZONAS,YURIMAGUAS,2234.637247198644,115218.0,0,0,0
22/07/2025 04:04:02,3.4,8 Km,-15.7,-71.85,AREQUIPA,CAYLLOMA,CABANACONDE,462.305213456443,1997.0,2,0,0
21/07/2025 17:00:08,4.0,33 Km,-9.66,-79.62,,,,,,0,0,0
21/07/2025 16:55:22,3.6,28 Km,-14.69,-74.31,AYACUCHO,LUCANAS,SAN CRISTOBAL,407.1930411132127,1780.0,0,0,0
20/07/2025 21:17:06,3.6,54 Km,-13.27,-76.33,,,,,,1,0,0
20/07/2025 07:56:52,4.1,37 Km,-4.93,-80.8,PIURA,SULLANA,MIGUEL CHECA,480.8689150982453,10965.0,8,0,3
19/07/2025 11:25:39,4.2,216 Km,-16.02,-70.55,MOQUEGUA,GENERAL SANCHEZ CERRO,ICHUÑA,1003.869801819972,2732.0,1,0,0
19/07/2025 04:08:23,3.8,61 Km,-12.49,-76.83,,,,,,2,0,1
18/07/2025 23:05:47,3.5,54 Km,-14.33,-75.74,ICA,ICA,OCUCAJE,1399.7877454209577,5893.0,1,0,1
18/07/2025 19:30:00,4.5,15 Km,-10.33,-74.24,UCAYALI,ATALAYA,RAIMONDI,14539.205149323814,44287.0,0,0,0
18/07/2025 07:13:55,3.6,47 Km,-12.5,-76.76,LIMA,CAÑETE,CHILCA,483.2526256283216,28336.0,2,1,1
16/07/2025 08:52:17,4.0,185 Km,-14.94,-70.84,PUNO,MELGAR,CUPI,217.5190410595713,1780.0,0,0,0
16/07/2025 07:52:22,4.1,42 Km,-17.42,-71.85,,,,,,0,0,0
15/07/2025 05:07:34,4.0,58 Km,-17.47,-71.2,MOQUEGUA,ILO,EL ALGARROBAL,749.6978318141943,12014.0,0,0,0
15/07/2025 02:54:32,3.5,11 Km,-15.72,-72.1,AREQUIPA,CAYLLOMA,HUAMBO,716.367191636351,630.0,0,0,2
15/07/2025 01:46:13,4.5,35 Km,-8.85,-79.41,,,,,,0,0,0
14/07/2025 19:35:02,3.8,45 Km,-9.27,-79.05,,,,,,0,0,0
14/07/2025 14:37:05,4.2,103 Km,-17.8,-70.23,TACNA,TACNA,ALTO DE LA ALIANZA,376.0620345420898,33577.0,0,0,0
14/07/2025 12:40:51,3.9,40 Km,-9.15,-79.2,,,,,,0,0,0
14/07/2025 03:31:05,3.5,20 Km,-5.71,-77.25,SAN MARTIN,MOYOBAMBA,MOYOBAMBA,2699.074096293949,91526.0,0,0,0
13/07/2025 05:07:36,4.0,106 Km,-12.85,-75.34,HUANCAVELICA,HUANCAVELICA,ASCENSION,408.6165374367476,22094.0,0,0,0
12/07/2025 22:29:39,4.2,102 Km,-15.39,-74.35,AREQUIPA,CARAVELI,JAQUI,422.7594533817681,1593.0,0,0,1
12/07/2025 12:23:04,4.8,163 Km,-8.05,-74.37,UCAYALI,CORONEL PORTILLO,CALLERIA,11645.766871791395,185692.0,0,0,0
11/07/2025 21:22:50,3.8,34 Km,-10.55,-78.56,,,,,,0,0,0
11/07/2025 12:18:43,4.8,17 Km,-10.81,-74.99,JUNIN,CHANCHAMAYO,PERENE,1490.023593821885,61010.0,0,0,0
11/07/2025 11:03:34,3.5,17 Km,-13.77,-71.62,CUSCO,QUISPICANCHI,QUIQUIJANA,365.1605403634762,12176.0,0,0,3
10/07/2025 23:12:34,5.0,136 Km,-3.21,-75.9,LORETO,LORETO,TROMPETEROS,12565.554565892075,11703.0,0,0,0
10/07/2025 22:18:08,4.0,39 Km,-8.71,-76.16,SAN MARTIN,TOCACHE,NUEVO PROGRESO,824.6433710375615,13071.0,0,0,0
10/07/2025 13:22:38,3.8,12 Km,-17.08,-70.8,MOQUEGUA,MARISCAL NIETO,TORATA,1776.5735886061047,6658.0,2,1,4
10/07/2025 04:26:05,5.0,124 Km,-19.07,-69.4,,,,,,0,0,0
09/07/2025 22:58:21,4.8,31 Km,-14.53,-76.42,,,,,,0,0,0
09/07/2025 12:52:52,4.0,178 Km,-14.87,-71.31,CUSCO,ESPINAR,ESPINAR,740.5374354078001,41945.0,0,0,0
09/07/2025 03:45:12,4.0,44 Km,-18.61,-71.26,,,,,,0,0,0
08/07/2025 16:32:53,4.9,58 Km,-14.88,-75.51,ICA,ICA,SANTIAGO,2767.922689745546,34224.0,0,0,0
08/07/2025 06:40:05,5.3,53 Km,-13.72,-76.47,,,,,,0,0,0
07/07/2025 22:13:50,4.0,170 Km,-16.71,-69.9,PUNO,EL COLLAO,SANTA ROSA,2712.1339805846847,2432.0,0,0,0
07/07/2025 18:30:57,4.2,165 Km,-16.17,-69.72,PUNO,PUNO,ACORA,1929.806047368683,19579.0,2,0,1
07/07/2025 13:02:45,4.1,27 Km,-8.82,-79.49,,,,,,0,0,0
07/07/2025 12:20:59,4.0,94 Km,-2.68,-79.51,,,,,,0,0,0
07/07/2025 10:30:19,3.5,14 Km,-9.13,-77.62,ANCASH,YUNGAY,YUNGAY,273.5847327046578,23108.0,4,0,0
06/07/2025 06:27:45,5.2,22 Km,-5.51,-77.01,LORETO,DATEM DEL MARAÑON,CAHUAPANAS,4785.702362475397,8168.0,0,0,0
06/07/2025 05:36:15,3.8,14 Km,-10.36,-74.53,PASCO,OXAPAMPA,PUERTO BERMUDEZ,7672.2762987020205,23240.0,0,0,0
05/07/2025 22:40:23,4.1,103 Km,-3.79,-79.36,,,,,,1,0,0
04/07/2025 06:58:48,3.6,9 Km,-9.13,-77.62,ANCASH,YUNGAY,YUNGAY,273.5847327046578,23108.0,4,0,0
04/07/2025 03:55:11,5.3,32 Km,-14.62,-76.52,,,,,,0,0,0
04/07/2025 01:11:12,3.8,58 Km,-14.14,-75.79,ICA,ICA,ICA,886.5000051633018,189946.0,29,2,8
03/07/2025 20:22:10,3.5,8 Km,-13.43,-71.93,CUSCO,CALCA,COYA,70.37761955731577,3599.0,3,1,3
03/07/2025 10:13:23,3.8,16 Km,-10.46,-78.8,,,,,,0,0,0
03/07/2025 06:28:47,4.0,85 Km,-12.32,-76.91,,,,,,9,1,4
03/07/2025 04:50:10,4.6,86 Km,-13.62,-75.81,ICA,PISCO,HUANCANO,898.3027674212802,1426.0,0,0,0
03/07/2025 01:52:34,4.0,39 Km,-5.76,-81.1,,,,,,2,0,1
02/07/2025 23:57:57,4.0,118 Km,-12.55,-75.28,HUANCAVELICA,HUANCAVELICA,VILCA,308.3697969961075,1447.0,1,0,0
02/07/2025 20:33:19,4.0,18 Km,-8.9,-76.11,HUANUCO,LEONCIO PRADO,JOSE CRESPO Y CASTILLO,1501.6429587930809,23994.0,1,1,1
02/07/2025 14:20:27,4.1,39 Km,-10.02,-79.09,,,,,,0,0,0
02/07/2025 10:47:42,3.5,12 Km,-15.73,-72.08,AREQUIPA,CAYLLOMA,HUAMBO,716.367191636351,630.0,0,0,2
02/07/2025 07:33:15,4.1,27 Km,-4.87,-80.82,PIURA,SULLANA,MARCAVELICA,1662.4805053918735,33956.0,6,0,2
01/07/2025 13:16:11,3.5,44 Km,-4.4,-80.89,PIURA,TALARA,PARIÑAS,1130.6872593648584,109593.0,0,0,0
01/07/2025 04:24:32,4.0,26 Km,-8.06,-80.03,,,,,,0,0,0
01/07/2025 04:09:30,4.1,80 Km,-14.3,-72.91,APURIMAC,ANTABAMBA,HUAQUIRCA,350.95733337204126,2138.0,1,0,1
30/06/2025 13:24:33,3.6,15 Km,-17.12,-70.54,MOQUEGUA,MARISCAL NIETO,TORATA,1776.5735886061047,6658.0,0,0,0
30/06/2025 03:44:06,4.5,93 Km,-12.94,-73.93,AYACUCHO,LA MAR,TAMBO,309.0100186341446,6465.0,1,0,1
29/06/2025 21:06:16,3.7,36 Km,-15.99,-74.57,,,,,,0,0,0
28/06/2025 01:34:29,4.2,32 Km,-15.25,-75.89,,,,,,0,0,0
27/06/2025 12:11:26,3.7,26 Km,-4.89,-80.8,PIURA,SULLANA,MARCAVELICA,1662.4805053918735,33956.0,8,0,3
27/06/2025 01:31:53,4.9,50 Km,-2.21,-80.04,,,,,,3,1,0
26/06/2025 03:33:32,4.0,25 Km,-16.09,-74.27,,,,,,0,0,0
26/06/2025 00:08:26,4.0,146 Km,-15.33,-71.87,AREQUIPA,CAYLLOMA,TAPAY,414.4813615721575,949.0,0,0,0
25/06/2025 20:16:54,3.5,52 Km,-11.92,-77.4,,,,,,0,0,0
24/06/2025 20:48:53,3.8,48 Km,-13.33,-76.49,,,,,,0,0,0
24/06/2025 12:19:30,3.6,40 Km,-3.55,-81.11,,,,,,0,0,0
24/06/2025 09:04:42,4.1,141 Km,-8.07,-76.13,SAN MARTIN,BELLAVISTA,ALTO BIAVO,5956.58747119889,10818.0,0,0,0
23/06/2025 22:07:22,3.6,15 Km,-10.83,-75.6,JUNIN,JUNIN,ULCUMAYO,1132.1663074655596,3331.0,0,0,0
23/06/2025 17:52:24,4.9,132 Km,-8.83,-74.65,HUANUCO,PUERTO INCA,TOURNAVISTA,1739.5610777174197,6909.0,0,0,0
23/06/2025 08:06:00,4.4,25 Km,-12.62,-71.23,MADRE DE DIOS,MANU,MANU,8718.108137193523,2242.0,0,0,0
23/06/2025 02:42:46,4.2,94 Km,-13.45,-74.97,HUANCAVELICA,HUAYTARA,PILPICHACA,2177.7816332040456,2336.0,0,0,0
22/06/2025 07:36:38,4.0,21 Km,-13.62,-76.9,,,,,,0,0,0
20/06/2025 20:18:41,4.7,85 Km,-13.21,-74.59,HUANCAVELICA,ANGARAES,LIRCAY,825.2713615007079,24509.0,0,0,0
20/06/2025 09:28:18,4.1,25 Km,-16.35,-74.02,,,,,,0,0,0
20/06/2025 05:04:13,3.7,45 Km,-10.51,-78.43,,,,,,0,0,0
19/06/2025 20:39:24,3.5,13 Km,-11.29,-74.49,JUNIN,SATIPO,MAZAMARI,1258.0455892779898,46348.0,0,0,0
18/06/2025 14:57:56,3.6,16 Km,-16.55,-71.57,AREQUIPA,AREQUIPA,YARABAMBA,486.8475301150486,1797.0,4,0,2
18/06/2025 10:17:38,4.0,69 Km,-13.8,-75.82,ICA,PISCO,HUMAY,909.634730520815,6022.0,0,0,1
18/06/2025 06:52:51,3.7,37 Km,-9.68,-79.0,,,,,,0,0,0
17/06/2025 08:57:57,4.0,92 Km,-14.51,-73.99,AYACUCHO,LUCANAS,CARMEN SALCEDO,463.88479446149614,1251.0,0,0,0
17/06/2025 00:31:31,3.7,49 Km,-11.91,-77.44,,,,,,0,0,0
16/06/2025 12:40:17,4.2,56 Km,-12.17,-77.41,,,,,,0,0,0
15/06/2025 17:25:18,4.0,212 Km,-14.88,-70.74,PUNO,MELGAR,UMACHIRI,333.0921512289998,3727.0,0,0,0
15/06/2025 12:03:46,3.6,29 Km,-12.2,-77.47,,,,,,0,0,0
15/06/2025 11:35:27,6.1,49 Km,-12.18,-77.39,,,,,,0,0,0
15/06/2025 00:52:12,4.1,108 Km,-10.28,-77.02,ANCASH,BOLOGNESI,MANGAS,126.09962170814916,440.0,0,0,0
11/06/2025 22:36:10,5.1,54 Km,-6.35,-80.11,LAMBAYEQUE,LAMBAYEQUE,OLMOS,5721.937851175903,59666.0,0,0,0
11/06/2025 08:57:29,4.0,128 Km,-18.01,-69.83,TACNA,TACNA,TACNA,1919.688086384588,108210.0,0,0,0
11/06/2025 07:24:14,3.5,9 Km,-15.56,-71.47,AREQUIPA,CAYLLOMA,CALLALLI,1543.5597782352777,1215.0,2,0,1
11/06/2025 02:46:29,4.2,118 Km,-7.51,-76.25,SAN MARTIN,BELLAVISTA,ALTO BIAVO,5956.58747119889,10818.0,0,0,0
10/06/2025 22:04:21,4.3,103 Km,-16.37,-72.73,AREQUIPA,CAMANA,MARISCAL CACERES,593.4546388978915,6677.0,0,0,0
10/06/2025 11:59:04,3.5,12 Km,-13.62,-72.84,APURIMAC,ABANCAY,ABANCAY,286.6981948838263,80789.0,3,2,7
10/06/2025 07:45:25,3.8,36 Km,-9.36,-79.22,,,,,,0,0,0
08/06/2025 20:58:21,3.6,39 Km,-15.79,-74.24,AREQUIPA,CARAVELI,CHALA,340.21008853017196,11472.0,2,0,2
08/06/2025 20:47:54,4.4,108 Km,-3.95,-76.91,LORETO,DATEM DEL MARAÑON,PASTAZA,9100.182512461359,6058.0,0,0,0
08/06/2025 12:12:33,3.6,12 Km,-11.04,-74.61,JUNIN,SATIPO,RIO NEGRO,488.12967762954406,36675.0,0,0,0
07/06/2025 18:45:31,4.0,47 Km,-9.77,-78.73,,,,,,0,0,0
07/06/2025 08:02:28,4.0,159 Km,-8.41,-74.5,UCAYALI,CORONEL PORTILLO,MANANTAY,644.5062871740798,121979.0,21,2,2
06/06/2025 22:59:17,3.8,58 Km,-7.81,-79.68,,,,,,0,0,0
06/06/2025 16:55:50,3.6,46 Km,-10.77,-78.11,,,,,,0,0,0
06/06/2025 13:37:05,4.0,124 Km,-10.61,-75.38,PASCO,OXAPAMPA,OXAPAMPA,401.887863014689,18061.0,2,1,1
06/06/2025 12:24:39,4.1,56 Km,-12.85,-73.9,AYACUCHO,LA MAR,SANTA ROSA,389.0548052056082,12917.0,0,0,0
06/06/2025 03:28:52,4.0,87 Km,-14.02,-75.37,ICA,ICA,YAUCA DEL ROSARIO,1261.4740547807166,1350.0,0,0,0
04/06/2025 11:44:57,4.5,136 Km,-2.79,-77.82,,,,,,0,0,0
04/06/2025 06:58:47,3.6,15 Km,-13.7,-72.0,CUSCO,PARURO,HUANOQUITE,361.6383311108189,4999.0,0,0,2
04/06/2025 04:02:30,4.0,22 Km,-18.09,-71.36,,,,,,0,0,0
03/06/2025 19:19:16,3.6,14 Km,-5.82,-78.54,AMAZONAS,UTCUBAMBA,BAGUA GRANDE,729.4867024694034,60434.0,0,0,0
03/06/2025 00:17:18,4.0,56 Km,-13.48,-75.97,ICA,CHINCHA,EL CARMEN,754.9442379039873,14534.0,0,0,1
02/06/2025 23:32:21,3.9,62 Km,-4.48,-80.74,PIURA,SULLANA,MARCAVELICA,1662.4805053918735,33956.0,0,0,0
02/06/2025 21:30:34,4.5,48 Km,-5.84,-81.04,PIURA,SECHURA,SECHURA,5677.977347816637,58157.0,2,0,1
02/06/2025 00:34:43,3.8,81 Km,-12.19,-76.88,LIMA,LIMA,PACHACAMAC,185.58597171124524,167211.0,42,5,20
31/05/2025 10:01:19,4.0,31 Km,-6.03,-80.67,PIURA,SECHURA,SECHURA,5677.977347816637,58157.0,0,0,0
29/05/2025 06:39:41,4.2,54 Km,-14.77,-75.74,ICA,ICA,SANTIAGO,2767.922689745546,34224.0,0,0,0
29/05/2025 06:34:37,4.4,127 Km,-6.83,-75.93,LORETO,UCAYALI,PAMPA HERMOSA,7471.991314098033,5860.0,0,0,0
28/05/2025 18:19:39,4.1,120 Km,-16.24,-72.0,AREQUIPA,AREQUIPA,VITOR,1534.435436497687,5523.0,0,0,0
28/05/2025 18:08:06,4.0,59 Km,-14.22,-75.77,ICA,ICA,SANTIAGO,2767.922689745546,34224.0,5,0,2
28/05/2025 13:00:01,4.9,170 Km,-8.1,-74.63,UCAYALI,CORONEL PORTILLO,YARINACOCHA,661.1835318305746,131600.0,0,0,0
28/05/2025 11:44:54,4.4,29 Km,-15.03,-75.78,,,,,,0,0,0
28/05/2025 10:45:12,4.3,29 Km,-14.97,-75.68,,,,,,0,0,0
28/05/2025 09:34:15,5.4,43 Km,-15.06,-75.87,,,,,,0,0,0
27/05/2025 20:57:41,5.5,45 Km,-15.07,-75.8,,,,,,0,0,0
27/05/2025 20:40:48,4.0,44 Km,-15.04,-75.79,,,,,,0,0,0
25/05/2025 22:50:26,5.5,109 Km,-19.5,-69.49,,,,,,0,0,0
24/05/2025 20:35:36,3.8,63 Km,-14.43,-75.65,ICA,ICA,OCUCAJE,1399.7877454209577,5893.0,0,0,1
23/05/2025 12:16:15,4.6,146 Km,-8.05,-76.32,SAN MARTIN,BELLAVISTA,ALTO BIAVO,5956.58747119889,10818.0,0,0,0
22/05/2025 14:57:39,4.8,118 Km,-9.61,-74.9,HUANUCO,PUERTO INCA,YUYAPICHIS,2065.0800207990987,6836.0,0,0,0
22/05/2025 06:13:11,5.0,33 Km,-9.08,-79.33,,,,,,0,0,0
22/05/2025 06:02:11,3.5,12 Km,-8.82,-75.64,UCAYALI,PADRE ABAD,PADRE ABAD,3573.6205002163974,32586.0,0,0,0
21/05/2025 15:05:07,3.7,13 Km,-11.8,-76.05,JUNIN,YAULI,YAULI,410.601226601274,5154.0,0,0,0
20/05/2025 10:36:27,3.6,39 Km,-12.65,-76.81,,,,,,0,0,0
19/05/2025 23:27:35,4.0,27 Km,-15.71,-75.27,,,,,,0,0,0
19/05/2025 20:43:34,4.0,143 Km,-4.64,-76.85,LORETO,DATEM DEL MARAÑON,BARRANCA,7390.874928637884,16939.0,0,0,0
19/05/2025 15:23:01,3.8,48 Km,-4.23,-80.85,PIURA,SULLANA,MARCAVELICA,1662.4805053918735,33956.0,0,0,0
19/05/2025 11:14:35,4.0,63 Km,-15.8,-74.54,,,,,,0,0,0
19/05/2025 06:17:08,4.0,103 Km,-18.05,-69.95,TACNA,TACNA,TACNA,1919.688086384588,108210.0,0,0,0
18/05/2025 18:57:57,4.0,32 Km,-18.44,-71.46,,,,,,0,0,0
17/05/2025 22:21:28,3.7,46 Km,-12.61,-76.79,,,,,,0,0,0
17/05/2025 20:40:22,4.0,27 Km,-18.4,-71.48,,,,,,0,0,0
17/05/2025 05:22:14,6.0,97 Km,-14.9,-74.19,AYACUCHO,LUCANAS,SAN PEDRO,727.0435031085489,2508.0,0,0,0
16/05/2025 10:20:48,3.6,26 Km,-4.9,-80.74,PIURA,SULLANA,MIGUEL CHECA,480.8689150982453,10965.0,17,3,9
16/05/2025 08:09:07,3.7,47 Km,-12.55,-76.89,,,,,,0,0,0
16/05/2025 04:21:10,4.0,20 Km,-9.96,-74.79,PASCO,OXAPAMPA,CONSTITUCION,3050.8103885859873,18784.0,0,0,0
16/05/2025 02:43:49,3.9,72 Km,-5.49,-80.0,PIURA,MORROPON,LA MATANZA,989.1375901445424,15843.0,1,0,0
15/05/2025 08:03:00,4.0,24 Km,-4.88,-80.83,PIURA,SULLANA,IGNACIO ESCUDERO,189.67792824819392,22714.0,6,0,2
14/05/2025 16:01:33,4.1,64 Km,-11.83,-77.74,,,,,,0,0,0
14/05/2025 15:13:19,5.2,16 Km,-5.86,-81.28,,,,,,0,0,0
14/05/2025 15:08:25,4.1,38 Km,-5.92,-81.62,,,,,,0,0,0
13/05/2025 11:16:23,3.6,35 Km,-16.49,-74.07,,,,,,0,0,0
13/05/2025 06:24:55,3.5,96 Km,-11.96,-76.74,LIMA,LIMA,LURIGANCHO,245.57228324373938,327438.0,17,2,4
13/05/2025 02:10:52,4.0,89 Km,-14.44,-72.17,CUSCO,CHUMBIVILCAS,LLUSCO,315.43310629539906,3964.0,2,0,1
12/05/2025 11:53:20,3.6,61 Km,-11.92,-77.34,,,,,,0,0,0
12/05/2025 09:57:51,4.9,140 Km,-18.41,-69.54,,,,,,0,0,0
11/05/2025 19:37:20,3.5,62 Km,-12.7,-76.63,LIMA,CAÑETE,MALA,131.14352088959382,36780.0,4,2,2
11/05/2025 06:44:40,4.0,58 Km,-12.93,-76.78,,,,,,0,0,0
11/05/2025 01:25:23,4.3,32 Km,-16.01,-74.49,,,,,,0,0,0
11/05/2025 00:53:45,4.2,30 Km,-4.07,-81.04,,,,,,1,0,1
11/05/2025 00:42:42,4.4,28 Km,-4.05,-81.04,,,,,,1,0,1
11/05/2025 00:16:46,5.1,28 Km,-4.0,-80.97,TUMBES,CONTRALMIRANTE VILLAR,CANOAS DE PUNTA SAL,631.7423134062946,9124.0,1,0,1
10/05/2025 21:59:30,4.1,32 Km,-4.01,-80.95,TUMBES,CONTRALMIRANTE VILLAR,CANOAS DE PUNTA SAL,631.7423134062946,9124.0,1,0,1
10/05/2025 21:07:04,5.1,28 Km,-4.03,-81.03,,,,,,2,0,1
10/05/2025 20:54:20,3.8,35 Km,-4.02,-80.88,TUMBES,CONTRALMIRANTE VILLAR,CANOAS DE PUNTA SAL,631.7423134062946,9124.0,1,0,1
10/05/2025 20:29:52,5.2,34 Km,-3.98,-81.08,,,,,,0,0,0
09/05/2025 22:34:08,5.8,30 Km,-15.99,-74.49,,,,,,0,0,0
09/05/2025 10:50:04,4.0,164 Km,-8.16,-74.42,UCAYALI,CORONEL PORTILLO,CALLERIA,11645.766871791395,185692.0,0,0,0
09/05/2025 03:11:54,3.4,12 Km,-13.51,-72.5,CUSCO,ANTA,LIMATAMBO,506.51401052865253,7468.0,0,0,2
08/05/2025 06:22:39,5.2,38 Km,-3.83,-80.82,TUMBES,CONTRALMIRANTE VILLAR,ZORRITOS,654.8809623201909,15127.0,0,0,0
07/05/2025 09:44:57,3.8,56 Km,-12.08,-77.27,,,,,,0,0,0
07/05/2025 08:14:23,3.6,21 Km,-11.56,-75.74,JUNIN,JAUJA,POMACANCHA,281.3271721976416,1127.0,0,0,0
07/05/2025 03:06:37,3.5,72 Km,-17.73,-70.81,TACNA,JORGE BASADRE,ITE,842.252395643569,3160.0,0,0,2
06/05/2025 03:24:26,3.5,12 Km,-15.66,-71.84,AREQUIPA,CAYLLOMA,CABANACONDE,462.305213456443,1997.0,3,0,1
05/05/2025 04:17:19,4.6,72 Km,-3.04,-80.11,,,,,,0,0,0
04/05/2025 12:38:50,3.6,12 Km,-14.21,-71.5,CUSCO,CANAS,YANAOCA,291.94156642197595,9226.0,0,0,2
04/05/2025 09:42:19,3.6,15 Km,-14.55,-72.65,APURIMAC,ANTABAMBA,OROPESA,1171.7343231923653,2074.0,0,0,0
03/05/2025 22:56:51,3.5,50 Km,-3.05,-80.85,,,,,,0,0,0
03/05/2025 18:41:02,3.8,13 Km,-10.86,-75.05,JUNIN,CHANCHAMAYO,PERENE,1490.023593821885,61010.0,0,0,0
03/05/2025 10:52:45,4.6,15 Km,-14.54,-72.66,APURIMAC,ANTABAMBA,ANTABAMBA,602.9183098972784,2537.0,0,0,0
03/05/2025 03:21:30,4.1,12 Km,-10.3,-75.69,PASCO,OXAPAMPA,HUANCABAMBA,1134.2161266660814,7240.0,0,0,0
03/05/2025 00:10:38,3.5,13 Km,-11.07,-74.69,JUNIN,SATIPO,RIO NEGRO,488.12967762954406,36675.0,0,0,0
02/05/2025 16:18:52,5.0,132 Km,-11.04,-76.65,LIMA,HUARAL,PACARAOS,305.6925185740406,1451.0,0,0,0
02/05/2025 14:37:05,3.6,18 Km,-6.41,-78.83,CAJAMARCA,CUTERVO,CUTERVO,432.33774645146406,50915.0,2,0,0
02/05/2025 10:06:52,4.6,112 Km,-3.83,-77.48,LORETO,DATEM DEL MARAÑON,MORONA,11043.901372452485,4042.0,0,0,0
02/05/2025 06:56:40,4.0,22 Km,-6.35,-75.83,SAN MARTIN,SAN MARTIN,EL PORVENIR,489.3106785861711,2697.0,0,0,0
01/05/2025 01:08:51,3.5,11 Km,-15.69,-71.92,AREQUIPA,CAYLLOMA,CABANACONDE,462.305213456443,1997.0,2,0,1
30/04/2025 18:53:54,4.0,157 Km,-7.32,-74.98,LORETO,UCAYALI,CONTAMANA,11003.035429161104,29867.0,0,0,1
30/04/2025 07:34:49,3.6,86 Km,-12.77,-76.54,LIMA,CAÑETE,ASIA,281.95509785736596,11909.0,3,1,1
30/04/2025 01:46:18,4.3,131 Km,-3.57,-77.8,AMAZONAS,CONDORCANQUI,RIO SANTIAGO,8088.7469214223365,19486.0,0,0,0
28/04/2025 09:02:48,3.6,13 Km,-11.36,-74.6,JUNIN,SATIPO,MAZAMARI,1258.0455892779898,46348.0,0,0,0
28/04/2025 08:33:46,3.7,25 Km,-15.68,-74.87,,,,,,0,0,0
27/04/2025 23:31:25,3.8,17 Km,-13.82,-69.7,PUNO,SANDIA,LIMBANI,2410.431633327387,2872.0,0,0,0
27/04/2025 15:13:55,4.3,99 Km,-14.41,-73.77,AYACUCHO,LUCANAS,CHIPAO,1155.7662855606534,2157.0,0,0,0
27/04/2025 04:38:38,4.5,168 Km,-8.38,-74.34,UCAYALI,CORONEL PORTILLO,CALLERIA,11645.766871791395,185692.0,0,0,0
26/04/2025 13:56:02,4.0,68 Km,-13.29,-76.24,LIMA,CAÑETE,SAN VICENTE DE CAÑETE,519.7274455310538,67627.0,2,0,0
26/04/2025 10:49:26,3.7,14 Km,-9.8,-75.59,HUANUCO,PUERTO INCA,CODO DEL POZUZO,3221.2599690701472,8857.0,0,0,0
25/04/2025 21:40:22,4.5,113 Km,-5.25,-79.43,PIURA,HUANCABAMBA,HUANCABAMBA,445.97014932538724,29268.0,5,0,2
25/04/2025 16:21:07,3.6,42 Km,-12.46,-76.98,,,,,,0,0,0
25/04/2025 14:24:59,4.4,37 Km,-9.49,-79.51,,,,,,0,0,0
25/04/2025 06:15:54,3.7,14 Km,-10.18,-75.7,PASCO,OXAPAMPA,POZUZO,716.0790748858549,3600.0,0,0,0
23/04/2025 12:34:58,3.6,15 Km,-11.72,-75.81,JUNIN,YAULI,CHACAPALPA,186.02047398859335,578.0,0,0,0
23/04/2025 05:24:37,4.5,18 Km,-4.05,-80.86,TUMBES,CONTRALMIRANTE VILLAR,CANOAS DE PUNTA SAL,631.7423134062946,9124.0,0,0,0
22/04/2025 05:44:39,3.6,26 Km,-4.02,-80.94,TUMBES,CONTRALMIRANTE VILLAR,CANOAS DE PUNTA SAL,631.7423134062946,9124.0,1,0,1
21/04/2025 19:35:25,4.3,22 Km,-9.43,-75.81,HUANUCO,PACHITEA,CHAGLLA,1077.98700106266,8791.0,0,0,0
21/04/2025 17:23:16,4.6,120 Km,-5.43,-76.28,LORETO,ALTO AMAZONAS,JEBEROS,4345.001022224411,4782.0,0,0,0
21/04/2025 05:13:45,4.0,59 Km,-14.22,-75.77,ICA,ICA,SANTIAGO,2767.922689745546,34224.0,5,0,2
20/04/2025 17:03:32,4.2,50 Km,-13.9,-75.83,ICA,ICA,SALAS,657.4482682832802,33472.0,0,0,3
19/04/2025 18:30:13,4.1,94 Km,-15.64,-74.13,AREQUIPA,CARAVELI,HUANUHUANU,705.1800850016543,3482.0,0,0,0
19/04/2025 06:56:12,5.3,141 Km,-9.41,-76.22,HUANUCO,LEONCIO PRADO,MARIANO DAMASO BERAUN,746.1763353545026,11549.0,0,0,0
19/04/2025 01:13:44,3.7,35 Km,-7.49,-79.96,,,,,,0,0,0
18/04/2025 21:20:15,5.0,115 Km,-3.52,-77.41,LORETO,DATEM DEL MARAÑON,MORONA,11043.901372452485,4042.0,0,0,0
18/04/2025 06:19:38,4.0,109 Km,-8.15,-75.94,SAN MARTIN,BELLAVISTA,ALTO BIAVO,5956.58747119889,10818.0,0,0,0
17/04/2025 05:10:55,3.5,56 Km,-12.42,-76.87,,,,,,1,1,3
15/04/2025 14:37:16,3.8,32 Km,-15.1,-75.13,ICA,NASCA,MARCONA,1943.8301700860184,20803.0,0,0,0
15/04/2025 11:20:41,3.5,16 Km,-9.92,-75.76,HUANUCO,PACHITEA,CHAGLLA,1077.98700106266,8791.0,0,0,0
15/04/2025 00:54:56,4.0,35 Km,-16.06,-74.6,,,,,,0,0,0
13/04/2025 19:35:05,3.6,16 Km,-8.18,-77.88,ANCASH,PALLASCA,PAMPAS,440.5956311230834,2721.0,2,0,1
13/04/2025 18:51:14,3.7,15 Km,-9.45,-77.62,ANCASH,HUARAZ,JANGAS,62.34051301867976,5366.0,14,1,2
13/04/2025 07:52:56,3.5,36 Km,-4.95,-80.81,PIURA,SULLANA,MIGUEL CHECA,480.8689150982453,10965.0,3,0,2
13/04/2025 03:03:29,3.5,34 Km,-12.6,-76.77,,,,,,0,1,0
12/04/2025 22:47:00,4.0,67 Km,-12.74,-76.86,,,,,,0,0,0
12/04/2025 20:58:59,4.0,137 Km,-8.78,-74.91,UCAYALI,CORONEL PORTILLO,CAMPOVERDE,1324.6762309011792,21999.0,0,0,0
12/04/2025 12:09:31,4.0,18 Km,-3.63,-80.72,,,,,,2,0,1
12/04/2025 10:52:56,3.5,17 Km,-15.13,-73.28,AYACUCHO,PAUCAR DEL SARA SARA,COLTA,248.12629147440387,329.0,0,0,0
12/04/2025 01:28:33,4.1,17 Km,-9.56,-75.62,HUANUCO,PUERTO INCA,CODO DEL POZUZO,3221.2599690701472,8857.0,0,0,0
10/04/2025 14:20:28,3.8,22 Km,-10.6,-75.35,PASCO,OXAPAMPA,OXAPAMPA,401.887863014689,18061.0,2,1,1
10/04/2025 12:13:14,4.2,85 Km,-13.62,-74.8,HUANCAVELICA,HUAYTARA,PILPICHACA,2177.7816332040456,2336.0,0,0,0
10/04/2025 02:38:07,3.6,45 Km,-12.7,-77.08,,,,,,0,0,0
10/04/2025 01:24:03,4.2,32 Km,-6.08,-75.71,LORETO,ALTO AMAZONAS,TENIENTE CESAR LOPEZ ROJAS,1319.7711555531403,6312.0,0,0,0
09/04/2025 21:55:05,4.0,40 Km,-15.1,-75.77,,,,,,0,0,0
09/04/2025 11:37:54,4.0,120 Km,-10.86,-76.64,LIMA,OYON,OYON,876.8061136413953,11799.0,0,0,0
09/04/2025 11:18:53,3.6,19 Km,-11.69,-74.37,JUNIN,SATIPO,PANGOA,4413.5081813320585,70079.0,0,0,0
09/04/2025 02:40:37,4.5,24 Km,-5.91,-81.74,,,,,,0,0,0
08/04/2025 22:07:32,4.1,129 Km,-6.91,-76.59,SAN MARTIN,BELLAVISTA,SAN PABLO,347.99517120809134,8595.0,0,0,0
08/04/2025 05:28:41,4.6,137 Km,-18.04,-69.89,TACNA,TACNA,TACNA,1919.688086384588,108210.0,0,0,0
08/04/2025 03:43:27,4.6,65 Km,-16.79,-72.67,,,,,,0,0,0
07/04/2025 20:34:33,3.6,13 Km,-9.07,-75.79,UCAYALI,PADRE ABAD,BOQUERON,548.764923770197,5750.0,0,0,0
07/04/2025 10:24:02,4.4,111 Km,-12.25,-76.31,LIMA,HUAROCHIRI,MARIATANA,168.50384696617508,1352.0,1,0,0
07/04/2025 07:17:14,4.2,32 Km,-5.22,-81.02,PIURA,PAITA,PAITA,707.9133323255332,113706.0,0,0,0
05/04/2025 06:39:42,3.6,8 Km,-16.76,-70.61,MOQUEGUA,MARISCAL NIETO,CUCHUMBAYA,69.16432060288568,648.0,4,0,2
05/04/2025 04:40:21,3.7,13 Km,-13.51,-71.83,CUSCO,CUSCO,SAN JERONIMO,95.81986835427679,81475.0,10,3,5
04/04/2025 18:59:49,4.0,21 Km,-14.53,-76.31,,,,,,0,0,0
03/04/2025 23:45:41,4.1,37 Km,-11.15,-78.17,,,,,,0,0,0
03/04/2025 20:37:05,4.5,108 Km,-16.33,-72.45,AREQUIPA,CASTILLA,URACA,693.8418156934608,6182.0,0,0,0
03/04/2025 08:03:47,4.1,37 Km,-15.18,-75.91,,,,,,0,0,0
03/04/2025 00:16:08,3.6,34 Km,-5.39,-80.93,PIURA,SECHURA,VICE,261.44468660519624,19717.0,0,0,0
01/04/2025 03:45:02,3.5,46 Km,-5.53,-80.82,PIURA,SECHURA,SECHURA,5677.977347816637,58157.0,6,1,1
31/03/2025 11:28:57,3.5,11 Km,-10.55,-75.43,PASCO,OXAPAMPA,CHONTABAMBA,437.57683479050365,7111.0,2,1,1
31/03/2025 09:03:52,3.5,9 Km,-15.75,-71.74,AREQUIPA,CAYLLOMA,ACHOMA,366.1901216924418,804.0,0,0,0
30/03/2025 23:50:25,4.4,119 Km,-11.14,-73.93,UCAYALI,ATALAYA,RAIMONDI,14539.205149323814,44287.0,0,0,0
30/03/2025 03:04:16,3.5,31 Km,-12.46,-76.98,,,,,,0,0,0
30/03/2025 00:43:18,3.6,34 Km,-16.51,-72.21,AREQUIPA,AREQUIPA,SANTA RITA DE SIGUAS,425.7889138584901,9168.0,0,0,0
29/03/2025 14:53:31,4.0,101 Km,-13.1,-75.8,ICA,CHINCHA,SAN PEDRO DE HUACARPANA,210.52252255655605,1162.0,0,0,0
29/03/2025 08:35:11,3.7,12 Km,-12.75,-73.32,CUSCO,LA CONVENCION,KUMPIRUSHIATO,2940.4302852430787,5567.0,0,0,0
29/03/2025 03:36:13,4.0,38 Km,-4.81,-76.47,LORETO,DATEM DEL MARAÑON,PASTAZA,9100.182512461359,6058.0,0,0,1
28/03/2025 09:50:51,3.6,16 Km,-11.29,-73.31,UCAYALI,ATALAYA,SEPAHUA,7737.011857838997,8858.0,0,0,0
28/03/2025 06:24:27,3.6,59 Km,-12.27,-76.88,LIMA,LIMA,LURIN,188.38831019568553,120575.0,19,4,11
28/03/2025 05:45:11,3.5,62 Km,-11.97,-77.33,,,,,,0,0,0
27/03/2025 20:13:58,3.5,11 Km,-5.78,-78.69,AMAZONAS,UTCUBAMBA,CUMBA,301.8352909413412,8361.0,0,0,1
27/03/2025 07:48:56,4.0,39 Km,-13.57,-77.08,,,,,,0,0,0
27/03/2025 02:12:07,4.1,208 Km,-16.18,-69.81,PUNO,PUNO,ACORA,1929.806047368683,19579.0,0,0,0
26/03/2025 13:39:21,4.0,129 Km,-9.88,-74.99,PASCO,OXAPAMPA,CONSTITUCION,3050.8103885859873,18784.0,0,0,1
26/03/2025 08:28:01,5.0,110 Km,-6.04,-75.23,LORETO,REQUENA,PUINAHUA,6281.096682979537,4293.0,0,0,0
26/03/2025 05:06:35,4.4,127 Km,-11.1,-75.14,JUNIN,CHANCHAMAYO,PERENE,1490.023593821885,61010.0,0,0,0
26/03/2025 04:29:36,4.0,116 Km,-16.29,-72.45,AREQUIPA,CASTILLA,URACA,693.8418156934608,6182.0,1,0,1
25/03/2025 17:55:51,5.5,95 Km,-20.31,-69.35,,,,,,0,0,0
25/03/2025 05:18:02,4.0,29 Km,-4.71,-77.88,AMAZONAS,CONDORCANQUI,NIEVA,4190.023558679058,19256.0,0,0,0
24/03/2025 18:52:45,4.0,72 Km,-14.71,-75.74,ICA,ICA,SANTIAGO,2767.922689745546,34224.0,0,0,0
23/03/2025 22:59:59,3.8,101 Km,-11.96,-76.37,LIMA,HUAROCHIRI,SAN DAMIAN,333.4814851434109,1026.0,0,0,1
23/03/2025 10:32:35,4.1,15 Km,-5.98,-76.65,LORETO,ALTO AMAZONAS,BALSAPUERTO,3003.7284807880064,17826.0,0,0,0
22/03/2025 11:55:57,3.6,11 Km,-10.03,-75.65,HUANUCO,PACHITEA,PANAO,1609.1340808707403,17175.0,0,0,0
22/03/2025 02:49:37,3.9,52 Km,-3.11,-80.83,,,,,,0,0,0
22/03/2025 00:14:18,3.5,52 Km,-12.13,-77.03,LIMA,LIMA,MIRAFLORES,9.181773811488393,120252.0,239,26,62
21/03/2025 22:31:53,3.6,28 Km,-16.02,-74.41,,,,,,0,0,0
21/03/2025 18:45:03,3.8,20 Km,-5.34,-78.65,CAJAMARCA,SAN IGNACIO,HUARANGO,910.6756375202903,17260.0,0,0,0
21/03/2025 11:26:17,4.1,29 Km,-7.48,-79.96,,,,,,0,0,0
20/03/2025 20:04:16,4.4,11 Km,-15.77,-71.76,AREQUIPA,CAYLLOMA,ACHOMA,366.1901216924418,804.0,0,0,0
20/03/2025 16:40:27,3.7,12 Km,-16.16,-70.52,MOQUEGUA,GENERAL SANCHEZ CERRO,ICHUÑA,1003.869801819972,2732.0,1,0,1
20/03/2025 13:16:03,3.6,10 Km,-16.78,-71.47,AREQUIPA,ISLAY,COCACHACRA,1553.6412565678545,8187.0,0,0,0
20/03/2025 09:04:23,3.7,46 Km,-11.76,-77.62,,,,,,0,0,0
19/03/2025 01:02:13,3.9,77 Km,-11.79,-77.24,,,,,,7,2,3
18/03/2025 05:50:36,4.6,26 Km,-8.81,-75.76,UCAYALI,PADRE ABAD,PADRE ABAD,3573.6205002163974,32586.0,0,0,0
18/03/2025 03:18:55,4.4,132 Km,-8.36,-75.09,UCAYALI,PADRE ABAD,CURIMANA,1877.6509837698943,12000.0,0,0,0
17/03/2025 21:17:01,3.9,28 Km,-15.78,-74.6,,,,,,0,0,0
17/03/2025 18:09:10,4.2,24 Km,-15.55,-75.53,,,,,,0,0,0
17/03/2025 18:05:13,4.3,47 Km,-16.28,-73.2,AREQUIPA,CARAVELI,ATICO,3093.302390518557,6639.0,0,0,0
17/03/2025 11:25:11,3.6,53 Km,-5.78,-80.31,PIURA,SECHURA,SECHURA,5677.977347816637,58157.0,0,0,0
17/03/2025 02:35:03,3.8,53 Km,-12.23,-77.25,,,,,,0,0,0
16/03/2025 00:20:53,3.6,25 Km,-13.72,-69.89,PUNO,CARABAYA,ITUATA,1265.4789670366638,9451.0,0,0,0
15/03/2025 21:20:53,4.3,84 Km,-16.09,-73.3,AREQUIPA,CARAVELI,ATICO,3093.302390518557,6639.0,0,0,0
14/03/2025 01:06:11,4.0,150 Km,-17.81,-69.85,TACNA,TACNA,PALCA,1462.9568465577868,2623.0,0,0,0
13/03/2025 23:04:40,4.8,88 Km,-14.02,-72.92,APURIMAC,ABANCAY,CIRCA,634.5587696668105,1714.0,0,0,0
13/03/2025 04:54:26,4.0,39 Km,-17.6,-72.43,,,,,,0,0,0
12/03/2025 10:14:19,4.8,181 Km,-8.47,-74.34,UCAYALI,CORONEL PORTILLO,CALLERIA,11645.766871791395,185692.0,0,0,0
12/03/2025 07:15:49,3.5,17 Km,-8.12,-78.12,LA LIBERTAD,SANTIAGO DE CHUCO,SANTA CRUZ DE CHUCA,167.96886615314355,2994.0,1,0,0
11/03/2025 17:01:19,3.5,43 Km,-5.3,-80.95,PIURA,PIURA,LA UNION,321.4019978244722,46764.0,0,0,0
11/03/2025 09:36:17,4.5,148 Km,-8.66,-74.67,HUANUCO,PUERTO INCA,HONORIA,948.5424258598349,4408.0,0,0,0
11/03/2025 09:07:55,5.3,622 Km,-10.56,-70.83,MADRE DE DIOS,TAHUAMANU,IÑAPARI,13885.325961333407,3632.0,0,0,0
09/03/2025 11:49:49,4.3,110 Km,-12.99,-75.28,HUANCAVELICA,CASTROVIRREYNA,CASTROVIRREYNA,922.0101181893966,2912.0,0,0,0
09/03/2025 06:06:41,4.1,10 Km,-5.47,-77.36,LORETO,DATEM DEL MARAÑON,BARRANCA,7390.874928637884,16939.0,0,0,0
09/03/2025 06:02:56,4.0,21 Km,-18.43,-71.46,,,,,,0,0,0
09/03/2025 03:06:32,4.8,113 Km,-18.2,-70.28,TACNA,TACNA,TACNA,1919.688086384588,108210.0,0,0,0
09/03/2025 02:37:44,3.6,22 Km,-16.04,-74.4,,,,,,0,0,0
08/03/2025 22:05:46,3.5,12 Km,-11.96,-75.0,JUNIN,HUANCAYO,HUANCAYO,226.67626407379532,126618.0,0,0,0
08/03/2025 18:55:02,3.8,13 Km,-9.82,-75.56,HUANUCO,PUERTO INCA,CODO DEL POZUZO,3221.2599690701472,8857.0,0,0,0
07/03/2025 22:47:44,3.5,58 Km,-12.96,-76.7,,,,,,0,0,0
07/03/2025 19:13:31,4.7,152 Km,-17.75,-69.68,,,,,,0,0,0
07/03/2025 07:17:48,5.0,130 Km,-14.57,-72.15,CUSCO,CHUMBIVILCAS,SANTO TOMAS,1907.5292381126417,22541.0,0,0,0
06/03/2025 13:13:35,4.0,35 Km,-17.97,-71.86,,,,,,0,0,0
05/03/2025 23:02:20,4.7,115 Km,-15.43,-74.05,AREQUIPA,CARAVELI,HUANUHUANU,705.1800850016543,3482.0,0,0,0
05/03/2025 10:39:16,3.7,12 Km,-16.84,-71.5,AREQUIPA,ISLAY,COCACHACRA,1553.6412565678545,8187.0,0,0,0
05/03/2025 09:31:37,3.5,13 Km,-5.19,-79.16,CAJAMARCA,SAN IGNACIO,NAMBALLE,635.682209116982,9517.0,0,0,0
05/03/2025 09:19:55,4.0,57 Km,-14.56,-75.48,ICA,ICA,SANTIAGO,2767.922689745546,34224.0,0,0,0
05/03/2025 07:10:27,4.0,27 Km,-8.93,-80.16,,,,,,0,0,0
05/03/2025 02:36:38,4.7,146 Km,-7.98,-74.68,UCAYALI,CORONEL PORTILLO,NUEVA REQUENA,2059.982910936714,5984.0,0,0,0
04/03/2025 08:22:02,4.3,135 Km,-9.56,-76.02,HUANUCO,HUANUCO,CHINCHAO,806.3725085222776,12478.0,0,0,0
03/03/2025 13:20:02,4.4,22 Km,-14.29,-76.62,,,,,,0,0,0
03/03/2025 13:11:08,3.5,32 Km,-4.87,-81.46,,,,,,0,0,0
03/03/2025 12:54:04,4.1,168 Km,-17.1,-69.71,PUNO,EL COLLAO,CAPAZO,1048.672808297165,909.0,0,0,0
03/03/2025 12:20:15,3.5,39 Km,-12.48,-77.04,,,,,,0,0,0
03/03/2025 10:18:31,5.0,34 Km,-12.51,-77.11,,,,,,0,0,0
03/03/2025 07:30:50,3.5,50 Km,-12.47,-77.03,,,,,,0,0,0
03/03/2025 04:30:08,4.2,182 Km,-17.07,-70.11,TACNA,CANDARAVE,CANDARAVE,1389.0982243705678,2306.0,0,0,0
02/03/2025 08:58:18,3.5,46 Km,-12.64,-76.78,,,,,,0,0,0
02/03/2025 08:22:09,3.4,8 Km,-15.7,-71.71,AREQUIPA,CAYLLOMA,ACHOMA,366.1901216924418,804.0,1,0,0
02/03/2025 07:36:43,3.6,37 Km,-12.67,-76.89,,,,,,0,0,0
02/03/2025 06:02:04,4.5,67 Km,-14.29,-75.8,ICA,ICA,OCUCAJE,1399.7877454209577,5893.0,0,0,0
01/03/2025 23:35:27,3.6,43 Km,-15.23,-75.79,,,,,,0,0,0
28/02/2025 23:29:11,3.5,101 Km,-11.68,-76.73,LIMA,CANTA,ARAHUAY,135.2715557061614,549.0,0,0,0
28/02/2025 09:10:40,3.7,38 Km,-11.08,-78.1,,,,,,0,0,0
27/02/2025 22:45:27,4.2,41 Km,-16.67,-72.38,AREQUIPA,CAMANA,QUILCA,897.152176474595,1169.0,0,0,1
27/02/2025 06:32:16,4.0,38 Km,-9.77,-78.75,,,,,,0,0,0
27/02/2025 03:27:44,3.5,18 Km,-5.74,-78.69,CAJAMARCA,JAEN,BELLAVISTA,869.4847753804847,16507.0,0,0,1
27/02/2025 03:05:25,4.2,49 Km,-4.28,-80.58,PIURA,SULLANA,LANCONES,2153.5395627277157,13395.0,0,0,1
27/02/2025 00:25:01,3.8,21 Km,-6.55,-76.28,SAN MARTIN,SAN MARTIN,SHAPAJA,237.66784402904284,2138.0,4,0,4
26/02/2025 23:48:47,3.6,69 Km,-11.76,-77.53,,,,,,0,0,0
26/02/2025 20:30:30,4.3,30 Km,-14.27,-77.3,,,,,,0,0,0
26/02/2025 19:42:39,3.5,58 Km,-11.71,-77.4,,,,,,0,0,0
26/02/2025 03:21:37,3.5,22 Km,-15.24,-70.95,PUNO,LAMPA,OCUVIRI,883.4141730944201,2112.0,0,0,0
25/02/2025 08:00:46,3.5,28 Km,-11.26,-74.7,JUNIN,SATIPO,SATIPO,815.0776898883915,44313.0,2,1,1
25/02/2025 05:25:03,4.6,32 Km,-11.24,-74.7,JUNIN,SATIPO,SATIPO,815.0776898883915,44313.0,2,1,1
25/02/2025 00:40:56,4.5,18 Km,-12.11,-71.63,MADRE DE DIOS,MANU,MANU,8718.108137193523,2242.0,0,0,0
23/02/2025 02:25:15,5.2,45 Km,-1.07,-77.54,,,,,,0,0,0
23/02/2025 01:55:49,4.2,120 Km,-2.88,-75.25,LORETO,LORETO,TIGRE,20113.783761806637,7686.0,0,0,0
21/02/2025 20:06:49,4.2,37 Km,-3.95,-80.81,TUMBES,CONTRALMIRANTE VILLAR,CANOAS DE PUNTA SAL,631.7423134062946,9124.0,0,0,0
21/02/2025 17:52:09,4.4,105 Km,-3.72,-79.04,,,,,,0,0,0
20/02/2025 21:03:25,4.1,112 Km,-11.3,-76.53,LIMA,HUARAL,ATAVILLOS ALTO,345.1368121734232,622.0,0,0,0
20/02/2025 14:00:07,3.6,10 Km,-15.81,-71.72,AREQUIPA,CAYLLOMA,ACHOMA,366.1901216924418,804.0,0,0,0
20/02/2025 05:33:23,3.8,32 Km,-5.41,-80.32,PIURA,PIURA,CATACAOS,2286.493456862807,84928.0,0,0,0
20/02/2025 03:51:07,4.0,36 Km,-16.32,-73.64,,,,,,0,0,0
20/02/2025 01:22:05,4.8,115 Km,-19.7,-69.96,,,,,,0,0,0
18/02/2025 12:00:49,5.1,102 Km,-11.31,-74.76,JUNIN,SATIPO,PAMPA HERMOSA,950.0033526121581,2937.0,0,0,0
18/02/2025 11:02:39,3.7,79 Km,-15.85,-73.33,AREQUIPA,CARAVELI,CARAVELI,754.0785485414922,4454.0,1,0,1
18/02/2025 04:08:46,4.9,110 Km,-10.95,-77.1,LIMA,OYON,COCHAMARCA,258.60014510012934,916.0,0,0,0
17/02/2025 11:34:09,4.3,251 Km,-15.87,-69.41,,,,,,0,0,0
17/02/2025 08:33:16,4.0,122 Km,-7.7,-75.67,LORETO,UCAYALI,CONTAMANA,11003.035429161104,29867.0,0,0,0
17/02/2025 01:04:03,4.5,36 Km,-15.97,-74.59,,,,,,0,0,0
16/02/2025 23:30:54,5.4,22 Km,-16.12,-75.12,,,,,,0,0,0
16/02/2025 21:13:18,3.7,42 Km,-11.42,-78.02,,,,,,0,0,0
16/02/2025 16:00:56,4.7,78 Km,-19.45,-69.79,,,,,,0,0,0
15/02/2025 23:49:28,4.5,18 Km,-3.66,-80.85,,,,,,0,0,1
14/02/2025 18:20:04,4.2,128 Km,-6.24,-76.68,SAN MARTIN,LAMAS,TABALOSOS,361.9623828856754,15127.0,0,0,0
14/02/2025 15:02:33,3.5,59 Km,-12.68,-76.61,LIMA,CAÑETE,MALA,131.14352088959382,36780.0,3,1,1
14/02/2025 00:41:20,3.7,53 Km,-12.58,-76.73,,,,,,0,2,1
13/02/2025 22:50:57,3.6,15 Km,-9.81,-77.29,ANCASH,RECUAY,CATAC,1025.3573411152554,3832.0,0,0,0
13/02/2025 19:51:30,3.8,33 Km,-3.26,-80.3,,,,,,0,0,0
13/02/2025 13:59:52,3.5,12 Km,-7.83,-77.98,LA LIBERTAD,SANCHEZ CARRION,CURGOS,98.39334590455412,8981.0,1,0,0
13/02/2025 10:04:07,5.3,68 Km,-15.59,-74.33,AREQUIPA,CARAVELI,YAUCA,542.9387821183575,2145.0,0,0,0
13/02/2025 04:36:17,4.2,30 Km,-10.16,-78.95,,,,,,0,0,0
13/02/2025 03:58:44,3.8,29 Km,-4.42,-77.72,AMAZONAS,CONDORCANQUI,NIEVA,4190.023558679058,19256.0,0,0,0
12/02/2025 07:48:24,3.5,60 Km,-11.31,-77.82,,,,,,0,0,0
12/02/2025 02:10:44,3.6,9 Km,-15.78,-71.8,AREQUIPA,CAYLLOMA,MACA,237.26286538445896,660.0,0,0,0
12/02/2025 01:32:08,3.2,20 Km,-15.69,-72.02,AREQUIPA,CAYLLOMA,CABANACONDE,462.305213456443,1997.0,1,0,3
11/02/2025 22:26:33,4.2,16 Km,-11.76,-73.02,CUSCO,LA CONVENCION,MEGANTONI,10713.82473732827,7335.0,0,0,1
11/02/2025 19:58:51,4.5,178 Km,-2.67,-76.7,LORETO,DATEM DEL MARAÑON,ANDOAS,11788.441725974673,17102.0,0,0,0
11/02/2025 13:43:07,4.2,18 Km,-16.73,-70.2,MOQUEGUA,MARISCAL NIETO,CARUMAS,2275.7527968803915,2065.0,0,0,0
10/02/2025 21:00:27,4.5,119 Km,-18.36,-70.03,,,,,,0,0,0
10/02/2025 20:44:08,3.5,20 Km,-13.6,-72.65,APURIMAC,ABANCAY,CURAHUASI,860.4410732722076,17018.0,2,1,0
10/02/2025 02:06:08,4.1,30 Km,-2.77,-79.91,,,,,,0,0,0
09/02/2025 00:41:59,4.2,166 Km,-2.28,-77.66,,,,,,0,0,0
08/02/2025 21:17:05,5.1,27 Km,-16.31,-73.81,,,,,,0,0,0
08/02/2025 15:42:04,3.7,17 Km,-16.69,-71.33,AREQUIPA,AREQUIPA,POLOBAYA,399.12609982044626,672.0,1,0,0
08/02/2025 09:12:54,3.9,100 Km,-4.77,-79.76,PIURA,AYABACA,PACAIPAMPA,968.3894601667479,22870.0,0,0,0
08/02/2025 05:23:45,3.5,17 Km,-13.78,-71.92,CUSCO,PARURO,PACCARITAMBO,142.33084986859654,2033.0,0,0,1
07/02/2025 09:30:14,4.1,156 Km,-8.5,-76.31,SAN MARTIN,TOCACHE,NUEVO PROGRESO,824.6433710375615,13071.0,0,0,0
07/02/2025 02:24:44,4.0,193 Km,-15.75,-69.91,,,,,,0,0,0
07/02/2025 01:28:12,4.3,201 Km,-15.61,-70.73,PUNO,LAMPA,SANTA LUCIA,1595.2796984668987,6997.0,0,0,0
06/02/2025 16:53:36,3.8,32 Km,-5.74,-78.72,CAJAMARCA,JAEN,BELLAVISTA,869.4847753804847,16507.0,2,0,1
06/02/2025 14:26:24,4.2,151 Km,-2.09,-77.56,,,,,,0,0,0
06/02/2025 03:52:06,3.8,46 Km,-13.26,-76.85,,,,,,0,0,0
06/02/2025 01:02:58,3.9,129 Km,-18.28,-69.97,,,,,,0,0,0
06/02/2025 01:00:25,4.0,89 Km,-12.92,-76.34,LIMA,CAÑETE,QUILMANA,449.0001003055895,17285.0,1,0,1
05/02/2025 11:21:26,4.1,29 Km,-15.9,-74.7,,,,,,0,0,0
05/02/2025 09:59:23,3.5,18 Km,-4.11,-80.82,TUMBES,CONTRALMIRANTE VILLAR,CASITAS,863.3349161615419,2867.0,0,0,0
05/02/2025 03:54:57,4.2,33 Km,-4.08,-80.86,TUMBES,CONTRALMIRANTE VILLAR,CANOAS DE PUNTA SAL,631.7423134062946,9124.0,0,0,0
04/02/2025 14:26:54,3.6,10 Km,-15.54,-71.84,AREQUIPA,CAYLLOMA,MADRIGAL,159.5505301877042,643.0,3,0,1
04/02/2025 09:53:29,4.6,85 Km,-15.23,-74.64,AREQUIPA,CARAVELI,ACARI,1156.6737277356124,4112.0,0,0,0
04/02/2025 09:01:03,4.7,141 Km,-9.04,-74.94,HUANUCO,PUERTO INCA,TOURNAVISTA,1739.5610777174197,6909.0,0,0,0
04/02/2025 04:12:02,4.0,35 Km,-5.83,-77.27,SAN MARTIN,RIOJA,SAN FERNANDO,69.17108092018024,3619.0,0,0,0
04/02/2025 02:45:11,5.1,91 Km,-3.68,-79.94,,,,,,0,0,0
03/02/2025 21:26:35,4.0,43 Km,-3.23,-80.64,,,,,,0,0,0
03/02/2025 06:01:42,3.5,28 Km,-12.75,-77.21,,,,,,0,0,0
02/02/2025 08:03:23,3.8,14 Km,-9.64,-75.72,HUANUCO,PACHITEA,CHAGLLA,1077.98700106266,8791.0,0,0,0
02/02/2025 01:47:03,3.9,58 Km,-6.26,-80.13,LAMBAYEQUE,LAMBAYEQUE,OLMOS,5721.937851175903,59666.0,0,0,0
01/02/2025 15:27:24,4.4,124 Km,-18.26,-69.88,,,,,,0,0,0
01/02/2025 04:03:27,3.8,46 Km,-12.44,-77.13,,,,,,0,0,0
01/02/2025 03:00:14,3.6,27 Km,-9.14,-75.69,UCAYALI,PADRE ABAD,PADRE ABAD,3573.6205002163974,32586.0,0,0,0
31/01/2025 22:49:33,3.5,55 Km,-11.63,-77.36,,,,,,2,0,1
31/01/2025 14:09:44,4.3,16 Km,-10.67,-75.43,PASCO,OXAPAMPA,CHONTABAMBA,437.57683479050365,7111.0,0,0,0
31/01/2025 12:15:08,3.5,34 Km,-13.83,-71.9,CUSCO,PARURO,PACCARITAMBO,142.33084986859654,2033.0,0,0,2
29/01/2025 05:48:52,3.8,40 Km,-3.84,-80.5,TUMBES,TUMBES,SAN JACINTO,590.7935936286714,9188.0,0,0,0
28/01/2025 23:11:21,4.8,114 Km,-11.41,-74.8,JUNIN,SATIPO,PAMPA HERMOSA,950.0033526121581,2937.0,0,0,0
28/01/2025 02:40:29,3.9,58 Km,-12.94,-76.69,,,,,,0,0,0
28/01/2025 00:09:28,5.1,18 Km,-14.47,-76.43,,,,,,0,0,0
27/01/2025 21:54:46,4.0,148 Km,-14.98,-71.69,CUSCO,ESPINAR,SUYCKUTAMBO,629.2923203380552,1258.0,1,0,0
27/01/2025 18:51:50,3.8,11 Km,-8.0,-78.09,LA LIBERTAD,SANTIAGO DE CHUCO,CACHICADAN,270.47397379029076,5507.0,0,0,0
27/01/2025 12:40:12,4.1,38 Km,-10.69,-78.71,,,,,,0,0,0
27/01/2025 10:28:35,3.7,49 Km,-11.66,-77.49,,,,,,0,0,0
27/01/2025 03:33:34,3.5,45 Km,-9.76,-78.71,,,,,,0,0,0
26/01/2025 20:20:48,3.7,34 Km,-12.78,-77.29,,,,,,0,0,0
26/01/2025 10:32:44,4.0,32 Km,-14.7,-76.31,,,,,,0,0,0
25/01/2025 20:54:31,3.5,61 Km,-12.49,-76.66,LIMA,CAÑETE,CHILCA,483.2526256283216,28336.0,1,1,0
25/01/2025 04:14:52,4.0,138 Km,-17.78,-69.79,,,,,,0,0,0
24/01/2025 17:52:16,3.5,26 Km,-5.63,-78.82,CAJAMARCA,JAEN,LAS PIRIAS,65.53255336455085,4683.0,2,1,0
24/01/2025 11:19:05,4.9,135 Km,-18.26,-69.6,,,,,,0,0,1
24/01/2025 05:39:04,3.7,42 Km,-12.7,-76.92,,,,,,0,0,0
23/01/2025 11:17:25,3.7,40 Km,-17.62,-71.88,,,,,,0,0,0
23/01/2025 08:54:49,4.2,45 Km,-9.81,-78.79,,,,,,0,0,0
22/01/2025 12:37:33,3.8,28 Km,-11.86,-78.59,,,,,,0,0,0
21/01/2025 05:45:11,3.6,52 Km,-9.6,-78.43,,,,,,0,0,0
21/01/2025 03:51:21,4.3,111 Km,-4.88,-76.49,LORETO,DATEM DEL MARAÑON,BARRANCA,7390.874928637884,16939.0,0,0,1
21/01/2025 02:21:47,3.5,13 Km,-11.95,-75.04,JUNIN,HUANCAYO,HUANCAYO,226.67626407379532,126618.0,0,0,0
20/01/2025 21:38:58,3.7,30 Km,-14.81,-76.16,,,,,,0,0,0
20/01/2025 20:46:09,3.8,30 Km,-3.79,-80.58,TUMBES,CONTRALMIRANTE VILLAR,ZORRITOS,654.8809623201909,15127.0,0,0,0
19/01/2025 22:53:29,4.3,128 Km,-10.89,-73.75,JUNIN,SATIPO,RIO TAMBO,10209.912281380044,27735.0,0,0,0
19/01/2025 20:52:54,3.5,12 Km,-13.8,-73.09,APURIMAC,ABANCAY,PICHIRHUA,373.88910579848095,2158.0,0,0,1
19/01/2025 03:41:30,3.5,73 Km,-11.41,-77.55,,,,,,0,0,0
19/01/2025 02:16:37,3.5,10 Km,-13.58,-72.87,APURIMAC,ABANCAY,TAMBURCO,54.59653830515461,12624.0,4,2,7
18/01/2025 10:57:39,3.7,48 Km,-9.39,-79.19,,,,,,0,0,0
18/01/2025 09:14:44,4.7,18 Km,-16.32,-74.51,,,,,,0,0,0
18/01/2025 04:09:15,3.5,11 Km,-11.91,-74.95,JUNIN,HUANCAYO,PARIAHUANCA,580.3479018132505,4431.0,0,0,0
17/01/2025 21:18:59,4.0,220 Km,-16.63,-69.3,PUNO,CHUCUITO,HUACULLANI,632.2421371447032,7223.0,0,0,1
17/01/2025 15:39:40,4.0,172 Km,-17.74,-69.92,TACNA,TACNA,PALCA,1462.9568465577868,2623.0,1,0,0
17/01/2025 07:54:34,4.1,16 Km,-3.54,-80.76,,,,,,0,0,0
17/01/2025 03:58:30,3.9,18 Km,-3.53,-80.6,,,,,,0,0,1
15/01/2025 08:35:23,3.5,15 Km,-16.74,-71.55,AREQUIPA,ISLAY,COCACHACRA,1553.6412565678545,8187.0,0,0,0
15/01/2025 02:09:10,3.8,37 Km,-15.82,-74.66,,,,,,0,0,0
14/01/2025 21:54:21,3.7,37 Km,-3.76,-80.41,TUMBES,TUMBES,PAMPAS DE HOSPITAL,731.530661873473,7792.0,1,0,1
14/01/2025 15:01:10,4.3,49 Km,-16.13,-73.47,AREQUIPA,CARAVELI,ATICO,3093.302390518557,6639.0,0,0,0
14/01/2025 04:15:57,4.0,34 Km,-9.71,-79.11,,,,,,0,0,0
13/01/2025 19:23:28,4.8,98 Km,-20.25,-69.26,,,,,,0,0,0
12/01/2025 21:20:52,5.0,110 Km,-2.29,-79.87,,,,,,27,11,2
12/01/2025 17:25:03,3.7,24 Km,-8.13,-78.09,LA LIBERTAD,SANTIAGO DE CHUCO,SANTA CRUZ DE CHUCA,167.96886615314355,2994.0,1,0,0
12/01/2025 13:47:52,3.4,20 Km,-16.55,-71.61,AREQUIPA,AREQUIPA,YARABAMBA,486.8475301150486,1797.0,1,0,1
12/01/2025 11:35:04,4.3,65 Km,-17.58,-70.92,MOQUEGUA,MARISCAL NIETO,MOQUEGUA,3496.5014394191817,49643.0,0,0,2
12/01/2025 03:38:38,4.0,136 Km,-8.71,-74.77,HUANUCO,PUERTO INCA,HONORIA,948.5424258598349,4408.0,0,0,0
11/01/2025 14:25:39,3.5,67 Km,-9.06,-78.71,,,,,,0,0,0
11/01/2025 09:45:39,3.9,35 Km,-5.93,-81.28,,,,,,0,0,0
11/01/2025 06:53:57,4.1,98 Km,-11.16,-76.95,LIMA,HUARAL,IHUARI,474.2878544537301,1858.0,0,0,0
10/01/2025 01:18:15,3.6,44 Km,-12.56,-76.88,,,,,,1,0,1
08/01/2025 15:00:03,4.3,27 Km,-6.49,-81.62,,,,,,0,0,0
08/01/2025 13:03:15,3.4,17 Km,-15.63,-72.02,AREQUIPA,CAYLLOMA,CABANACONDE,462.305213456443,1997.0,1,0,1
08/01/2025 12:41:58,3.7,11 Km,-15.69,-71.99,AREQUIPA,CAYLLOMA,CABANACONDE,462.305213456443,1997.0,1,0,1
08/01/2025 12:41:29,4.1,21 Km,-8.71,-80.27,,,,,,0,0,0
08/01/2025 07:02:55,3.6,20 Km,-17.15,-70.67,MOQUEGUA,MARISCAL NIETO,TORATA,1776.5735886061047,6658.0,0,0,0
07/01/2025 21:52:25,4.0,113 Km,-8.83,-74.81,HUANUCO,PUERTO INCA,HONORIA,948.5424258598349,4408.0,0,0,0
07/01/2025 14:42:11,3.6,20 Km,-8.32,-76.48,SAN MARTIN,TOCACHE,SANTA LUCIA,268.27874108439556,6122.0,0,0,0
07/01/2025 02:19:38,3.8,40 Km,-4.56,-80.8,PIURA,SULLANA,MARCAVELICA,1662.4805053918735,33956.0,0,0,0
06/01/2025 22:37:32,5.0,151 Km,-2.32,-77.7,,,,,,0,0,0
06/01/2025 16:18:51,4.6,28 Km,-9.92,-80.08,,,,,,0,0,0
06/01/2025 08:50:51,3.7,13 Km,-10.98,-75.3,JUNIN,CHANCHAMAYO,CHANCHAMAYO,738.502217166082,29775.0,2,2,0
06/01/2025 03:54:49,4.0,22 Km,-15.21,-75.89,,,,,,0,0,0
05/01/2025 11:31:08,3.8,14 Km,-5.97,-76.64,LORETO,ALTO AMAZONAS,BALSAPUERTO,3003.7284807880064,17826.0,0,0,0
05/01/2025 04:56:49,3.6,42 Km,-11.9,-77.5,,,,,,0,0,0
05/01/2025 03:48:16,4.1,126 Km,-14.9,-73.61,AYACUCHO,PARINACOCHAS,CORACORA,1387.9643170964926,12618.0,0,0,0
05/01/2025 03:19:52,4.0,51 Km,-4.18,-80.41,,,,,,0,0,0
03/01/2025 23:59:47,4.0,190 Km,-16.84,-69.7,PUNO,EL COLLAO,SANTA ROSA,2712.1339805846847,2432.0,0,0,0
03/01/2025 19:32:51,3.5,45 Km,-11.41,-77.65,,,,,,0,0,0
02/01/2025 20:02:48,4.4,27 Km,-15.37,-76.07,,,,,,0,0,0
02/01/2025 14:08:14,4.0,27 Km,-15.05,-76.29,,,,,,0,0,0
01/01/2025 23:36:08,3.6,17 Km,-13.7,-71.86,CUSCO,PARURO,PARURO,152.99238671393073,3481.0,0,0,2
01/01/2025 13:32:01,4.4,94 Km,-13.34,-75.01,HUANCAVELICA,HUAYTARA,PILPICHACA,2177.7816332040456,2336.0,0,0,0
01/01/2025 12:08:29,4.0,32 Km,-4.86,-80.86,PIURA,SULLANA,IGNACIO ESCUDERO,189.67792824819392,22714.0,6,0,2
31/12/2024 18:43:50,3.8,10 Km,-8.12,-77.92,LA LIBERTAD,SANTIAGO DE CHUCO,MOLLEPATA,69.12350649917866,2363.0,1,0,1
31/12/2024 14:07:16,4.0,35 Km,-4.89,-80.81,PIURA,SULLANA,MIGUEL CHECA,480.8689150982453,10849.0,6,0,3
31/12/2024 08:43:00,3.7,16 Km,-8.13,-77.93,LA LIBERTAD,SANTIAGO DE CHUCO,MOLLEPATA,69.12350649917866,2363.0,1,0,1
31/12/2024 01:37:24,4.1,18 Km,-12.89,-74.0,AYACUCHO,LA MAR,TAMBO,309.0100186341446,7032.0,0,0,0
30/12/2024 21:57:21,4.6,25 Km,-15.86,-75.56,,,,,,0,0,0
30/12/2024 04:51:12,4.0,50 Km,-16.18,-73.49,AREQUIPA,CARAVELI,ATICO,3093.302390518557,6521.0,0,0,0
29/12/2024 19:35:08,4.1,34 Km,-6.96,-80.6,,,,,,0,0,0
29/12/2024 04:16:13,4.3,16 Km,-8.48,-80.04,,,,,,0,0,0
28/12/2024 13:21:48,4.0,49 Km,-14.9,-75.45,ICA,ICA,SANTIAGO,2767.922689745546,33558.0,0,0,0
27/12/2024 01:39:22,4.2,118 Km,-11.72,-75.87,JUNIN,YAULI,CHACAPALPA,186.02047398859335,594.0,0,0,0
27/12/2024 00:20:21,4.0,38 Km,-13.94,-76.03,ICA,ICA,SALAS,657.4482682832802,32864.0,0,0,0
26/12/2024 12:12:18,4.2,24 Km,-18.56,-71.42,,,,,,0,0,0
25/12/2024 09:47:23,3.9,17 Km,-9.48,-75.84,HUANUCO,PACHITEA,CHAGLLA,1077.98700106266,9093.0,0,0,0
25/12/2024 00:27:25,3.5,19 Km,-8.54,-77.54,ANCASH,SIHUAS,HUAYLLABAMBA,276.90936168826187,3409.0,3,0,0
24/12/2024 10:12:11,4.0,42 Km,-3.9,-77.77,AMAZONAS,CONDORCANQUI,RIO SANTIAGO,8088.7469214223365,19233.0,0,0,0
23/12/2024 21:05:42,3.7,35 Km,-12.54,-77.15,,,,,,0,0,0
22/12/2024 18:17:50,4.4,67 Km,-9.33,-78.93,,,,,,0,0,0
22/12/2024 16:38:35,4.8,98 Km,-10.42,-77.76,ANCASH,HUARMEY,HUARMEY,2913.8764098112188,28300.0,0,0,0
22/12/2024 16:34:17,4.0,127 Km,-7.25,-76.3,SAN MARTIN,BELLAVISTA,BAJO BIAVO,1122.1063684966564,15881.0,0,0,0
22/12/2024 07:07:58,3.5,12 Km,-7.78,-76.88,SAN MARTIN,MARISCAL CACERES,CAMPANILLA,1810.0743367806785,20526.0,0,0,0
21/12/2024 16:25:32,5.1,57 Km,-15.26,-75.11,ICA,NASCA,MARCONA,1943.8301700860184,20265.0,0,0,0
21/12/2024 01:37:33,3.5,22 Km,-14.1,-73.16,APURIMAC,AYMARAES,TAPAIRIHUA,158.22241057272322,1739.0,0,0,1
20/12/2024 06:27:08,3.5,10 Km,-15.67,-70.84,PUNO,LAMPA,SANTA LUCIA,1595.2796984668987,7090.0,0,0,0
19/12/2024 16:35:14,4.0,32 Km,-18.24,-71.26,,,,,,0,0,0
19/12/2024 09:39:39,3.5,59 Km,-11.69,-77.39,,,,,,0,0,0
19/12/2024 08:37:43,4.4,111 Km,-15.12,-73.14,AYACUCHO,PAUCAR DEL SARA SARA,OYOLO,793.8825009992133,1783.0,0,0,0
18/12/2024 08:33:51,4.0,148 Km,-8.02,-77.82,LA LIBERTAD,SANTIAGO DE CHUCO,SITABAMBA,315.16818713461504,3669.0,1,0,0
17/12/2024 23:09:35,5.0,36 Km,-18.61,-70.12,,,,,,0,0,0
17/12/2024 17:02:05,4.0,90 Km,-13.47,-75.89,ICA,CHINCHA,EL CARMEN,754.9442379039873,14437.0,0,0,0
17/12/2024 09:18:38,3.8,21 Km,-3.19,-80.98,,,,,,0,0,0
17/12/2024 05:02:34,3.5,15 Km,-8.65,-77.82,ANCASH,CORONGO,YANAC,46.87804175764652,604.0,1,0,0
17/12/2024 04:02:19,4.0,46 Km,-16.72,-73.0,,,,,,0,0,0
15/12/2024 09:33:49,4.4,98 Km,-14.25,-73.01,APURIMAC,ANTABAMBA,PACHACONAS,229.31721220228533,990.0,0,0,1
15/12/2024 07:48:28,3.8,21 Km,-11.55,-76.99,LIMA,HUARAL,AUCALLAMA,719.7866206939885,23320.0,0,0,0
14/12/2024 10:43:18,3.6,44 Km,-12.24,-77.17,,,,,,0,0,0
14/12/2024 08:52:48,3.6,15 Km,-9.83,-77.28,ANCASH,RECUAY,CATAC,1025.3573411152554,3887.0,0,0,0
13/12/2024 00:16:24,4.4,53 Km,-3.74,-80.28,TUMBES,ZARUMILLA,MATAPALO,393.00443766865016,5049.0,1,0,0
12/12/2024 13:44:12,4.1,24 Km,-8.64,-79.92,,,,,,0,0,0
12/12/2024 08:57:45,3.7,46 Km,-11.55,-78.21,,,,,,0,0,0
12/12/2024 08:53:43,4.0,22 Km,-15.83,-75.35,,,,,,0,0,0
12/12/2024 08:21:26,4.0,113 Km,-17.84,-70.22,TACNA,TACNA,CIUDAD NUEVA,179.474573049792,31269.0,0,0,1
12/12/2024 05:43:03,4.0,23 Km,-15.8,-75.18,,,,,,0,0,0
12/12/2024 04:28:31,3.8,13 Km,-13.96,-73.63,APURIMAC,ANDAHUAYLAS,SAN MIGUEL DE CHACCRAMPA,84.90897947504322,1570.0,1,0,0
11/12/2024 06:12:44,4.0,128 Km,-8.48,-75.13,UCAYALI,PADRE ABAD,CURIMANA,1877.6509837698943,11647.0,0,0,0
11/12/2024 02:35:55,3.5,17 Km,-5.77,-78.75,CAJAMARCA,JAEN,BELLAVISTA,869.4847753804847,16496.0,2,1,1
11/12/2024 01:04:29,3.5,54 Km,-12.15,-77.2,,,,,,10,4,5
10/12/2024 16:12:38,4.4,40 Km,-15.61,-74.5,AREQUIPA,CARAVELI,YAUCA,542.9387821183575,2127.0,0,0,1
10/12/2024 09:19:23,4.3,116 Km,-16.81,-71.35,MOQUEGUA,GENERAL SANCHEZ CERRO,LA CAPILLA,781.3442385322384,401.0,0,0,0
10/12/2024 00:45:38,3.8,18 Km,-8.67,-75.98,HUANUCO,LEONCIO PRADO,JOSE CRESPO Y CASTILLO,1501.6429587930809,23973.0,0,0,0
09/12/2024 07:51:55,4.0,98 Km,-5.72,-79.51,PIURA,HUANCABAMBA,HUARMACA,1923.2389643228273,36992.0,2,0,0
08/12/2024 09:58:34,4.2,25 Km,-11.18,-73.28,UCAYALI,ATALAYA,SEPAHUA,7737.011857838997,8742.0,0,0,0
07/12/2024 12:53:45,4.2,50 Km,-9.42,-79.19,,,,,,0,0,0
07/12/2024 08:24:18,5.0,15 Km,-12.36,-73.26,CUSCO,LA CONVENCION,KUMPIRUSHIATO,2940.4302852430787,5683.0,0,0,0
07/12/2024 05:16:46,4.7,34 Km,-8.41,-80.13,,,,,,0,0,0
06/12/2024 12:09:20,4.1,65 Km,-14.25,-76.03,ICA,ICA,ICA,886.5000051633018,185788.0,0,0,0
06/12/2024 09:47:02,3.6,16 Km,-16.86,-71.49,AREQUIPA,ISLAY,COCACHACRA,1553.6412565678545,8219.0,0,0,0
06/12/2024 09:17:43,4.0,115 Km,-15.17,-73.1,AYACUCHO,PAUCAR DEL SARA SARA,OYOLO,793.8825009992133,1783.0,0,0,1
06/12/2024 04:02:24,4.1,57 Km,-4.93,-77.71,LORETO,DATEM DEL MARAÑON,MANSERICHE,3570.0437779945487,9543.0,0,0,0
05/12/2024 20:29:23,4.0,58 Km,-14.27,-75.82,ICA,ICA,SANTIAGO,2767.922689745546,33558.0,0,0,0
05/12/2024 13:52:08,4.0,65 Km,-15.4,-74.82,AREQUIPA,CARAVELI,BELLA UNION,1193.9618027439037,2821.0,0,0,0
05/12/2024 13:05:55,4.8,131 Km,-2.35,-79.93,,,,,,5,1,0
05/12/2024 05:41:23,4.2,22 Km,-18.46,-71.4,,,,,,0,0,0
05/12/2024 03:35:32,4.0,159 Km,-15.72,-71.37,AREQUIPA,CAYLLOMA,YANQUE,1114.9445709373017,2105.0,0,0,0
03/12/2024 20:23:35,3.8,46 Km,-13.77,-75.89,ICA,PISCO,HUMAY,909.634730520815,5990.0,0,0,1
03/12/2024 04:16:33,3.6,16 Km,-10.64,-75.05,PASCO,OXAPAMPA,PUERTO BERMUDEZ,7672.2762987020205,22977.0,0,0,0
02/12/2024 10:02:47,4.0,112 Km,-15.14,-73.9,AYACUCHO,PARINACOCHAS,PULLO,1562.4932672058267,8035.0,0,0,0
01/12/2024 17:45:40,4.1,27 Km,-5.0,-81.78,,,,,,0,0,0
30/11/2024 13:34:54,4.8,129 Km,-18.42,-69.73,,,,,,0,0,0
29/11/2024 19:35:58,5.1,38 Km,-8.91,-81.41,,,,,,0,0,0
28/11/2024 01:46:38,4.6,26 Km,-9.96,-78.86,,,,,,0,0,0
26/11/2024 19:05:36,4.6,126 Km,-11.31,-74.87,JUNIN,SATIPO,PAMPA HERMOSA,950.0033526121581,3057.0,0,0,0
26/11/2024 01:31:30,4.3,23 Km,-16.28,-74.43,,,,,,0,0,0
25/11/2024 19:21:49,4.3,126 Km,-9.0,-75.19,UCAYALI,PADRE ABAD,IRAZOLA,1876.8509496375284,13480.0,0,0,0
25/11/2024 14:30:08,4.0,48 Km,-5.51,-80.61,PIURA,SECHURA,CRISTO NOS VALGA,265.32943293104404,5453.0,2,0,0
24/11/2024 21:51:22,3.6,49 Km,-12.73,-76.84,,,,,,0,0,0
24/11/2024 19:14:06,3.6,30 Km,-9.03,-75.57,UCAYALI,PADRE ABAD,PADRE ABAD,3573.6205002163974,31818.0,1,0,1
24/11/2024 14:56:01,4.2,65 Km,-9.15,-78.93,,,,,,0,0,0
24/11/2024 04:53:28,4.0,39 Km,-9.7,-78.93,,,,,,0,0,0
23/11/2024 14:25:42,4.0,35 Km,-6.13,-80.73,PIURA,SECHURA,SECHURA,5677.977347816637,56721.0,0,0,0
23/11/2024 05:23:50,4.0,146 Km,-8.89,-74.84,HUANUCO,PUERTO INCA,TOURNAVISTA,1739.5610777174197,6850.0,0,0,0
22/11/2024 04:24:07,4.6,15 Km,-10.27,-75.64,PASCO,OXAPAMPA,POZUZO,716.0790748858549,3784.0,0,0,0
21/11/2024 21:40:05,4.1,128 Km,-7.95,-76.3,SAN MARTIN,BELLAVISTA,ALTO BIAVO,5956.58747119889,10596.0,0,0,0
21/11/2024 21:30:27,4.6,165 Km,-17.68,-69.72,,,,,,0,0,0
21/11/2024 14:44:44,4.0,138 Km,-14.8,-71.91,AREQUIPA,CONDESUYOS,CAYARANI,1394.7690432236327,3224.0,0,0,0
20/11/2024 19:21:12,3.7,35 Km,-6.31,-77.55,AMAZONAS,RODRIGUEZ DE MENDOZA,MARISCAL BENAVIDES,202.68978370204226,1477.0,3,0,2
20/11/2024 17:53:32,4.5,32 Km,-13.61,-77.09,,,,,,0,0,0
20/11/2024 14:48:27,4.5,27 Km,-4.98,-81.21,,,,,,0,0,0
20/11/2024 00:25:59,4.0,150 Km,-8.35,-76.07,HUANUCO,LEONCIO PRADO,PUCAYACU,761.7578176392321,3932.0,0,0,0
19/11/2024 20:53:45,4.0,45 Km,-4.39,-80.85,PIURA,TALARA,PARIÑAS,1130.6872593648584,108828.0,0,0,0
19/11/2024 16:09:44,3.7,35 Km,-16.77,-72.23,AREQUIPA,CAMANA,QUILCA,897.152176474595,1152.0,0,0,0
18/11/2024 08:04:47,4.8,59 Km,-16.79,-72.68,,,,,,0,0,0
16/11/2024 11:09:28,4.0,98 Km,-14.2,-75.2,ICA,PALPA,TIBILLO,335.8405846381203,355.0,0,0,0
16/11/2024 08:30:36,4.1,110 Km,-8.31,-75.6,LORETO,UCAYALI,CONTAMANA,11003.035429161104,29587.0,0,0,0
16/11/2024 04:03:50,3.8,34 Km,-15.92,-74.79,,,,,,0,0,0
15/11/2024 22:26:20,3.5,65 Km,-11.91,-77.31,,,,,,0,0,0
15/11/2024 16:43:23,3.8,39 Km,-16.21,-73.81,,,,,,0,0,0
14/11/2024 19:27:48,3.5,42 Km,-12.61,-76.93,,,,,,0,0,0
13/11/2024 18:25:23,3.6,18 Km,-8.94,-76.17,HUANUCO,LEONCIO PRADO,JOSE CRESPO Y CASTILLO,1501.6429587930809,23973.0,1,1,1
13/11/2024 04:52:41,3.5,16 Km,-10.04,-75.46,PASCO,OXAPAMPA,PALCAZU,2787.5742321471407,7735.0,0,0,0
11/11/2024 10:07:07,4.2,52 Km,-14.02,-76.19,ICA,PISCO,PARACAS,1425.1806077941,11173.0,0,0,0
11/11/2024 08:01:31,3.5,18 Km,-11.67,-76.29,LIMA,HUAROCHIRI,CHICLA,235.0528794763733,2728.0,1,0,2
11/11/2024 03:26:48,3.6,53 Km,-11.79,-77.5,,,,,,0,0,0
10/11/2024 17:43:24,4.0,42 Km,-16.49,-72.66,AREQUIPA,CAMANA,NICOLAS DE PIEROLA,390.8107464994652,8140.0,1,0,1
10/11/2024 16:10:00,4.1,104 Km,-12.67,-75.61,LIMA,YAUYOS,CACRA,209.78232038488616,518.0,0,0,0
10/11/2024 01:44:28,4.1,110 Km,-4.29,-75.62,LORETO,LORETO,URARINAS,15765.837223609078,14285.0,0,0,0
08/11/2024 20:17:18,4.5,49 Km,-11.7,-77.63,,,,,,0,0,0
08/11/2024 13:10:36,3.5,52 Km,-12.47,-76.69,LIMA,CAÑETE,CHILCA,483.2526256283216,27272.0,1,1,3
07/11/2024 16:36:11,4.0,158 Km,-17.53,-69.99,TACNA,TARATA,TARUCACHI,107.39773112697364,300.0,1,1,3
07/11/2024 07:03:38,4.3,110 Km,-5.09,-76.41,LORETO,ALTO AMAZONAS,JEBEROS,4345.001022224411,4759.0,0,0,0
07/11/2024 04:57:37,3.3,58 Km,-12.5,-76.73,LIMA,CAÑETE,CHILCA,483.2526256283216,27272.0,2,1,1
07/11/2024 01:24:37,5.5,38 Km,-14.85,-75.34,ICA,NASCA,CHANGUILLO,954.7194269304609,2313.0,0,0,0
06/11/2024 21:52:52,3.4,30 Km,-12.49,-76.77,LIMA,CAÑETE,CHILCA,483.2526256283216,27272.0,2,1,1
06/11/2024 19:56:52,3.7,58 Km,-12.48,-76.75,LIMA,CAÑETE,CHILCA,483.2526256283216,27272.0,2,1,2
06/11/2024 19:38:05,4.5,85 Km,-15.15,-74.22,AYACUCHO,LUCANAS,SANCOS,1503.2004562375032,4713.0,0,0,0
06/11/2024 17:31:47,4.3,60 Km,-15.67,-74.18,AREQUIPA,CARAVELI,HUANUHUANU,705.1800850016543,3433.0,0,0,0
06/11/2024 17:16:22,4.1,18 Km,-9.0,-80.11,,,,,,0,0,0
05/11/2024 14:39:42,6.0,139 Km,-13.15,-75.71,ICA,CHINCHA,SAN JUAN DE YANAC,441.3285502366119,2326.0,0,0,0
05/11/2024 12:00:10,4.6,32 Km,-15.58,-75.14,,,,,,0,0,0
05/11/2024 08:02:09,3.4,8 Km,-13.78,-71.9,CUSCO,PARURO,PACCARITAMBO,142.33084986859654,2042.0,0,0,1
04/11/2024 10:03:51,4.1,171 Km,-17.61,-69.69,TACNA,TACNA,PALCA,1462.9568465577868,2540.0,1,0,0
03/11/2024 16:18:39,4.8,258 Km,-19.17,-67.68,,,,,,0,0,0
03/11/2024 01:07:15,3.6,13 Km,-5.81,-78.75,CAJAMARCA,JAEN,JAEN,558.0183647773166,109435.0,0,0,1
02/11/2024 10:00:36,3.6,29 Km,-5.36,-80.54,PIURA,PIURA,CURA MORI,217.52673047255638,20698.0,3,0,0
01/11/2024 23:53:56,4.0,35 Km,-4.88,-80.9,PIURA,SULLANA,IGNACIO ESCUDERO,189.67792824819392,22562.0,7,0,4
31/10/2024 00:21:47,4.3,133 Km,-14.93,-71.95,AREQUIPA,CASTILLA,CHACHAS,1197.603383152886,1514.0,0,0,0
29/10/2024 10:45:31,4.0,30 Km,-16.87,-73.34,,,,,,0,0,0
28/10/2024 03:07:37,4.0,159 Km,-8.68,-74.48,UCAYALI,CORONEL PORTILLO,MANANTAY,644.5062871740798,119146.0,0,0,0
27/10/2024 13:06:58,4.0,143 Km,-16.07,-71.58,AREQUIPA,AREQUIPA,YURA,1923.1678382491139,48089.0,0,0,0
27/10/2024 06:35:03,4.1,26 Km,-7.21,-76.81,SAN MARTIN,MARISCAL CACERES,JUANJUI,447.6919096028432,36119.0,2,1,0
27/10/2024 04:36:54,4.2,40 Km,-14.84,-75.31,ICA,NASCA,CHANGUILLO,954.7194269304609,2313.0,0,0,0
26/10/2024 23:10:06,3.5,30 Km,-12.57,-76.85,,,,,,1,0,1
25/10/2024 09:22:30,3.5,50 Km,-12.72,-76.71,,,,,,2,1,1
24/10/2024 14:23:14,4.8,117 Km,-17.66,-70.72,TACNA,JORGE BASADRE,LOCUMBA,849.6462965669589,2875.0,1,1,1
24/10/2024 13:40:49,4.4,21 Km,-11.3,-73.3,UCAYALI,ATALAYA,SEPAHUA,7737.011857838997,8742.0,0,0,0
23/10/2024 13:20:34,4.1,72 Km,-14.32,-75.9,ICA,ICA,OCUCAJE,1399.7877454209577,5744.0,0,0,0
22/10/2024 14:20:36,3.6,30 Km,-16.25,-73.59,,,,,,1,0,1
22/10/2024 12:49:59,4.5,28 Km,-11.34,-74.47,JUNIN,SATIPO,MAZAMARI,1258.0455892779898,45804.0,1,0,0
22/10/2024 12:23:32,4.0,24 Km,-12.7,-77.36,,,,,,0,0,0
22/10/2024 10:03:59,4.0,39 Km,-8.47,-75.6,UCAYALI,PADRE ABAD,CURIMANA,1877.6509837698943,11647.0,0,0,0
22/10/2024 08:48:43,3.5,15 Km,-16.74,-71.21,MOQUEGUA,GENERAL SANCHEZ CERRO,LA CAPILLA,781.3442385322384,401.0,1,0,0
21/10/2024 15:19:10,4.0,25 Km,-9.98,-79.04,,,,,,0,0,0
20/10/2024 23:08:26,4.0,120 Km,-8.8,-74.73,HUANUCO,PUERTO INCA,HONORIA,948.5424258598349,4485.0,0,0,0
20/10/2024 15:20:38,4.1,148 Km,-17.84,-69.64,,,,,,0,0,0
19/10/2024 01:50:10,4.3,26 Km,-9.79,-80.3,,,,,,0,0,0
18/10/2024 02:09:02,3.6,47 Km,-11.41,-77.8,,,,,,0,0,0
17/10/2024 14:27:03,4.0,39 Km,-10.7,-78.46,,,,,,0,0,0
16/10/2024 08:52:32,4.0,27 Km,-16.03,-74.67,,,,,,0,0,0
16/10/2024 07:54:54,4.2,156 Km,-2.35,-77.01,,,,,,0,0,0
15/10/2024 11:56:41,3.4,11 Km,-17.44,-69.94,TACNA,TARATA,TARATA,886.2480505659898,3563.0,1,1,1
15/10/2024 10:53:09,4.5,58 Km,-10.77,-78.22,,,,,,0,0,0
15/10/2024 09:13:55,4.1,44 Km,-3.95,-80.62,TUMBES,CONTRALMIRANTE VILLAR,CASITAS,863.3349161615419,2837.0,1,0,1
15/10/2024 08:49:01,4.1,32 Km,-10.07,-78.92,,,,,,0,0,0
15/10/2024 02:40:07,4.1,102 Km,-15.15,-73.52,AYACUCHO,PAUCAR DEL SARA SARA,LAMPA,280.97553899870985,1805.0,0,0,0
15/10/2024 02:30:34,3.6,51 Km,-12.75,-76.9,,,,,,0,0,0
14/10/2024 23:03:42,4.4,148 Km,-8.81,-74.62,HUANUCO,PUERTO INCA,HONORIA,948.5424258598349,4485.0,0,0,0
14/10/2024 20:07:43,4.3,66 Km,-16.62,-72.52,AREQUIPA,CAMANA,QUILCA,897.152176474595,1152.0,0,0,0
14/10/2024 05:19:21,3.8,23 Km,-9.54,-75.3,HUANUCO,PUERTO INCA,CODO DEL POZUZO,3221.2599690701472,8753.0,0,0,0
14/10/2024 01:35:52,3.5,11 Km,-14.84,-71.99,AREQUIPA,CONDESUYOS,CAYARANI,1394.7690432236327,3224.0,0,0,0
13/10/2024 03:50:55,3.9,25 Km,-17.69,-70.55,TACNA,TACNA,INCLAN,1441.5926674600812,2282.0,0,0,0
12/10/2024 19:43:31,3.5,15 Km,-15.96,-72.97,AREQUIPA,CONDESUYOS,ANDARAY,811.1622466037838,656.0,0,0,0
12/10/2024 14:30:48,3.6,15 Km,-5.81,-76.69,LORETO,ALTO AMAZONAS,BALSAPUERTO,3003.7284807880064,17673.0,0,0,0
12/10/2024 03:55:00,4.0,102 Km,-15.37,-73.12,AREQUIPA,LA UNION,TAURIA,317.8403102237994,305.0,0,0,0
11/10/2024 20:02:30,3.7,38 Km,-13.45,-77.09,,,,,,0,0,0
11/10/2024 08:24:25,3.6,27 Km,-16.89,-72.28,,,,,,0,0,0
10/10/2024 03:39:26,4.0,20 Km,-9.45,-75.83,HUANUCO,PACHITEA,CHAGLLA,1077.98700106266,9093.0,0,0,0
09/10/2024 14:00:01,4.0,85 Km,-12.89,-73.95,AYACUCHO,LA MAR,TAMBO,309.0100186341446,7032.0,0,0,0
09/10/2024 02:07:07,4.0,48 Km,-15.52,-74.78,AREQUIPA,CARAVELI,BELLA UNION,1193.9618027439037,2821.0,1,0,1
08/10/2024 17:26:35,3.7,12 Km,-8.4,-77.7,ANCASH,SIHUAS,RAGASH,209.06192851671662,2209.0,0,0,0
07/10/2024 23:21:51,4.2,92 Km,-14.31,-72.85,APURIMAC,ANTABAMBA,HUAQUIRCA,350.95733337204126,2125.0,1,0,1
06/10/2024 16:09:32,3.5,8 Km,-15.69,-71.56,AREQUIPA,CAYLLOMA,CHIVAY,243.11338103258214,5782.0,2,0,1
06/10/2024 14:14:20,4.8,36 Km,-15.98,-74.58,,,,,,0,0,0
03/10/2024 08:21:42,4.5,17 Km,-10.38,-75.51,PASCO,OXAPAMPA,HUANCABAMBA,1134.2161266660814,7202.0,0,0,1
03/10/2024 06:03:37,4.0,126 Km,-11.01,-76.55,PASCO,PASCO,HUAYLLAY,1017.6470613988499,8900.0,0,0,0
03/10/2024 02:29:35,4.4,148 Km,-15.36,-71.84,AREQUIPA,CAYLLOMA,CAYLLOMA,1508.33264590118,3608.0,0,0,0
02/10/2024 21:54:47,4.0,110 Km,-11.23,-74.34,JUNIN,SATIPO,MAZAMARI,1258.0455892779898,45804.0,0,0,0
02/10/2024 13:13:20,4.0,40 Km,-9.99,-78.96,,,,,,0,0,0
02/10/2024 03:09:43,4.1,121 Km,-11.84,-76.26,LIMA,HUAROCHIRI,SAN MATEO,416.6719427868773,3732.0,1,0,1
01/10/2024 20:40:28,4.0,36 Km,-4.89,-80.88,PIURA,SULLANA,IGNACIO ESCUDERO,189.67792824819392,22562.0,6,0,3
01/10/2024 09:53:53,4.3,116 Km,-14.49,-73.74,AYACUCHO,LUCANAS,CHIPAO,1155.7662855606534,2202.0,0,0,0
01/10/2024 04:17:10,4.1,32 Km,-2.77,-81.24,,,,,,0,0,0
01/10/2024 04:07:30,4.3,26 Km,-2.81,-81.29,,,,,,0,0,0
01/10/2024 02:23:08,4.3,40 Km,-2.77,-81.23,,,,,,0,0,0
30/09/2024 12:01:23,4.0,130 Km,-9.79,-75.16,HUANUCO,PUERTO INCA,YUYAPICHIS,2065.0800207990987,6822.0,0,0,0
30/09/2024 06:36:46,4.0,96 Km,-12.32,-76.23,LIMA,YAUYOS,HUAMPARA,54.019090860116734,114.0,2,0,0
29/09/2024 17:14:51,3.7,15 Km,-10.78,-75.45,JUNIN,JUNIN,ULCUMAYO,1132.1663074655596,3437.0,0,0,0
29/09/2024 03:22:01,3.5,38 Km,-12.59,-76.88,,,,,,0,0,0
29/09/2024 03:04:03,4.0,70 Km,-3.77,-80.26,TUMBES,ZARUMILLA,MATAPALO,393.00443766865016,5049.0,1,0,0
29/09/2024 02:02:30,4.2,35 Km,-15.81,-74.32,AREQUIPA,CARAVELI,ATIQUIPA,423.06368687249454,438.0,3,0,2
28/09/2024 12:40:10,4.4,18 Km,-6.08,-76.42,SAN MARTIN,LAMAS,CAYNARACHI,1271.3611422880547,11718.0,0,0,0
28/09/2024 10:41:45,4.0,31 Km,-6.07,-76.48,SAN MARTIN,LAMAS,CAYNARACHI,1271.3611422880547,11718.0,0,0,0
28/09/2024 02:19:23,3.8,22 Km,-4.95,-80.81,PIURA,SULLANA,MIGUEL CHECA,480.8689150982453,10849.0,3,0,2
26/09/2024 13:49:07,4.2,42 Km,-15.06,-75.75,,,,,,0,0,0
26/09/2024 09:38:13,3.9,54 Km,-11.65,-77.34,,,,,,2,1,1
26/09/2024 07:05:14,4.0,12 Km,-17.46,-70.85,MOQUEGUA,MARISCAL NIETO,MOQUEGUA,3496.5014394191817,49022.0,0,0,0
26/09/2024 05:07:17,4.5,89 Km,-16.66,-72.14,AREQUIPA,AREQUIPA,VITOR,1534.435436497687,5317.0,0,0,0
25/09/2024 21:41:41,3.6,117 Km,-11.35,-76.86,LIMA,HUARAL,SUMBILCA,236.9053448168327,646.0,0,0,0
25/09/2024 10:28:38,4.1,32 Km,-8.54,-79.95,,,,,,0,0,0
24/09/2024 11:00:07,3.5,14 Km,-17.26,-70.93,MOQUEGUA,MARISCAL NIETO,SAN ANTONIO,461.82540051212715,29775.0,12,3,5
24/09/2024 04:26:49,4.0,29 Km,-5.76,-76.88,SAN MARTIN,MOYOBAMBA,MOYOBAMBA,2699.074096293949,90399.0,0,0,0
24/09/2024 02:52:41,4.0,31 Km,-8.98,-79.43,,,,,,0,0,0
23/09/2024 05:21:18,4.2,17 Km,-12.91,-74.03,AYACUCHO,LA MAR,TAMBO,309.0100186341446,7032.0,0,0,0
22/09/2024 02:49:03,3.5,34 Km,-12.58,-76.87,,,,,,0,0,0
21/09/2024 22:10:20,4.0,42 Km,-12.9,-77.0,,,,,,0,0,0
20/09/2024 03:04:01,4.4,51 Km,-15.0,-75.74,,,,,,0,0,0
20/09/2024 01:26:26,3.8,16 Km,-7.63,-78.26,CAJAMARCA,CAJABAMBA,CACHACHI,819.3858953254967,25611.0,0,0,0
19/09/2024 21:17:59,4.2,98 Km,-14.44,-74.54,AYACUCHO,LUCANAS,OTOCA,716.0262688420894,1663.0,0,0,0
19/09/2024 21:10:25,4.0,79 Km,-3.69,-80.05,,,,,,2,0,0
19/09/2024 12:11:30,4.4,138 Km,-9.25,-75.3,UCAYALI,PADRE ABAD,IRAZOLA,1876.8509496375284,13480.0,0,0,0
19/09/2024 09:49:36,4.0,18 Km,-11.22,-73.31,UCAYALI,ATALAYA,SEPAHUA,7737.011857838997,8742.0,0,0,0
17/09/2024 04:00:30,4.1,102 Km,-11.09,-73.44,UCAYALI,ATALAYA,SEPAHUA,7737.011857838997,8742.0,0,0,0
17/09/2024 03:55:28,4.2,21 Km,-10.29,-75.68,PASCO,OXAPAMPA,HUANCABAMBA,1134.2161266660814,7202.0,0,0,0
16/09/2024 00:08:53,4.4,29 Km,-16.16,-75.06,,,,,,0,0,0
15/09/2024 07:57:18,4.0,229 Km,-15.62,-70.17,PUNO,SAN ROMAN,CARACOTO,279.0720064813573,7671.0,0,0,1
15/09/2024 06:29:21,4.4,141 Km,-8.65,-74.94,UCAYALI,CORONEL PORTILLO,CAMPOVERDE,1324.6762309011792,21533.0,0,0,0
15/09/2024 00:09:30,4.0,46 Km,-16.88,-73.0,,,,,,0,0,0
13/09/2024 10:15:08,5.0,109 Km,-13.61,-74.86,HUANCAVELICA,HUAYTARA,PILPICHACA,2177.7816332040456,2453.0,0,0,0
13/09/2024 04:27:04,3.8,54 Km,-15.5,-74.19,AREQUIPA,CARAVELI,HUANUHUANU,705.1800850016543,3433.0,0,0,0
12/09/2024 18:27:13,4.6,18 Km,-8.13,-78.11,LA LIBERTAD,SANTIAGO DE CHUCO,SANTA CRUZ DE CHUCA,167.96886615314355,3007.0,1,0,0
12/09/2024 14:10:46,3.8,18 Km,-17.19,-70.84,MOQUEGUA,MARISCAL NIETO,MOQUEGUA,3496.5014394191817,49022.0,7,2,5
11/09/2024 01:54:14,3.7,32 Km,-13.94,-76.28,ICA,PISCO,PARACAS,1425.1806077941,11173.0,0,0,0
10/09/2024 19:19:59,4.6,120 Km,-18.22,-69.66,,,,,,0,0,0
09/09/2024 12:47:57,3.6,45 Km,-7.51,-79.91,,,,,,0,0,0
08/09/2024 20:44:51,4.0,73 Km,-16.11,-73.45,AREQUIPA,CARAVELI,ATICO,3093.302390518557,6521.0,0,0,0
08/09/2024 16:15:51,4.0,29 Km,-8.72,-76.16,SAN MARTIN,TOCACHE,NUEVO PROGRESO,824.6433710375615,12965.0,0,0,0
05/09/2024 23:18:20,4.0,144 Km,-8.35,-75.08,UCAYALI,PADRE ABAD,CURIMANA,1877.6509837698943,11647.0,0,0,0
05/09/2024 12:06:01,3.6,30 Km,-3.7,-81.07,,,,,,0,0,0
05/09/2024 09:58:27,4.2,50 Km,-4.32,-80.4,,,,,,0,0,0
05/09/2024 05:38:26,5.7,211 Km,-19.73,-68.27,,,,,,1,0,0
04/09/2024 16:30:07,4.1,154 Km,-8.03,-74.53,UCAYALI,CORONEL PORTILLO,CALLERIA,11645.766871791395,183046.0,0,0,0
04/09/2024 09:44:19,3.8,70 Km,-16.51,-72.81,AREQUIPA,CAMANA,MARISCAL CACERES,593.4546388978915,6642.0,0,0,2
04/09/2024 05:34:26,4.4,35 Km,-9.69,-78.95,,,,,,0,0,0
03/09/2024 20:37:17,4.4,42 Km,-18.63,-70.77,,,,,,0,0,0
03/09/2024 05:08:35,4.2,53 Km,-14.34,-75.75,ICA,ICA,OCUCAJE,1399.7877454209577,5744.0,1,0,1
03/09/2024 04:18:49,4.0,140 Km,-9.69,-74.21,UCAYALI,CORONEL PORTILLO,IPARIA,7368.483783638121,12842.0,0,0,0
01/09/2024 16:21:52,4.2,130 Km,-6.77,-74.18,LORETO,REQUENA,ALTO TAPICHE,9062.123763107988,1522.0,0,0,0
01/09/2024 15:02:50,3.7,12 Km,-13.62,-74.24,AYACUCHO,CANGALLO,MARIA PARADO DE BELLIDO,131.68508060031417,1772.0,0,0,0
31/08/2024 15:58:52,4.0,18 Km,-13.63,-74.24,AYACUCHO,CANGALLO,MARIA PARADO DE BELLIDO,131.68508060031417,1772.0,0,0,0
28/08/2024 11:43:06,4.0,59 Km,-4.47,-80.34,PIURA,SULLANA,LANCONES,2153.5395627277157,13388.0,0,0,0
27/08/2024 04:55:11,4.0,38 Km,-8.44,-80.08,,,,,,0,0,0
26/08/2024 22:23:57,4.6,202 Km,-7.12,-74.44,LORETO,REQUENA,ALTO TAPICHE,9062.123763107988,1522.0,0,0,0
26/08/2024 20:33:39,4.5,19 Km,-8.55,-76.45,HUANUCO,MARAÑON,CHOLON,2201.9181273376357,5353.0,0,0,0
26/08/2024 16:48:05,4.0,25 Km,-15.97,-75.32,,,,,,0,0,0
25/08/2024 23:34:01,4.0,22 Km,-16.0,-74.59,,,,,,0,0,0
24/08/2024 10:38:35,3.5,12 Km,-15.59,-71.59,AREQUIPA,CAYLLOMA,COPORAQUE,114.30242433630652,1114.0,2,0,1
23/08/2024 17:22:39,4.2,40 Km,-16.74,-72.39,AREQUIPA,CAMANA,QUILCA,897.152176474595,1152.0,0,0,1
23/08/2024 11:05:32,3.5,15 Km,-13.84,-71.87,CUSCO,PARURO,COLCHA,140.10347168596817,894.0,0,0,2
23/08/2024 06:57:54,4.1,33 Km,-15.91,-74.44,,,,,,0,0,0
23/08/2024 01:04:18,3.5,10 Km,-13.69,-71.76,CUSCO,QUISPICANCHI,LUCRE,118.2958414617301,5592.0,0,0,4
21/08/2024 23:22:14,4.0,69 Km,-13.37,-76.22,,,,,,10,0,4
21/08/2024 14:05:23,4.3,91 Km,-14.31,-73.21,APURIMAC,AYMARAES,CHALHUANCA,339.06337125240935,5214.0,0,0,2
21/08/2024 05:25:13,4.2,115 Km,-14.81,-73.7,AYACUCHO,PARINACOCHAS,CORACORA,1387.9643170964926,12835.0,0,0,0
20/08/2024 21:43:33,4.1,95 Km,-16.14,-72.8,AREQUIPA,CONDESUYOS,CHUQUIBAMBA,1186.5351513834737,3319.0,0,0,0
20/08/2024 01:46:35,3.7,12 Km,-15.05,-73.04,AYACUCHO,PAUCAR DEL SARA SARA,OYOLO,793.8825009992133,1783.0,0,0,0
19/08/2024 07:42:59,4.0,29 Km,-7.41,-80.23,,,,,,0,0,0
19/08/2024 07:07:00,3.5,53 Km,-12.87,-76.83,,,,,,0,0,0
18/08/2024 17:24:21,4.0,157 Km,-8.19,-74.41,UCAYALI,CORONEL PORTILLO,CALLERIA,11645.766871791395,183046.0,0,0,0
18/08/2024 08:50:03,4.1,132 Km,-4.01,-76.86,LORETO,DATEM DEL MARAÑON,PASTAZA,9100.182512461359,6082.0,0,0,0
17/08/2024 23:10:17,4.8,143 Km,-8.83,-74.7,HUANUCO,PUERTO INCA,TOURNAVISTA,1739.5610777174197,6850.0,0,0,0
17/08/2024 21:57:24,3.7,33 Km,-9.35,-79.17,,,,,,0,0,0
17/08/2024 21:47:55,4.5,96 Km,-15.14,-74.36,AYACUCHO,LUCANAS,SAN PEDRO,727.0435031085489,2532.0,0,0,0
17/08/2024 06:36:23,4.3,26 Km,-18.33,-71.13,,,,,,0,0,0
17/08/2024 03:04:02,4.2,70 Km,-11.51,-77.87,,,,,,0,0,0
16/08/2024 22:09:39,4.0,135 Km,-9.4,-75.23,HUANUCO,PUERTO INCA,CODO DEL POZUZO,3221.2599690701472,8753.0,0,0,0
15/08/2024 12:29:24,3.8,15 Km,-9.16,-75.78,UCAYALI,PADRE ABAD,BOQUERON,548.764923770197,5615.0,0,0,0
15/08/2024 04:38:57,3.6,48 Km,-12.95,-76.7,,,,,,0,0,0
14/08/2024 16:09:32,4.3,15 Km,-9.57,-76.1,HUANUCO,HUANUCO,CHINCHAO,806.3725085222776,12639.0,0,0,0
14/08/2024 03:51:02,4.0,16 Km,-16.07,-75.18,,,,,,0,0,0
13/08/2024 23:41:35,3.8,14 Km,-10.36,-75.73,PASCO,OXAPAMPA,HUANCABAMBA,1134.2161266660814,7202.0,0,0,0
13/08/2024 21:55:25,5.4,15 Km,-16.1,-75.25,,,,,,0,0,0
13/08/2024 15:22:10,4.1,36 Km,-16.09,-74.52,,,,,,0,0,0
13/08/2024 08:38:42,3.6,40 Km,-12.83,-77.01,,,,,,0,0,0
13/08/2024 02:05:30,3.6,54 Km,-12.42,-76.84,,,,,,2,1,6
13/08/2024 01:36:17,4.2,15 Km,-13.5,-71.76,CUSCO,CALCA,SAN SALVADOR,128.33034232488387,6295.0,1,1,5
12/08/2024 17:36:27,4.0,99 Km,-14.29,-73.93,AYACUCHO,LUCANAS,CABANA,405.03981105364943,1775.0,0,0,1
12/08/2024 15:12:55,4.8,143 Km,-12.06,-74.32,JUNIN,SATIPO,PANGOA,4413.5081813320585,69263.0,0,0,0
12/08/2024 14:09:36,4.2,134 Km,-15.2,-72.53,AREQUIPA,CONDESUYOS,SALAMANCA,1241.6539059726872,336.0,0,0,0
11/08/2024 08:33:24,4.4,63 Km,-16.67,-72.44,AREQUIPA,CAMANA,QUILCA,897.152176474595,1152.0,0,0,1
11/08/2024 03:11:55,4.0,134 Km,-7.48,-74.76,LORETO,UCAYALI,CONTAMANA,11003.035429161104,29587.0,0,0,0
08/08/2024 13:59:48,4.6,124 Km,-10.48,-74.7,PASCO,OXAPAMPA,PUERTO BERMUDEZ,7672.2762987020205,22977.0,0,0,0
07/08/2024 17:18:43,4.1,65 Km,-15.49,-75.01,,,,,,0,0,0
06/08/2024 08:15:15,4.8,24 Km,-8.71,-79.68,,,,,,0,0,0
06/08/2024 06:33:43,4.1,128 Km,-17.12,-70.37,TACNA,CANDARAVE,CAMILACA,495.6965864450461,1052.0,0,0,0
05/08/2024 00:00:34,4.0,130 Km,-9.09,-75.14,HUANUCO,PUERTO INCA,TOURNAVISTA,1739.5610777174197,6850.0,0,0,0
04/08/2024 13:39:32,3.5,37 Km,-12.47,-77.07,,,,,,0,0,0
04/08/2024 11:50:38,4.4,41 Km,-16.31,-73.41,,,,,,0,0,0
04/08/2024 10:41:33,3.8,24 Km,-12.21,-72.14,CUSCO,LA CONVENCION,ECHARATE,7603.557830337305,17510.0,0,0,0
04/08/2024 01:57:03,4.7,102 Km,-3.75,-78.53,,,,,,0,0,0
03/08/2024 10:14:04,4.4,110 Km,-3.77,-75.85,LORETO,LORETO,URARINAS,15765.837223609078,14285.0,0,0,0
02/08/2024 21:00:52,4.3,21 Km,-16.12,-74.75,,,,,,0,0,0
02/08/2024 11:24:58,3.5,19 Km,-17.22,-70.86,MOQUEGUA,MARISCAL NIETO,MOQUEGUA,3496.5014394191817,49022.0,12,3,5
02/08/2024 02:39:15,3.6,18 Km,-16.83,-71.56,AREQUIPA,ISLAY,COCACHACRA,1553.6412565678545,8219.0,0,0,0
31/07/2024 09:05:03,4.3,18 Km,-10.11,-75.6,PASCO,OXAPAMPA,POZUZO,716.0790748858549,3784.0,0,0,0
31/07/2024 04:49:58,3.5,12 Km,-15.76,-71.93,AREQUIPA,CAYLLOMA,CABANACONDE,462.305213456443,2019.0,0,0,0
30/07/2024 22:34:30,4.0,95 Km,-15.23,-73.96,AYACUCHO,PARINACOCHAS,PULLO,1562.4932672058267,8035.0,0,0,0
30/07/2024 18:00:24,4.6,134 Km,-9.04,-75.68,UCAYALI,PADRE ABAD,BOQUERON,548.764923770197,5615.0,0,0,0
29/07/2024 21:41:06,3.6,61 Km,-13.02,-76.67,,,,,,0,0,0
29/07/2024 13:54:37,4.1,28 Km,-16.19,-74.4,,,,,,0,0,0
29/07/2024 13:39:28,4.0,25 Km,-16.16,-74.37,,,,,,0,0,0
29/07/2024 02:54:05,3.8,36 Km,-14.39,-76.23,,,,,,0,0,0
28/07/2024 19:05:18,3.8,41 Km,-12.91,-76.83,,,,,,0,0,0
28/07/2024 01:04:29,4.5,57 Km,-3.23,-80.25,,,,,,0,0,0
27/07/2024 15:13:50,4.4,65 Km,-14.77,-75.6,ICA,ICA,SANTIAGO,2767.922689745546,33558.0,0,0,0
27/07/2024 07:17:29,3.6,12 Km,-15.67,-70.79,PUNO,LAMPA,SANTA LUCIA,1595.2796984668987,7090.0,0,0,0
26/07/2024 14:26:22,4.0,53 Km,-14.11,-74.0,AYACUCHO,VICTOR FAJARDO,APONGO,175.72932922127515,483.0,0,0,0
25/07/2024 00:44:13,5.2,130 Km,-3.13,-76.69,LORETO,DATEM DEL MARAÑON,ANDOAS,11788.441725974673,16888.0,0,0,0
24/07/2024 05:40:17,5.0,34 Km,-14.31,-76.47,,,,,,0,0,0
23/07/2024 12:34:55,4.8,50 Km,-12.58,-76.86,,,,,,0,0,0
22/07/2024 08:48:57,3.7,45 Km,-12.2,-77.65,,,,,,0,0,0
21/07/2024 18:56:18,4.3,18 Km,-4.92,-78.81,CAJAMARCA,SAN IGNACIO,SAN JOSE DE LOURDES,1364.7606912410445,20013.0,0,0,0
20/07/2024 21:53:43,4.0,105 Km,-18.03,-70.14,TACNA,TACNA,POCOLLAY,270.3355748502559,19507.0,7,2,4
19/07/2024 08:54:25,4.3,69 Km,-13.72,-75.94,ICA,PISCO,INDEPENDENCIA,268.59181318652395,15235.0,0,0,2
19/07/2024 01:54:08,4.1,31 Km,-15.78,-74.93,,,,,,0,0,0
18/07/2024 20:50:49,7.1,186 Km,-22.78,-69.17,,,,,,0,0,0
18/07/2024 07:10:26,4.3,21 Km,-11.4,-73.29,CUSCO,LA CONVENCION,MEGANTONI,10713.82473732827,7363.0,0,0,0
16/07/2024 18:13:01,4.0,31 Km,-15.92,-74.45,,,,,,0,0,0
16/07/2024 11:57:49,4.0,49 Km,-13.93,-76.02,ICA,ICA,SALAS,657.4482682832802,32864.0,0,0,0
15/07/2024 11:41:22,4.0,15 Km,-14.91,-75.78,,,,,,0,0,0
14/07/2024 14:57:38,3.5,8 Km,-15.72,-71.72,AREQUIPA,CAYLLOMA,ACHOMA,366.1901216924418,808.0,0,0,0
14/07/2024 03:22:52,4.2,29 Km,-16.03,-74.52,,,,,,0,0,0
13/07/2024 20:45:23,4.0,14 Km,-15.72,-70.81,PUNO,LAMPA,SANTA LUCIA,1595.2796984668987,7090.0,0,0,0
13/07/2024 20:13:23,4.1,148 Km,-17.49,-69.36,,,,,,0,0,1
13/07/2024 16:48:44,4.7,15 Km,-12.39,-73.03,CUSCO,LA CONVENCION,ECHARATE,7603.557830337305,17510.0,0,0,0
13/07/2024 09:02:32,4.1,38 Km,-15.73,-74.93,,,,,,0,0,0
13/07/2024 00:08:41,4.4,25 Km,-9.34,-79.25,,,,,,0,0,0
12/07/2024 22:35:36,4.8,30 Km,-16.29,-74.99,,,,,,0,0,0
12/07/2024 15:45:11,4.0,60 Km,-13.28,-76.44,,,,,,0,0,0
12/07/2024 13:54:54,4.8,20 Km,-16.21,-75.01,,,,,,0,0,0
12/07/2024 13:19:03,5.5,170 Km,-17.66,-69.9,TACNA,TACNA,PACHIA,615.055250132644,2328.0,0,0,0
12/07/2024 12:23:07,4.0,43 Km,-8.22,-79.73,,,,,,0,0,0
12/07/2024 11:24:27,4.0,110 Km,-14.66,-73.76,AYACUCHO,PARINACOCHAS,CORACORA,1387.9643170964926,12835.0,0,0,0
12/07/2024 04:30:32,6.0,31 Km,-15.74,-74.81,,,,,,0,0,0
11/07/2024 12:55:26,4.8,40 Km,-15.86,-74.59,,,,,,0,0,0
10/07/2024 21:55:17,5.1,167 Km,-8.67,-74.66,HUANUCO,PUERTO INCA,HONORIA,948.5424258598349,4485.0,0,0,0
10/07/2024 20:41:16,3.6,54 Km,-13.14,-76.7,,,,,,0,0,0
10/07/2024 15:59:04,4.2,33 Km,-5.97,-81.57,,,,,,0,0,0
10/07/2024 13:46:13,4.0,18 Km,-5.69,-77.54,SAN MARTIN,MOYOBAMBA,MOYOBAMBA,2699.074096293949,90399.0,0,0,0
10/07/2024 07:22:22,4.4,94 Km,-14.29,-74.5,AYACUCHO,LUCANAS,SAN PEDRO DE PALCO,520.0889479235176,803.0,0,0,0
09/07/2024 22:03:15,4.3,24 Km,-15.94,-74.44,,,,,,0,0,0
09/07/2024 02:38:40,4.3,23 Km,-16.1,-75.03,,,,,,0,0,0
08/07/2024 21:06:40,4.2,26 Km,-16.05,-75.21,,,,,,0,0,0
08/07/2024 19:10:12,4.5,31 Km,-16.15,-74.99,,,,,,0,0,0
08/07/2024 18:15:35,4.0,25 Km,-16.11,-75.06,,,,,,0,0,0
08/07/2024 14:33:24,5.5,32 Km,-16.22,-74.98,,,,,,0,0,0
08/07/2024 13:22:30,4.1,26 Km,-16.1,-74.85,,,,,,0,0,0
08/07/2024 09:07:44,4.6,29 Km,-15.97,-74.8,,,,,,0,0,0
08/07/2024 09:03:29,5.2,36 Km,-16.12,-74.96,,,,,,0,0,0
07/07/2024 04:58:00,4.2,30 Km,-16.06,-74.53,,,,,,0,0,0
07/07/2024 01:53:36,3.6,15 Km,-14.16,-71.45,CUSCO,CANAS,PAMPAMARCA,31.262038844960685,1870.0,1,0,4
06/07/2024 23:02:00,3.7,12 Km,-11.63,-73.95,JUNIN,SATIPO,RIO TAMBO,10209.912281380044,28215.0,0,0,0
06/07/2024 21:57:45,4.0,15 Km,-11.65,-73.82,JUNIN,SATIPO,RIO TAMBO,10209.912281380044,28215.0,0,0,0
06/07/2024 15:11:05,4.2,35 Km,-15.67,-75.18,,,,,,0,0,0
05/07/2024 23:00:53,4.7,98 Km,-15.81,-73.12,AREQUIPA,CONDESUYOS,RIO GRANDE,533.0363827711938,3466.0,0,0,0
05/07/2024 20:01:56,3.9,14 Km,-8.42,-76.41,SAN MARTIN,TOCACHE,UCHIZA,603.4569601830426,14589.0,0,0,0
05/07/2024 13:06:23,4.5,19 Km,-16.65,-73.54,,,,,,0,0,0
05/07/2024 08:50:50,3.9,13 Km,-8.47,-76.46,SAN MARTIN,TOCACHE,UCHIZA,603.4569601830426,14589.0,0,0,0
05/07/2024 06:27:13,4.4,20 Km,-11.0,-76.28,PASCO,PASCO,HUAYLLAY,1017.6470613988499,8900.0,0,0,1
05/07/2024 03:13:05,3.6,15 Km,-11.8,-75.51,JUNIN,JAUJA,YAUYOS,19.591503836043884,10165.0,4,1,0
04/07/2024 21:23:59,4.5,23 Km,-14.87,-76.12,,,,,,0,0,0
04/07/2024 16:56:40,4.6,26 Km,-14.84,-76.12,,,,,,0,0,0
04/07/2024 14:33:26,4.5,20 Km,-16.0,-74.74,,,,,,0,0,0
01/07/2024 22:46:11,4.5,126 Km,-8.78,-74.97,UCAYALI,PADRE ABAD,NESHUYA,623.3702441602974,11944.0,0,0,0
01/07/2024 21:45:55,4.6,35 Km,-15.77,-74.6,,,,,,0,0,0
01/07/2024 09:13:03,4.0,33 Km,-9.41,-79.06,,,,,,0,0,0
01/07/2024 07:36:47,4.0,28 Km,-15.85,-74.55,,,,,,0,0,0
01/07/2024 04:23:48,4.1,15 Km,-15.92,-75.24,,,,,,0,0,0
30/06/2024 17:56:24,4.1,34 Km,-10.81,-78.32,,,,,,0,0,0
30/06/2024 15:47:37,4.5,142 Km,-8.22,-74.67,UCAYALI,CORONEL PORTILLO,YARINACOCHA,661.1835318305746,129092.0,0,0,0
29/06/2024 16:30:47,3.9,21 Km,-9.63,-75.64,HUANUCO,PUERTO INCA,CODO DEL POZUZO,3221.2599690701472,8753.0,0,0,0
29/06/2024 07:24:43,4.7,34 Km,-15.81,-74.86,,,,,,0,0,0
29/06/2024 06:18:54,4.1,30 Km,-16.0,-74.35,,,,,,0,0,0
29/06/2024 05:09:08,4.2,25 Km,-16.05,-74.45,,,,,,0,0,0
29/06/2024 04:58:03,4.5,32 Km,-16.01,-74.67,,,,,,0,0,0
29/06/2024 04:54:43,4.3,24 Km,-15.98,-74.59,,,,,,0,0,0
29/06/2024 04:08:30,4.5,22 Km,-16.05,-74.66,,,,,,0,0,0
29/06/2024 02:22:44,5.2,18 Km,-16.12,-74.65,,,,,,0,0,0
29/06/2024 02:05:31,6.4,20 Km,-16.2,-74.59,,,,,,0,0,0
29/06/2024 01:46:40,4.2,31 Km,-15.88,-74.64,,,,,,0,0,0
28/06/2024 19:22:06,4.0,30 Km,-15.8,-74.6,,,,,,0,0,0
28/06/2024 08:26:39,4.4,35 Km,-16.05,-74.7,,,,,,0,0,0
28/06/2024 07:09:08,4.2,35 Km,-4.18,-78.21,AMAZONAS,CONDORCANQUI,EL CENEPA,5623.536025537718,13578.0,0,0,0
28/06/2024 07:07:18,4.3,35 Km,-15.79,-74.74,,,,,,0,0,0
28/06/2024 02:26:39,4.4,27 Km,-16.0,-74.72,,,,,,0,0,0
28/06/2024 02:05:23,4.6,34 Km,-15.94,-74.66,,,,,,0,0,0
28/06/2024 01:26:56,4.0,38 Km,-16.0,-74.62,,,,,,0,0,0
28/06/2024 01:10:06,4.2,35 Km,-16.01,-74.84,,,,,,0,0,0
28/06/2024 00:36:27,7.0,42 Km,-16.11,-74.72,,,,,,0,0,0
27/06/2024 18:18:59,4.1,61 Km,-13.85,-75.93,ICA,ICA,SALAS,657.4482682832802,32864.0,0,0,2
27/06/2024 17:14:50,4.0,20 Km,-15.74,-75.43,,,,,,0,0,0
26/06/2024 08:15:59,3.7,11 Km,-14.4,-74.46,AYACUCHO,LUCANAS,OTOCA,716.0262688420894,1663.0,0,0,0
26/06/2024 02:16:04,4.9,48 Km,-6.55,-76.65,SAN MARTIN,EL DORADO,SAN JOSE DE SISA,308.50879835909655,18011.0,1,0,0
25/06/2024 08:41:52,3.5,9 Km,-15.59,-71.56,AREQUIPA,CAYLLOMA,CHIVAY,243.11338103258214,5782.0,2,0,1
25/06/2024 01:22:34,4.1,53 Km,-14.55,-75.67,ICA,ICA,SANTIAGO,2767.922689745546,33558.0,0,0,0
25/06/2024 00:21:00,4.0,27 Km,-15.96,-74.45,,,,,,0,0,0
23/06/2024 21:18:09,4.0,8 Km,-15.59,-71.56,AREQUIPA,CAYLLOMA,CHIVAY,243.11338103258214,5782.0,2,0,1
23/06/2024 16:47:58,3.5,18 Km,-15.55,-71.58,AREQUIPA,CAYLLOMA,TUTI,239.98972993939353,563.0,2,0,1
23/06/2024 04:16:11,3.8,10 Km,-15.61,-71.6,AREQUIPA,CAYLLOMA,COPORAQUE,114.30242433630652,1114.0,2,0,1
22/06/2024 19:16:48,3.5,12 Km,-15.55,-71.55,AREQUIPA,CAYLLOMA,CHIVAY,243.11338103258214,5782.0,3,0,2
22/06/2024 15:46:43,5.7,38 Km,-16.02,-74.6,,,,,,0,0,0
22/06/2024 13:28:29,3.5,25 Km,-12.97,-77.35,,,,,,0,0,0
22/06/2024 02:26:36,5.0,36 Km,-16.01,-74.6,,,,,,0,0,0
21/06/2024 21:02:54,4.1,13 Km,-8.8,-76.26,HUANUCO,MARAÑON,LA MORADA,906.232832984846,4072.0,0,0,0
21/06/2024 19:58:10,3.7,10 Km,-15.56,-71.59,AREQUIPA,CAYLLOMA,TUTI,239.98972993939353,563.0,2,0,1
21/06/2024 09:41:03,4.0,107 Km,-14.36,-74.29,AYACUCHO,LUCANAS,LUCANAS,1210.8527496018105,2513.0,0,0,0
21/06/2024 02:25:56,3.6,36 Km,-12.58,-77.03,,,,,,0,0,0
20/06/2024 17:39:53,3.8,19 Km,-12.16,-74.77,HUANCAVELICA,TAYACAJA,SALCAHUASI,116.95630874389407,2367.0,0,0,0
20/06/2024 14:28:39,3.6,21 Km,-15.64,-71.58,AREQUIPA,CAYLLOMA,CHIVAY,243.11338103258214,5782.0,2,0,1
20/06/2024 08:50:06,4.0,129 Km,-7.11,-76.34,SAN MARTIN,BELLAVISTA,BAJO BIAVO,1122.1063684966564,15881.0,0,0,0
20/06/2024 01:33:20,4.2,110 Km,-7.7,-75.64,LORETO,UCAYALI,CONTAMANA,11003.035429161104,29587.0,0,0,0
19/06/2024 18:47:40,3.9,37 Km,-17.61,-71.36,,,,,,8,4,6
19/06/2024 17:15:03,4.4,107 Km,-4.14,-77.49,LORETO,DATEM DEL MARAÑON,MORONA,11043.901372452485,4147.0,0,0,0
19/06/2024 16:50:39,3.6,12 Km,-17.17,-70.78,MOQUEGUA,MARISCAL NIETO,MOQUEGUA,3496.5014394191817,49022.0,0,0,1
19/06/2024 14:10:11,4.1,45 Km,-15.86,-74.79,,,,,,0,0,0
18/06/2024 19:48:13,5.0,58 Km,-13.27,-76.49,,,,,,0,0,0
18/06/2024 17:34:16,3.8,33 Km,-4.1,-80.81,TUMBES,CONTRALMIRANTE VILLAR,CASITAS,863.3349161615419,2837.0,0,0,0
18/06/2024 10:47:40,4.4,110 Km,-17.06,-70.95,MOQUEGUA,MARISCAL NIETO,TORATA,1776.5735886061047,6688.0,0,0,0
18/06/2024 06:14:16,3.6,14 Km,-11.83,-75.5,JUNIN,JAUJA,PACCHA,89.10991403739456,1228.0,4,1,0
18/06/2024 04:16:30,3.9,33 Km,-6.53,-80.91,,,,,,0,0,0
17/06/2024 21:22:10,5.8,126 Km,-3.95,-77.01,LORETO,DATEM DEL MARAÑON,PASTAZA,9100.182512461359,6082.0,0,0,0
17/06/2024 16:34:12,3.5,18 Km,-15.93,-74.38,,,,,,0,0,0
17/06/2024 10:58:51,3.6,19 Km,-15.96,-74.39,,,,,,0,0,0
16/06/2024 21:39:32,4.2,35 Km,-16.02,-74.54,,,,,,0,0,0
16/06/2024 21:23:38,4.8,36 Km,-16.01,-74.51,,,,,,0,0,0
16/06/2024 09:47:30,6.3,25 Km,-16.09,-74.53,,,,,,0,0,0
15/06/2024 04:53:26,4.0,23 Km,-11.02,-79.44,,,,,,0,0,0
14/06/2024 09:53:22,3.6,52 Km,-16.88,-72.29,,,,,,0,0,0
14/06/2024 04:27:18,4.0,35 Km,-19.17,-70.7,,,,,,0,0,0
14/06/2024 02:52:18,3.9,15 Km,-8.8,-76.31,HUANUCO,MARAÑON,LA MORADA,906.232832984846,4072.0,0,0,0
13/06/2024 17:46:49,5.2,17 Km,-8.77,-76.24,SAN MARTIN,TOCACHE,NUEVO PROGRESO,824.6433710375615,12965.0,0,0,0
13/06/2024 16:39:36,3.5,7 Km,-15.61,-71.55,AREQUIPA,CAYLLOMA,CHIVAY,243.11338103258214,5782.0,2,0,1
13/06/2024 15:56:18,4.0,148 Km,-18.03,-69.79,TACNA,TACNA,TACNA,1919.688086384588,107519.0,0,0,0
13/06/2024 11:17:11,3.5,8 Km,-15.6,-71.57,AREQUIPA,CAYLLOMA,CHIVAY,243.11338103258214,5782.0,2,0,1
12/06/2024 19:29:47,3.6,22 Km,-8.67,-77.85,ANCASH,CORONGO,LA PAMPA,94.83428685597286,999.0,0,0,0
12/06/2024 15:18:21,4.5,120 Km,-14.99,-71.94,AREQUIPA,CAYLLOMA,CAYLLOMA,1508.33264590118,3608.0,0,0,0
12/06/2024 12:15:47,3.8,26 Km,-16.82,-72.59,,,,,,0,0,0
11/06/2024 14:03:41,3.5,21 Km,-15.25,-75.11,ICA,NASCA,MARCONA,1943.8301700860184,20265.0,0,0,0
11/06/2024 02:34:17,4.4,28 Km,-9.21,-79.39,,,,,,0,0,0
11/06/2024 01:10:19,3.6,9 Km,-15.57,-71.56,AREQUIPA,CAYLLOMA,CHIVAY,243.11338103258214,5782.0,2,0,1
10/06/2024 08:48:39,3.8,22 Km,-17.8,-70.69,TACNA,TACNA,SAMA,1139.769276483457,4093.0,0,0,0
10/06/2024 07:51:29,4.1,124 Km,-7.13,-76.25,SAN MARTIN,BELLAVISTA,BAJO BIAVO,1122.1063684966564,15881.0,0,0,0
08/06/2024 07:06:46,4.7,24 Km,-8.33,-80.15,,,,,,0,0,0
08/06/2024 06:38:19,4.2,29 Km,-7.03,-77.06,SAN MARTIN,MARISCAL CACERES,PACHIZA,1801.31998352835,7545.0,0,0,0
07/06/2024 02:10:17,3.5,14 Km,-6.25,-76.61,SAN MARTIN,LAMAS,SAN ROQUE DE CUMBAZA,652.1425717019362,1765.0,0,0,0
07/06/2024 00:47:34,4.2,42 Km,-18.35,-70.77,,,,,,0,0,0
06/06/2024 18:07:49,3.5,65 Km,-11.82,-77.12,LIMA,LIMA,ANCON,311.0024033850279,100194.0,38,7,10
06/06/2024 08:10:25,4.0,14 Km,-6.1,-76.42,SAN MARTIN,LAMAS,CAYNARACHI,1271.3611422880547,11718.0,0,0,0
05/06/2024 12:14:28,4.0,93 Km,-16.81,-71.78,AREQUIPA,ISLAY,MOLLENDO,933.9830468783583,27177.0,0,0,0
04/06/2024 17:07:39,4.0,120 Km,-15.3,-73.15,AREQUIPA,LA UNION,QUECHUALLA,135.36597314053213,281.0,0,0,1
04/06/2024 07:48:50,3.8,30 Km,-13.58,-77.03,,,,,,0,0,0
03/06/2024 23:47:45,3.6,110 Km,-11.89,-75.98,JUNIN,YAULI,SUITUCANCHA,215.33901843234395,650.0,0,0,0
03/06/2024 20:17:10,4.0,18 Km,-8.84,-75.9,UCAYALI,PADRE ABAD,PADRE ABAD,3573.6205002163974,31818.0,0,0,0
02/06/2024 15:29:40,4.0,45 Km,-9.04,-79.17,,,,,,0,0,0
01/06/2024 09:16:45,4.0,23 Km,-13.24,-74.41,AYACUCHO,HUAMANGA,VINCHOS,914.2346549328029,17076.0,0,0,0
29/05/2024 14:34:43,4.1,30 Km,-18.57,-71.57,,,,,,0,0,0
28/05/2024 09:44:41,4.2,27 Km,-14.42,-76.34,,,,,,0,0,0
26/05/2024 08:03:36,3.5,32 Km,-15.62,-74.2,AREQUIPA,CARAVELI,HUANUHUANU,705.1800850016543,3433.0,0,0,0
24/05/2024 04:58:47,5.0,22 Km,-9.91,-74.82,PASCO,OXAPAMPA,CONSTITUCION,3050.8103885859873,18532.0,0,0,0
24/05/2024 00:28:32,4.0,87 Km,-14.93,-74.73,ICA,NASCA,VISTA ALEGRE,534.0999691702049,27075.0,0,0,0
22/05/2024 20:21:51,3.7,32 Km,-12.59,-77.17,,,,,,0,0,0
22/05/2024 19:49:33,4.0,42 Km,-7.37,-79.97,,,,,,0,0,0
22/05/2024 11:38:52,4.0,235 Km,-15.49,-70.26,PUNO,SAN ROMAN,JULIACA,396.54153687421274,262477.0,0,0,0
22/05/2024 11:37:33,3.6,33 Km,-13.53,-76.2,,,,,,1,0,1
21/05/2024 22:00:42,4.0,22 Km,-9.2,-77.51,ANCASH,ASUNCION,CHACAS,451.63271802559007,4521.0,0,0,0
20/05/2024 21:43:09,5.5,104 Km,-3.74,-79.89,,,,,,0,0,0
20/05/2024 18:53:48,5.0,260 Km,-15.02,-70.38,PUNO,LAMPA,PUCARA,527.9765337915748,4975.0,1,0,2
20/05/2024 17:41:45,3.8,43 Km,-13.23,-76.85,,,,,,0,0,0
20/05/2024 12:23:43,4.6,95 Km,-14.48,-73.63,AYACUCHO,LUCANAS,CHIPAO,1155.7662855606534,2202.0,0,0,0
18/05/2024 06:46:40,4.9,23 Km,-14.33,-76.25,,,,,,0,0,0
16/05/2024 11:19:18,3.6,14 Km,-15.71,-71.88,AREQUIPA,CAYLLOMA,CABANACONDE,462.305213456443,2019.0,0,0,0
16/05/2024 09:08:53,4.0,39 Km,-9.38,-79.04,,,,,,0,0,0
16/05/2024 07:46:02,3.6,20 Km,-11.42,-76.34,JUNIN,YAULI,MARCAPOMACOCHA,883.3270768531785,676.0,0,0,0
16/05/2024 00:55:39,4.0,25 Km,-14.49,-76.31,,,,,,0,0,0
16/05/2024 00:13:50,5.6,21 Km,-14.51,-76.28,,,,,,0,0,0
16/05/2024 00:02:47,4.3,11 Km,-14.54,-76.33,,,,,,0,0,0
15/05/2024 23:59:37,4.6,45 Km,-14.27,-76.18,,,,,,0,0,0
15/05/2024 22:30:22,4.0,25 Km,-15.23,-76.7,,,,,,0,0,0
15/05/2024 22:12:11,3.7,15 Km,-11.39,-76.34,JUNIN,YAULI,MARCAPOMACOCHA,883.3270768531785,676.0,0,0,0
15/05/2024 21:39:09,4.4,24 Km,-14.5,-76.32,,,,,,0,0,0
14/05/2024 11:39:55,4.5,105 Km,-2.63,-77.87,,,,,,0,0,0
13/05/2024 22:00:33,4.2,20 Km,-4.51,-77.68,AMAZONAS,CONDORCANQUI,NIEVA,4190.023558679058,19600.0,0,0,0
13/05/2024 17:09:21,3.9,51 Km,-17.29,-71.88,,,,,,0,0,0
13/05/2024 09:13:11,4.8,28 Km,-9.92,-74.78,PASCO,OXAPAMPA,CONSTITUCION,3050.8103885859873,18532.0,0,0,0
12/05/2024 19:05:00,4.0,23 Km,-4.09,-77.89,AMAZONAS,CONDORCANQUI,RIO SANTIAGO,8088.7469214223365,19233.0,0,0,0
12/05/2024 14:58:01,4.0,18 Km,-11.47,-75.81,JUNIN,TARMA,TARMA,445.32722352255627,48896.0,0,0,0
12/05/2024 14:11:56,4.8,23 Km,-10.78,-73.87,UCAYALI,ATALAYA,RAIMONDI,14539.205149323814,43398.0,0,0,0
12/05/2024 09:54:34,4.1,87 Km,-8.88,-78.51,ANCASH,SANTA,CHIMBOTE,1448.9402771353598,215165.0,0,0,0
11/05/2024 04:15:57,3.5,43 Km,-14.69,-75.39,ICA,NASCA,CHANGUILLO,954.7194269304609,2313.0,0,0,0
10/05/2024 21:39:46,4.0,45 Km,-15.58,-74.82,,,,,,1,0,1
10/05/2024 07:34:48,5.0,138 Km,-8.81,-75.66,UCAYALI,PADRE ABAD,PADRE ABAD,3573.6205002163974,31818.0,0,0,0
09/05/2024 20:39:52,4.1,135 Km,-8.18,-75.21,UCAYALI,CORONEL PORTILLO,NUEVA REQUENA,2059.982910936714,5937.0,0,0,0
09/05/2024 20:33:40,4.2,92 Km,-15.7,-73.93,AREQUIPA,CARAVELI,CHAPARRA,1501.5147884944192,3404.0,0,0,0
09/05/2024 08:40:44,4.2,145 Km,-17.85,-69.83,TACNA,TACNA,PALCA,1462.9568465577868,2540.0,0,0,0
08/05/2024 01:41:26,4.1,38 Km,-9.81,-80.02,,,,,,0,0,0
08/05/2024 01:17:00,4.1,40 Km,-15.35,-75.37,,,,,,0,0,0
07/05/2024 17:36:35,3.7,48 Km,-11.14,-78.05,,,,,,0,0,0
07/05/2024 17:22:47,4.6,36 Km,-4.4,-81.79,,,,,,0,0,0
07/05/2024 16:44:27,4.2,110 Km,-10.84,-73.7,JUNIN,SATIPO,RIO TAMBO,10209.912281380044,28215.0,0,0,0
07/05/2024 03:19:27,4.5,25 Km,-10.74,-74.92,PASCO,OXAPAMPA,PUERTO BERMUDEZ,7672.2762987020205,22977.0,0,0,0
06/05/2024 05:11:39,4.2,67 Km,-3.51,-77.54,LORETO,DATEM DEL MARAÑON,MORONA,11043.901372452485,4147.0,0,0,0
05/05/2024 20:36:36,3.6,10 Km,-15.62,-71.54,AREQUIPA,CAYLLOMA,CHIVAY,243.11338103258214,5782.0,2,0,1
05/05/2024 15:43:11,3.5,43 Km,-12.44,-76.58,LIMA,CAÑETE,CHILCA,483.2526256283216,27272.0,0,0,0
05/05/2024 06:01:44,3.8,46 Km,-12.58,-76.93,,,,,,0,0,0
05/05/2024 04:32:39,4.6,36 Km,-12.2,-77.87,,,,,,0,0,0
05/05/2024 04:27:09,4.7,184 Km,-5.82,-75.2,LORETO,REQUENA,PUINAHUA,6281.096682979537,4362.0,0,0,0
05/05/2024 03:18:19,4.1,44 Km,-13.64,-76.66,,,,,,0,0,0
05/05/2024 02:17:39,3.5,11 Km,-13.69,-71.69,CUSCO,QUISPICANCHI,ANDAHUAYLILLAS,85.8709451589807,7509.0,0,0,5
05/05/2024 01:04:22,4.2,14 Km,-10.34,-75.46,PASCO,OXAPAMPA,PALCAZU,2787.5742321471407,7735.0,0,0,1
04/05/2024 23:38:15,4.7,9 Km,-13.63,-71.67,CUSCO,PAUCARTAMBO,CAICAY,107.07945173019937,3181.0,1,0,5
04/05/2024 23:16:37,4.0,20 Km,-8.77,-76.28,HUANUCO,MARAÑON,LA MORADA,906.232832984846,4072.0,0,0,0
04/05/2024 22:17:27,3.8,52 Km,-11.99,-77.56,,,,,,0,0,0
04/05/2024 22:01:40,3.5,48 Km,-12.6,-76.91,,,,,,0,0,0
04/05/2024 20:29:16,3.5,46 Km,-12.56,-76.84,,,,,,1,0,1
04/05/2024 03:29:03,4.2,225 Km,-15.68,-70.32,PUNO,SAN ROMAN,CABANA,193.94593956929276,5644.0,1,0,2
03/05/2024 23:00:31,5.2,95 Km,-4.54,-76.63,LORETO,DATEM DEL MARAÑON,PASTAZA,9100.182512461359,6082.0,0,0,0
03/05/2024 14:34:03,4.2,19 Km,-9.17,-75.64,UCAYALI,PADRE ABAD,PADRE ABAD,3573.6205002163974,31818.0,0,0,0
03/05/2024 09:35:03,4.0,18 Km,-9.16,-75.65,UCAYALI,PADRE ABAD,PADRE ABAD,3573.6205002163974,31818.0,0,0,0
03/05/2024 09:19:27,4.2,48 Km,-3.76,-80.32,TUMBES,TUMBES,PAMPAS DE HOSPITAL,731.530661873473,7760.0,0,0,0
03/05/2024 06:43:48,3.5,51 Km,-12.51,-76.75,LIMA,CAÑETE,CHILCA,483.2526256283216,27272.0,2,1,1
03/05/2024 01:02:46,4.0,25 Km,-9.27,-75.66,UCAYALI,PADRE ABAD,PADRE ABAD,3573.6205002163974,31818.0,0,0,0
02/05/2024 18:09:51,3.5,44 Km,-12.58,-76.92,,,,,,0,0,0
02/05/2024 00:11:21,3.8,33 Km,-14.91,-75.32,ICA,NASCA,CHANGUILLO,954.7194269304609,2313.0,0,0,0
01/05/2024 22:34:23,3.6,30 Km,-12.5,-76.81,,,,,,2,1,1
01/05/2024 22:06:51,3.5,12 Km,-13.59,-72.63,APURIMAC,ABANCAY,CURAHUASI,860.4410732722076,17061.0,2,1,0
01/05/2024 21:16:09,4.8,18 Km,-13.64,-72.65,APURIMAC,ABANCAY,CURAHUASI,860.4410732722076,17061.0,0,0,0
01/05/2024 12:00:26,3.6,36 Km,-12.51,-76.76,LIMA,CAÑETE,CHILCA,483.2526256283216,27272.0,2,1,1
01/05/2024 05:58:30,4.1,15 Km,-10.34,-75.44,PASCO,OXAPAMPA,PALCAZU,2787.5742321471407,7735.0,0,0,1
30/04/2024 16:30:51,3.5,13 Km,-13.64,-71.69,CUSCO,QUISPICANCHI,ANDAHUAYLILLAS,85.8709451589807,7509.0,2,0,6
30/04/2024 07:06:54,3.3,9 Km,-13.69,-71.71,CUSCO,QUISPICANCHI,ANDAHUAYLILLAS,85.8709451589807,7509.0,0,0,5
30/04/2024 06:59:46,3.4,9 Km,-13.7,-71.69,CUSCO,QUISPICANCHI,ANDAHUAYLILLAS,85.8709451589807,7509.0,0,0,4
30/04/2024 05:09:10,4.4,10 Km,-13.55,-71.66,CUSCO,PAUCARTAMBO,CAICAY,107.07945173019937,3181.0,0,0,3
29/04/2024 23:59:45,3.7,43 Km,-13.07,-77.38,,,,,,0,0,0
29/04/2024 09:49:38,4.0,120 Km,-19.27,-69.54,,,,,,0,0,0
29/04/2024 01:48:03,3.8,30 Km,-16.17,-73.85,,,,,,0,0,0
28/04/2024 14:55:42,4.0,37 Km,-9.33,-79.25,,,,,,0,0,0
27/04/2024 20:58:16,3.5,10 Km,-13.44,-71.94,CUSCO,CALCA,COYA,70.37761955731577,3609.0,19,2,8
26/04/2024 00:07:35,4.2,138 Km,-14.91,-71.76,CUSCO,ESPINAR,COPORAQUE,1546.8259750700222,8333.0,0,0,0
25/04/2024 18:03:14,4.0,20 Km,-18.53,-71.2,,,,,,0,0,0
25/04/2024 17:27:38,3.8,70 Km,-4.04,-80.07,,,,,,3,1,0
25/04/2024 02:43:09,3.5,13 Km,-13.58,-71.74,CUSCO,QUISPICANCHI,LUCRE,118.2958414617301,5592.0,2,0,6
24/04/2024 22:33:54,4.0,160 Km,-7.67,-74.63,LORETO,UCAYALI,PADRE MARQUEZ,2434.9195833576787,2981.0,0,0,0
24/04/2024 17:58:52,3.7,12 Km,-13.58,-71.74,CUSCO,QUISPICANCHI,LUCRE,118.2958414617301,5592.0,2,0,6
24/04/2024 10:13:11,3.8,25 Km,-5.81,-76.86,SAN MARTIN,MOYOBAMBA,MOYOBAMBA,2699.074096293949,90399.0,0,0,0
23/04/2024 12:13:47,4.1,36 Km,-4.59,-81.94,,,,,,0,0,0
23/04/2024 07:25:46,4.2,40 Km,-16.1,-74.05,,,,,,0,0,0
22/04/2024 17:47:02,4.0,70 Km,-15.91,-74.16,,,,,,2,0,2
22/04/2024 14:38:04,4.1,36 Km,-18.03,-71.49,,,,,,0,0,0
22/04/2024 12:26:57,3.6,17 Km,-15.63,-71.84,AREQUIPA,CAYLLOMA,CABANACONDE,462.305213456443,2019.0,3,0,1
22/04/2024 06:54:13,3.6,9 Km,-12.4,-75.31,JUNIN,HUANCAYO,HUASICANCHA,51.99880610239294,781.0,0,0,0
21/04/2024 18:22:34,4.6,15 Km,-3.77,-81.68,,,,,,0,0,0
21/04/2024 17:15:58,4.0,104 Km,-14.95,-72.89,AREQUIPA,LA UNION,PAMPAMARCA,787.947357155903,1032.0,0,0,0
21/04/2024 13:58:36,4.1,121 Km,-8.68,-75.67,UCAYALI,PADRE ABAD,PADRE ABAD,3573.6205002163974,31818.0,0,0,0
21/04/2024 09:18:10,4.1,52 Km,-5.18,-81.0,PIURA,PAITA,PAITA,707.9133323255332,111455.0,1,0,0
20/04/2024 09:47:36,4.0,15 Km,-8.96,-75.97,HUANUCO,LEONCIO PRADO,SANTO DOMINGO DE ANDA,280.6121869749248,2480.0,0,0,0
19/04/2024 20:03:04,3.7,21 Km,-12.14,-74.77,HUANCAVELICA,TAYACAJA,SALCAHUASI,116.95630874389407,2367.0,0,0,0
18/04/2024 22:33:21,3.8,20 Km,-9.46,-75.81,HUANUCO,PACHITEA,CHAGLLA,1077.98700106266,9093.0,0,0,0
16/04/2024 20:56:55,4.0,15 Km,-13.6,-71.74,CUSCO,QUISPICANCHI,LUCRE,118.2958414617301,5592.0,2,0,5
16/04/2024 17:41:42,3.6,21 Km,-10.78,-74.65,PASCO,OXAPAMPA,PUERTO BERMUDEZ,7672.2762987020205,22977.0,0,0,0
16/04/2024 08:54:22,4.3,152 Km,-8.73,-74.6,HUANUCO,PUERTO INCA,HONORIA,948.5424258598349,4485.0,0,0,0
16/04/2024 07:24:04,3.7,19 Km,-16.8,-71.53,AREQUIPA,ISLAY,COCACHACRA,1553.6412565678545,8219.0,0,0,0
16/04/2024 00:38:11,4.0,37 Km,-18.57,-70.65,,,,,,0,0,0
15/04/2024 17:06:51,4.0,25 Km,-5.56,-77.34,LORETO,DATEM DEL MARAÑON,BARRANCA,7390.874928637884,16745.0,0,0,0
14/04/2024 23:13:13,4.5,21 Km,-14.5,-76.17,,,,,,0,0,0
14/04/2024 18:54:00,3.7,14 Km,-6.11,-76.92,SAN MARTIN,MOYOBAMBA,JEPELACIO,386.19684689082254,15060.0,4,1,1
14/04/2024 09:05:53,4.2,51 Km,-6.41,-80.27,LAMBAYEQUE,LAMBAYEQUE,OLMOS,5721.937851175903,58895.0,0,0,0
14/04/2024 08:56:47,4.8,34 Km,-12.24,-77.37,,,,,,0,0,0
14/04/2024 02:01:49,3.6,14 Km,-11.29,-76.68,LIMA,HUARAL,ATAVILLOS ALTO,345.1368121734232,627.0,0,0,0
14/04/2024 00:17:23,4.0,38 Km,-18.4,-71.31,,,,,,0,0,0
13/04/2024 04:25:50,3.7,105 Km,-11.9,-76.58,LIMA,HUAROCHIRI,SAN MATEO DE OTAO,134.51493160550237,1228.0,0,0,1
12/04/2024 11:09:33,4.1,142 Km,-7.98,-76.39,SAN MARTIN,BELLAVISTA,ALTO BIAVO,5956.58747119889,10596.0,0,0,0
11/04/2024 19:27:20,4.2,138 Km,-7.34,-74.92,LORETO,UCAYALI,CONTAMANA,11003.035429161104,29587.0,0,0,1
11/04/2024 08:59:04,4.0,18 Km,-8.31,-77.72,ANCASH,PALLASCA,CONCHUCOS,580.3478922782947,7536.0,0,0,0
10/04/2024 17:42:18,4.0,24 Km,-18.11,-71.66,,,,,,0,0,0
10/04/2024 14:52:24,4.0,29 Km,-16.58,-73.82,,,,,,0,0,0
10/04/2024 10:33:41,5.1,220 Km,-17.44,-68.9,,,,,,0,0,0
10/04/2024 00:16:27,4.6,53 Km,-12.85,-76.75,,,,,,0,0,0
09/04/2024 17:21:09,4.5,88 Km,-15.68,-74.21,AREQUIPA,CARAVELI,CHALA,340.21008853017196,11261.0,0,0,0
09/04/2024 11:39:41,4.5,124 Km,-14.59,-72.04,CUSCO,CHUMBIVILCAS,SANTO TOMAS,1907.5292381126417,22581.0,0,0,0
09/04/2024 01:39:30,3.8,41 Km,-17.69,-71.32,MOQUEGUA,ILO,ILO,280.7776489325596,72506.0,8,4,6
08/04/2024 22:07:01,4.8,32 Km,-3.96,-81.24,,,,,,0,0,0
06/04/2024 15:04:30,4.0,110 Km,-11.82,-75.03,JUNIN,CONCEPCION,COMAS,948.3694290679983,4627.0,0,0,0
06/04/2024 04:12:31,4.0,170 Km,-17.2,-70.14,TACNA,CANDARAVE,CANDARAVE,1389.0982243705678,2318.0,1,0,0
05/04/2024 22:34:45,3.6,15 Km,-10.82,-75.52,JUNIN,JUNIN,ULCUMAYO,1132.1663074655596,3437.0,0,0,0
05/04/2024 15:07:16,4.0,212 Km,-16.69,-69.44,PUNO,CHUCUITO,HUACULLANI,632.2421371447032,7497.0,0,0,0
05/04/2024 07:09:24,4.0,144 Km,-7.57,-74.77,LORETO,UCAYALI,CONTAMANA,11003.035429161104,29587.0,0,0,0
04/04/2024 18:11:28,4.0,46 Km,-11.54,-77.58,,,,,,0,0,0
03/04/2024 15:25:19,3.5,90 Km,-9.01,-78.5,ANCASH,SANTA,CHIMBOTE,1448.9402771353598,215165.0,11,1,4
02/04/2024 22:32:22,5.0,18 Km,-10.46,-75.64,PASCO,OXAPAMPA,HUANCABAMBA,1134.2161266660814,7202.0,0,0,0
02/04/2024 14:36:53,3.8,25 Km,-17.33,-71.77,,,,,,0,0,0
02/04/2024 11:12:20,3.7,12 Km,-15.64,-72.06,AREQUIPA,CAYLLOMA,CABANACONDE,462.305213456443,2019.0,1,0,1
02/04/2024 03:38:22,4.0,52 Km,-12.61,-76.81,,,,,,0,0,0
01/04/2024 22:07:31,3.7,10 Km,-15.65,-71.91,AREQUIPA,CAYLLOMA,CABANACONDE,462.305213456443,2019.0,2,0,1
01/04/2024 15:00:20,4.0,137 Km,-8.61,-76.19,SAN MARTIN,TOCACHE,NUEVO PROGRESO,824.6433710375615,12965.0,0,0,0
01/04/2024 08:23:27,4.4,28 Km,-10.5,-75.66,PASCO,OXAPAMPA,HUANCABAMBA,1134.2161266660814,7202.0,0,0,0
01/04/2024 02:42:33,4.0,39 Km,-16.16,-74.41,,,,,,0,0,0
31/03/2024 00:07:19,4.1,15 Km,-10.44,-75.64,PASCO,OXAPAMPA,HUANCABAMBA,1134.2161266660814,7202.0,0,0,0
30/03/2024 06:29:19,3.9,49 Km,-11.52,-77.81,,,,,,0,0,0
30/03/2024 03:56:17,4.3,42 Km,-3.67,-80.9,,,,,,0,0,0
30/03/2024 02:18:30,3.6,55 Km,-12.71,-76.87,,,,,,0,0,0
29/03/2024 19:39:18,4.0,18 Km,-5.75,-78.72,CAJAMARCA,JAEN,BELLAVISTA,869.4847753804847,16496.0,2,0,1
29/03/2024 17:25:20,3.5,21 Km,-5.81,-78.55,AMAZONAS,UTCUBAMBA,BAGUA GRANDE,729.4867024694034,59952.0,0,0,0
29/03/2024 12:26:39,4.0,61 Km,-18.24,-70.51,TACNA,TACNA,LA YARADA LOS PALOS,545.6995435139847,6922.0,1,0,1
28/03/2024 15:32:19,3.8,52 Km,-6.77,-79.91,LAMBAYEQUE,LAMBAYEQUE,SAN JOSE,45.833054469950035,19819.0,23,4,7
28/03/2024 15:04:16,4.1,121 Km,-8.54,-76.01,HUANUCO,LEONCIO PRADO,JOSE CRESPO Y CASTILLO,1501.6429587930809,23973.0,0,0,0
28/03/2024 07:49:02,4.0,35 Km,-8.96,-75.63,UCAYALI,PADRE ABAD,PADRE ABAD,3573.6205002163974,31818.0,0,0,0
28/03/2024 06:01:15,5.1,50 Km,-8.89,-75.65,UCAYALI,PADRE ABAD,PADRE ABAD,3573.6205002163974,31818.0,0,0,0
28/03/2024 01:37:16,4.0,170 Km,-17.76,-69.39,,,,,,0,0,0
27/03/2024 23:05:13,5.3,158 Km,-7.79,-74.48,UCAYALI,CORONEL PORTILLO,CALLERIA,11645.766871791395,183046.0,0,0,0
27/03/2024 15:16:15,4.1,28 Km,-8.85,-74.82,HUANUCO,PUERTO INCA,HONORIA,948.5424258598349,4485.0,0,0,0
27/03/2024 09:16:14,5.1,145 Km,-8.77,-72.84,,,,,,0,0,0
27/03/2024 06:29:29,4.7,158 Km,-7.22,-74.56,LORETO,UCAYALI,CONTAMANA,11003.035429161104,29587.0,0,0,0
26/03/2024 22:12:55,3.6,11 Km,-15.74,-72.05,AREQUIPA,CAYLLOMA,HUAMBO,716.367191636351,636.0,0,0,2
26/03/2024 15:12:16,3.7,19 Km,-16.83,-71.57,AREQUIPA,ISLAY,COCACHACRA,1553.6412565678545,8219.0,0,0,0
26/03/2024 02:16:11,4.2,52 Km,-15.98,-74.01,AREQUIPA,CARAVELI,CHAPARRA,1501.5147884944192,3404.0,0,0,0
26/03/2024 02:15:20,3.9,27 Km,-5.73,-78.71,CAJAMARCA,JAEN,BELLAVISTA,869.4847753804847,16496.0,0,0,1
25/03/2024 23:07:02,3.6,18 Km,-5.77,-78.69,AMAZONAS,UTCUBAMBA,CUMBA,301.8352909413412,8449.0,0,0,1
25/03/2024 22:57:02,3.7,11 Km,-15.59,-71.56,AREQUIPA,CAYLLOMA,CHIVAY,243.11338103258214,5782.0,2,0,1
25/03/2024 22:13:16,3.6,8 Km,-15.7,-71.88,AREQUIPA,CAYLLOMA,CABANACONDE,462.305213456443,2019.0,1,0,0
25/03/2024 13:47:40,4.2,43 Km,-5.74,-78.73,CAJAMARCA,JAEN,BELLAVISTA,869.4847753804847,16496.0,2,1,1
25/03/2024 10:40:01,4.0,105 Km,-3.97,-79.94,,,,,,1,1,0
24/03/2024 09:51:40,3.7,14 Km,-4.26,-80.66,PIURA,SULLANA,LANCONES,2153.5395627277157,13388.0,0,0,0
24/03/2024 00:46:47,4.1,81 Km,-5.54,-79.77,PIURA,MORROPON,SALITRAL,612.4543095755347,9292.0,0,0,0
23/03/2024 19:04:52,3.7,43 Km,-12.74,-76.96,,,,,,0,0,0
23/03/2024 17:35:12,4.7,21 Km,-6.0,-79.42,LAMBAYEQUE,LAMBAYEQUE,SALAS,1075.8476519002481,13916.0,0,0,0
23/03/2024 10:44:35,4.0,80 Km,-12.56,-76.59,LIMA,CAÑETE,CALANGO,526.8947797883505,2457.0,0,0,1
23/03/2024 08:35:27,4.2,135 Km,-8.4,-75.02,UCAYALI,PADRE ABAD,CURIMANA,1877.6509837698943,11647.0,0,0,0
23/03/2024 02:41:01,3.6,8 Km,-15.62,-71.54,AREQUIPA,CAYLLOMA,CHIVAY,243.11338103258214,5782.0,2,0,1
22/03/2024 08:04:04,3.5,18 Km,-16.2,-70.55,MOQUEGUA,GENERAL SANCHEZ CERRO,ICHUÑA,1003.869801819972,2787.0,1,0,1
22/03/2024 05:16:09,4.4,31 Km,-15.01,-75.91,,,,,,0,0,0
20/03/2024 03:12:29,4.1,36 Km,-5.3,-81.9,,,,,,0,0,0
19/03/2024 21:11:37,4.0,117 Km,-14.02,-74.62,AYACUCHO,HUANCA SANCOS,SANCOS,1356.0502633523972,3108.0,0,0,0
18/03/2024 18:40:55,4.3,112 Km,-4.86,-76.09,LORETO,DATEM DEL MARAÑON,PASTAZA,9100.182512461359,6082.0,0,0,0
18/03/2024 01:45:50,5.0,37 Km,-10.72,-78.53,,,,,,0,0,0
17/03/2024 13:41:00,3.8,37 Km,-9.36,-79.19,,,,,,0,0,0
17/03/2024 10:28:10,4.5,18 Km,-16.23,-75.06,,,,,,0,0,0
17/03/2024 02:35:40,3.5,10 Km,-15.22,-71.0,CUSCO,ESPINAR,CONDOROMA,517.0746687707144,812.0,0,0,0
17/03/2024 00:56:42,4.5,36 Km,-5.43,-77.32,LORETO,DATEM DEL MARAÑON,BARRANCA,7390.874928637884,16745.0,0,0,0
16/03/2024 19:45:18,4.0,42 Km,-5.61,-80.9,,,,,,3,1,0
16/03/2024 16:17:44,3.9,42 Km,-15.66,-74.33,AREQUIPA,CARAVELI,ATIQUIPA,423.06368687249454,438.0,0,0,0
16/03/2024 00:12:26,3.9,87 Km,-17.88,-70.47,TACNA,TACNA,SAMA,1139.769276483457,4093.0,0,1,2
15/03/2024 17:17:21,3.8,17 Km,-5.55,-77.12,LORETO,DATEM DEL MARAÑON,BARRANCA,7390.874928637884,16745.0,0,0,0
15/03/2024 06:21:51,4.0,139 Km,-8.65,-74.5,UCAYALI,CORONEL PORTILLO,MANANTAY,644.5062871740798,119146.0,0,0,0
13/03/2024 16:28:48,3.5,9 Km,-15.75,-71.68,AREQUIPA,CAYLLOMA,ACHOMA,366.1901216924418,808.0,0,0,0
13/03/2024 04:30:05,5.0,131 Km,-18.73,-69.66,,,,,,0,0,0
12/03/2024 21:50:36,4.4,111 Km,-15.14,-73.31,AYACUCHO,PAUCAR DEL SARA SARA,COLTA,248.12629147440387,351.0,0,0,0
12/03/2024 18:23:32,4.0,17 Km,-8.33,-80.21,,,,,,0,0,0
12/03/2024 17:27:10,4.0,24 Km,-12.14,-74.74,HUANCAVELICA,TAYACAJA,SALCAHUASI,116.95630874389407,2367.0,0,0,0
12/03/2024 17:04:50,4.6,25 Km,-11.89,-74.55,JUNIN,HUANCAYO,SANTO DOMINGO DE ACOBAMBA,876.3617078192144,5743.0,0,0,0
12/03/2024 16:19:53,4.5,33 Km,-16.35,-74.24,,,,,,0,0,0
11/03/2024 01:29:15,4.7,65 Km,-13.6,-76.15,ICA,PISCO,SAN CLEMENTE,136.8458168789453,32227.0,1,1,1
09/03/2024 20:40:32,4.0,29 Km,-17.6,-73.31,,,,,,0,0,0
09/03/2024 05:04:47,4.3,105 Km,-14.54,-72.28,CUSCO,CHUMBIVILCAS,LLUSCO,315.43310629539906,4022.0,0,0,0
09/03/2024 05:04:24,3.6,8 Km,-16.75,-71.31,MOQUEGUA,GENERAL SANCHEZ CERRO,LA CAPILLA,781.3442385322384,401.0,1,0,0
08/03/2024 01:54:54,4.7,105 Km,-14.68,-73.52,APURIMAC,AYMARAES,COTARUSE,1735.3753103825304,2045.0,0,0,0
07/03/2024 22:15:46,4.1,118 Km,-14.47,-73.56,AYACUCHO,LUCANAS,CHIPAO,1155.7662855606534,2202.0,0,0,0
07/03/2024 11:31:59,5.2,47 Km,-13.6,-76.29,,,,,,0,0,0
06/03/2024 22:24:37,4.0,105 Km,-12.71,-75.87,LIMA,YAUYOS,CATAHUASI,118.23062074796884,1057.0,0,0,1
06/03/2024 09:31:40,3.6,43 Km,-12.32,-77.11,,,,,,0,0,0
05/03/2024 04:09:17,4.4,131 Km,-8.6,-74.82,UCAYALI,CORONEL PORTILLO,CAMPOVERDE,1324.6762309011792,21533.0,0,0,0
04/03/2024 17:01:32,4.5,68 Km,-19.26,-69.64,,,,,,0,0,0
04/03/2024 09:59:27,4.5,83 Km,-12.07,-76.83,LIMA,LIMA,CIENEGUILLA,225.29075138012672,41278.0,24,1,7
02/03/2024 17:44:34,4.4,23 Km,-10.02,-74.73,PASCO,OXAPAMPA,PUERTO BERMUDEZ,7672.2762987020205,22977.0,0,0,0
01/03/2024 02:12:26,4.0,119 Km,-16.84,-71.14,MOQUEGUA,GENERAL SANCHEZ CERRO,PUQUINA,595.8123070565455,2371.0,0,0,0
01/03/2024 00:51:09,4.3,52 Km,-14.23,-75.86,ICA,ICA,ICA,886.5000051633018,185788.0,0,0,0
29/02/2024 14:54:39,3.8,11 Km,-10.97,-75.0,JUNIN,CHANCHAMAYO,PERENE,1490.023593821885,60876.0,0,0,0
29/02/2024 09:46:27,4.3,25 Km,-10.19,-80.32,,,,,,0,0,0
29/02/2024 06:48:42,3.5,20 Km,-16.78,-71.33,MOQUEGUA,GENERAL SANCHEZ CERRO,LA CAPILLA,781.3442385322384,401.0,1,0,0
29/02/2024 04:13:02,4.1,62 Km,-15.64,-74.54,AREQUIPA,CARAVELI,YAUCA,542.9387821183575,2127.0,0,0,1
28/02/2024 20:05:53,3.5,11 Km,-15.81,-71.77,AREQUIPA,CAYLLOMA,ACHOMA,366.1901216924418,808.0,0,0,0
28/02/2024 04:48:51,3.7,15 Km,-11.21,-75.9,JUNIN,TARMA,SAN PEDRO DE CAJAS,511.988657512136,2810.0,1,0,0
28/02/2024 03:34:12,4.0,10 Km,-11.42,-73.32,CUSCO,LA CONVENCION,MEGANTONI,10713.82473732827,7363.0,0,0,0
26/02/2024 21:37:12,4.1,91 Km,-13.15,-75.17,HUANCAVELICA,CASTROVIRREYNA,SANTA ANA,643.0185246164637,645.0,0,0,0
25/02/2024 20:40:27,4.1,12 Km,-15.8,-71.78,AREQUIPA,CAYLLOMA,MACA,237.26286538445896,667.0,0,0,0
24/02/2024 21:04:41,4.1,136 Km,-10.5,-76.2,PASCO,PASCO,SAN FRANCISCO DE ASIS DE YARUSYACAN,120.16931259653677,2650.0,2,0,0
24/02/2024 07:21:43,4.5,113 Km,-15.09,-73.51,AYACUCHO,PAUCAR DEL SARA SARA,LAMPA,280.97553899870985,1805.0,0,0,0
23/02/2024 21:22:53,3.8,13 Km,-10.85,-74.75,JUNIN,CHANCHAMAYO,PICHANAQUI,1242.3813491083604,39986.0,0,0,0
23/02/2024 16:09:22,4.0,94 Km,-4.06,-79.92,,,,,,1,0,0
23/02/2024 09:07:27,4.5,174 Km,-8.38,-75.58,LORETO,UCAYALI,CONTAMANA,11003.035429161104,29587.0,0,0,0
23/02/2024 04:39:00,4.3,170 Km,-17.74,-69.78,,,,,,0,0,0
22/02/2024 22:53:34,4.0,97 Km,-3.69,-78.33,AMAZONAS,CONDORCANQUI,EL CENEPA,5623.536025537718,13578.0,0,0,0
22/02/2024 17:46:10,3.8,17 Km,-16.76,-71.19,MOQUEGUA,GENERAL SANCHEZ CERRO,LA CAPILLA,781.3442385322384,401.0,1,0,0
22/02/2024 11:13:14,4.0,22 Km,-11.43,-73.34,CUSCO,LA CONVENCION,MEGANTONI,10713.82473732827,7363.0,0,0,0
22/02/2024 01:22:59,3.7,11 Km,-15.34,-71.0,PUNO,LAMPA,SANTA LUCIA,1595.2796984668987,7090.0,0,0,0
21/02/2024 23:23:01,4.1,155 Km,-14.93,-71.91,AREQUIPA,CAYLLOMA,CAYLLOMA,1508.33264590118,3608.0,0,0,0
19/02/2024 11:23:17,5.5,35 Km,-9.44,-79.14,,,,,,0,0,0
19/02/2024 03:51:15,5.2,123 Km,-6.43,-76.28,SAN MARTIN,SAN MARTIN,LA BANDA DE SHILCAYO,266.5510248182164,54896.0,4,0,4
19/02/2024 01:23:20,5.0,123 Km,-13.17,-75.23,HUANCAVELICA,CASTROVIRREYNA,SANTA ANA,643.0185246164637,645.0,0,0,0
18/02/2024 21:53:11,4.1,28 Km,-6.44,-76.02,SAN MARTIN,LAMAS,BARRANQUITA,1056.9732251783887,8109.0,0,0,0
18/02/2024 19:10:15,4.2,19 Km,-8.24,-77.87,ANCASH,PALLASCA,PAMPAS,440.5956311230834,2902.0,2,0,1
18/02/2024 18:57:01,4.1,138 Km,-14.9,-71.87,AREQUIPA,CAYLLOMA,CAYLLOMA,1508.33264590118,3608.0,0,0,0
17/02/2024 01:29:23,4.2,161 Km,-7.9,-74.67,LORETO,UCAYALI,PADRE MARQUEZ,2434.9195833576787,2981.0,0,0,0
16/02/2024 22:45:12,4.0,21 Km,-4.84,-78.71,CAJAMARCA,SAN IGNACIO,SAN JOSE DE LOURDES,1364.7606912410445,20013.0,0,0,0
16/02/2024 15:26:25,4.2,110 Km,-8.58,-75.74,UCAYALI,PADRE ABAD,PADRE ABAD,3573.6205002163974,31818.0,0,0,0
16/02/2024 13:59:02,3.5,20 Km,-16.81,-71.57,AREQUIPA,ISLAY,COCACHACRA,1553.6412565678545,8219.0,0,0,0
16/02/2024 01:54:10,4.4,168 Km,-8.27,-74.25,UCAYALI,CORONEL PORTILLO,CALLERIA,11645.766871791395,183046.0,0,0,0
16/02/2024 01:27:40,4.8,35 Km,-19.47,-70.91,,,,,,0,0,0
15/02/2024 20:53:15,4.3,121 Km,-4.13,-77.16,LORETO,DATEM DEL MARAÑON,MORONA,11043.901372452485,4147.0,0,0,0
15/02/2024 15:53:35,5.4,57 Km,-11.56,-77.52,,,,,,0,0,0
14/02/2024 13:30:35,4.0,41 Km,-11.79,-77.83,,,,,,0,0,0
13/02/2024 21:47:21,3.9,106 Km,-3.63,-79.62,,,,,,6,2,1
13/02/2024 15:29:13,3.5,52 Km,-11.78,-77.46,,,,,,0,0,0
13/02/2024 07:33:58,3.4,9 Km,-15.75,-71.79,AREQUIPA,CAYLLOMA,MACA,237.26286538445896,667.0,0,0,0
12/02/2024 17:25:00,4.0,122 Km,-16.27,-72.07,AREQUIPA,AREQUIPA,SANTA ISABEL DE SIGUAS,183.33056549515953,584.0,0,0,1
11/02/2024 20:48:53,4.0,25 Km,-8.53,-75.84,LORETO,UCAYALI,CONTAMANA,11003.035429161104,29587.0,0,0,0
11/02/2024 20:44:40,4.0,154 Km,-8.42,-75.59,LORETO,UCAYALI,CONTAMANA,11003.035429161104,29587.0,0,0,0
11/02/2024 20:41:52,4.2,154 Km,-8.36,-75.59,LORETO,UCAYALI,CONTAMANA,11003.035429161104,29587.0,0,0,0
11/02/2024 13:38:07,4.5,116 Km,-8.85,-75.97,HUANUCO,LEONCIO PRADO,JOSE CRESPO Y CASTILLO,1501.6429587930809,23973.0,0,0,0
11/02/2024 13:17:28,4.0,51 Km,-9.73,-78.64,,,,,,0,0,0
11/02/2024 01:53:05,4.0,28 Km,-15.83,-75.42,,,,,,0,0,0
10/02/2024 04:33:12,3.7,52 Km,-12.97,-76.88,,,,,,0,0,0
10/02/2024 00:36:11,3.8,48 Km,-11.01,-78.28,,,,,,0,0,0
09/02/2024 22:21:28,5.0,100 Km,-14.16,-73.75,AYACUCHO,SUCRE,MORCOLLA,288.8243070788913,1187.0,0,0,0
09/02/2024 17:17:02,4.6,17 Km,-18.0,-73.25,,,,,,0,0,0
09/02/2024 15:52:16,4.0,95 Km,-16.12,-72.79,AREQUIPA,CONDESUYOS,CHUQUIBAMBA,1186.5351513834737,3319.0,0,0,0
09/02/2024 13:21:09,4.0,135 Km,-6.49,-75.16,LORETO,UCAYALI,SARAYACU,6244.4583735259985,15351.0,0,0,0
08/02/2024 04:57:16,3.6,9 Km,-15.84,-71.75,AREQUIPA,CAYLLOMA,ACHOMA,366.1901216924418,808.0,0,0,0
07/02/2024 03:06:25,3.5,59 Km,-12.5,-76.77,LIMA,CAÑETE,CHILCA,483.2526256283216,27272.0,2,1,1
06/02/2024 20:35:53,3.6,12 Km,-15.82,-71.74,AREQUIPA,CAYLLOMA,ACHOMA,366.1901216924418,808.0,0,0,0
06/02/2024 20:31:59,4.0,12 Km,-15.83,-71.75,AREQUIPA,CAYLLOMA,ACHOMA,366.1901216924418,808.0,0,0,0
06/02/2024 20:08:41,4.0,38 Km,-7.78,-80.26,,,,,,0,0,0
06/02/2024 06:05:16,4.5,64 Km,-15.66,-74.56,AREQUIPA,CARAVELI,YAUCA,542.9387821183575,2127.0,0,0,1
06/02/2024 00:02:08,3.6,38 Km,-12.61,-76.73,,,,,,0,1,1
05/02/2024 23:18:59,3.9,9 Km,-15.78,-71.74,AREQUIPA,CAYLLOMA,ACHOMA,366.1901216924418,808.0,0,0,0
05/02/2024 22:05:21,4.2,50 Km,-13.93,-76.08,ICA,PISCO,PARACAS,1425.1806077941,11173.0,0,0,0
05/02/2024 14:09:43,4.0,150 Km,-8.74,-74.35,UCAYALI,CORONEL PORTILLO,MASISEA,14703.963010097246,12095.0,0,0,0
05/02/2024 12:42:29,4.0,35 Km,-10.44,-75.18,PASCO,OXAPAMPA,PALCAZU,2787.5742321471407,7735.0,0,0,0
05/02/2024 04:01:06,3.4,52 Km,-11.9,-77.37,,,,,,0,0,0
04/02/2024 15:17:16,4.0,20 Km,-17.38,-72.65,,,,,,0,0,0
04/02/2024 11:29:51,4.1,105 Km,-16.28,-72.59,AREQUIPA,CASTILLA,URACA,693.8418156934608,6265.0,0,0,0
04/02/2024 00:30:04,4.3,123 Km,-10.94,-76.45,PASCO,PASCO,HUAYLLAY,1017.6470613988499,8900.0,0,0,1
03/02/2024 23:02:42,5.0,111 Km,-19.67,-70.07,,,,,,0,0,0
03/02/2024 18:30:51,5.2,49 Km,-8.11,-80.1,,,,,,0,0,0
03/02/2024 03:17:52,4.0,20 Km,-17.37,-72.64,,,,,,0,0,0
02/02/2024 21:36:37,4.0,20 Km,-4.2,-77.74,AMAZONAS,CONDORCANQUI,RIO SANTIAGO,8088.7469214223365,19233.0,0,0,0
02/02/2024 15:46:51,4.0,46 Km,-4.05,-80.59,TUMBES,CONTRALMIRANTE VILLAR,CASITAS,863.3349161615419,2837.0,0,0,0
02/02/2024 10:05:00,3.9,12 Km,-11.21,-74.55,JUNIN,SATIPO,SATIPO,815.0776898883915,44019.0,1,1,0
02/02/2024 08:24:57,4.5,14 Km,-11.15,-74.56,JUNIN,SATIPO,SATIPO,815.0776898883915,44019.0,0,0,0
02/02/2024 00:31:11,4.3,121 Km,-18.44,-69.98,,,,,,0,0,0
01/02/2024 08:59:38,4.0,129 Km,-16.71,-71.24,MOQUEGUA,GENERAL SANCHEZ CERRO,LA CAPILLA,781.3442385322384,401.0,2,0,1
01/02/2024 01:47:26,3.9,58 Km,-18.3,-70.31,TACNA,TACNA,TACNA,1919.688086384588,107519.0,0,0,2
01/02/2024 00:57:01,3.7,49 Km,-4.3,-80.54,PIURA,SULLANA,LANCONES,2153.5395627277157,13388.0,0,0,1
31/01/2024 19:07:30,4.2,128 Km,-4.97,-78.21,AMAZONAS,BAGUA,IMAZA,4597.423308657608,34240.0,0,0,0
31/01/2024 14:06:00,3.6,12 Km,-15.81,-71.85,AREQUIPA,CAYLLOMA,LLUTA,1228.7528929408177,675.0,0,0,0
31/01/2024 07:14:22,4.2,29 Km,-11.37,-73.39,UCAYALI,ATALAYA,SEPAHUA,7737.011857838997,8742.0,0,0,0
30/01/2024 20:11:38,4.3,151 Km,-15.5,-71.64,AREQUIPA,CAYLLOMA,TUTI,239.98972993939353,563.0,0,0,0
30/01/2024 15:44:49,4.1,37 Km,-3.05,-77.77,LORETO,DATEM DEL MARAÑON,MORONA,11043.901372452485,4147.0,0,0,0
30/01/2024 12:43:17,4.5,152 Km,-8.49,-74.71,UCAYALI,CORONEL PORTILLO,CAMPOVERDE,1324.6762309011792,21533.0,0,0,0
29/01/2024 17:04:56,4.2,92 Km,-11.86,-76.86,LIMA,HUAROCHIRI,SAN ANTONIO,570.3361295685752,6106.0,0,0,0
29/01/2024 15:01:26,3.9,46 Km,-9.58,-78.69,,,,,,0,0,0
29/01/2024 10:44:43,3.6,11 Km,-15.78,-71.75,AREQUIPA,CAYLLOMA,ACHOMA,366.1901216924418,808.0,0,0,0
28/01/2024 04:38:50,6.2,684 Km,-8.17,-71.26,,,,,,0,0,0
28/01/2024 00:18:58,4.5,38 Km,-4.21,-80.41,,,,,,0,0,0
27/01/2024 11:02:30,3.5,56 Km,-12.52,-76.92,,,,,,0,0,0
27/01/2024 05:08:23,4.4,37 Km,-16.38,-74.04,,,,,,0,0,0
25/01/2024 14:15:19,4.5,109 Km,-10.92,-73.97,UCAYALI,ATALAYA,RAIMONDI,14539.205149323814,43398.0,0,0,0
25/01/2024 06:19:13,4.0,30 Km,-18.22,-71.29,,,,,,0,0,0
23/01/2024 16:35:57,4.9,22 Km,-14.67,-76.1,,,,,,0,0,0
23/01/2024 12:17:20,4.2,36 Km,-7.17,-80.01,,,,,,0,0,0
23/01/2024 07:51:50,4.3,154 Km,-16.92,-69.91,PUNO,EL COLLAO,SANTA ROSA,2712.1339805846847,2573.0,0,0,0
22/01/2024 13:34:38,4.0,96 Km,-16.08,-72.87,AREQUIPA,CAMANA,OCOÑA,1421.3956481234984,3899.0,0,0,0
22/01/2024 12:21:56,4.2,131 Km,-5.41,-77.71,AMAZONAS,BONGARA,YAMBRASBAMBA,1682.1823221550933,5513.0,0,0,0
21/01/2024 04:43:14,4.0,221 Km,-15.46,-70.59,PUNO,LAMPA,PARATIA,750.6561948876963,1901.0,0,0,0
20/01/2024 16:30:51,6.5,611 Km,-7.27,-71.58,,,,,,0,0,0
20/01/2024 15:03:42,3.5,20 Km,-16.87,-72.23,AREQUIPA,CAMANA,QUILCA,897.152176474595,1152.0,0,0,0
19/01/2024 22:39:46,3.6,44 Km,-12.75,-76.97,,,,,,0,0,0
19/01/2024 07:19:12,4.5,151 Km,-15.5,-71.85,AREQUIPA,CAYLLOMA,MADRIGAL,159.5505301877042,648.0,0,0,0
16/01/2024 09:43:48,4.0,101 Km,-13.36,-74.63,AYACUCHO,CANGALLO,PARAS,777.0023075497655,3959.0,0,0,0
16/01/2024 01:36:50,4.4,23 Km,-4.07,-77.66,AMAZONAS,CONDORCANQUI,RIO SANTIAGO,8088.7469214223365,19233.0,0,0,0
15/01/2024 12:29:50,3.8,35 Km,-11.36,-77.96,,,,,,0,0,0
14/01/2024 14:41:03,3.5,54 Km,-12.5,-76.7,LIMA,CAÑETE,CHILCA,483.2526256283216,27272.0,1,1,0
13/01/2024 20:57:11,3.7,9 Km,-15.78,-71.75,AREQUIPA,CAYLLOMA,ACHOMA,366.1901216924418,808.0,0,0,0
13/01/2024 00:25:45,4.3,133 Km,-10.04,-75.12,PASCO,OXAPAMPA,CONSTITUCION,3050.8103885859873,18532.0,0,0,0
12/01/2024 08:00:48,5.7,60 Km,-17.05,-72.8,,,,,,0,0,0
12/01/2024 05:02:39,3.6,10 Km,-15.8,-71.77,AREQUIPA,CAYLLOMA,MACA,237.26286538445896,667.0,0,0,0
12/01/2024 01:55:15,4.0,114 Km,-15.0,-72.35,AREQUIPA,CONDESUYOS,CAYARANI,1394.7690432236327,3224.0,0,0,0
11/01/2024 15:38:52,3.5,17 Km,-16.61,-71.64,AREQUIPA,AREQUIPA,LA JOYA,697.0067549969054,44159.0,0,0,0
10/01/2024 18:54:43,5.2,130 Km,-5.88,-76.7,LORETO,ALTO AMAZONAS,BALSAPUERTO,3003.7284807880064,17673.0,0,0,0
10/01/2024 17:33:04,4.0,140 Km,-15.8,-72.06,AREQUIPA,CAYLLOMA,HUAMBO,716.367191636351,636.0,0,0,2
10/01/2024 04:16:11,4.2,30 Km,-10.96,-74.94,JUNIN,CHANCHAMAYO,PERENE,1490.023593821885,60876.0,1,0,1
09/01/2024 19:38:15,4.1,98 Km,-14.37,-73.97,AYACUCHO,LUCANAS,CARMEN SALCEDO,463.88479446149614,1295.0,0,0,1
09/01/2024 13:23:56,3.5,45 Km,-11.79,-77.67,,,,,,0,0,0
09/01/2024 09:16:09,4.1,93 Km,-13.81,-74.23,AYACUCHO,HUANCA SANCOS,CARAPO,196.53463515978487,1644.0,0,0,0
09/01/2024 04:15:20,4.0,50 Km,-5.54,-80.74,PIURA,SECHURA,CRISTO NOS VALGA,265.32943293104404,5453.0,4,1,1
08/01/2024 20:05:04,5.2,32 Km,-8.02,-79.88,,,,,,0,0,0
08/01/2024 18:43:45,4.1,10 Km,-10.19,-75.67,PASCO,OXAPAMPA,POZUZO,716.0790748858549,3784.0,0,0,0
08/01/2024 07:40:27,3.4,17 Km,-15.15,-73.32,AYACUCHO,PAUCAR DEL SARA SARA,COLTA,248.12629147440387,351.0,0,0,0
08/01/2024 03:45:39,3.8,20 Km,-9.87,-74.87,PASCO,OXAPAMPA,CONSTITUCION,3050.8103885859873,18532.0,0,0,0
07/01/2024 23:19:29,4.0,86 Km,-5.13,-79.98,PIURA,MORROPON,MORROPON,173.34939883800175,16616.0,5,1,1
07/01/2024 10:08:25,4.4,20 Km,-3.69,-80.88,,,,,,0,0,0
07/01/2024 03:35:33,5.2,150 Km,-18.35,-69.44,,,,,,0,0,0
06/01/2024 05:31:12,4.4,215 Km,-14.65,-70.75,PUNO,MELGAR,SANTA ROSA,807.1624542268518,6053.0,1,0,1
05/01/2024 12:30:27,3.7,56 Km,-11.79,-77.57,,,,,,0,0,0
05/01/2024 02:29:55,4.4,158 Km,-8.62,-74.53,UCAYALI,CORONEL PORTILLO,MANANTAY,644.5062871740798,119146.0,0,0,0
04/01/2024 19:55:41,4.5,92 Km,-15.57,-74.35,AREQUIPA,CARAVELI,YAUCA,542.9387821183575,2127.0,0,0,0
04/01/2024 12:42:39,4.0,58 Km,-12.14,-77.3,,,,,,0,0,0
04/01/2024 08:46:24,4.8,32 Km,-5.83,-81.03,PIURA,SECHURA,SECHURA,5677.977347816637,56721.0,2,0,1
04/01/2024 08:45:30,3.5,42 Km,-12.13,-77.45,,,,,,0,0,0
04/01/2024 06:57:15,3.5,53 Km,-11.92,-77.74,,,,,,0,0,0
01/01/2024 15:03:53,3.7,15 Km,-16.53,-71.63,AREQUIPA,AREQUIPA,UCHUMAYO,271.1145028615976,18558.0,6,0,4
01/01/2024 02:06:07,4.2,35 Km,-10.69,-78.54,,,,,,0,0,0
31/12/2023 12:08:36,4.0,125 Km,-9.67,-75.63,HUANUCO,PUERTO INCA,CODO DEL POZUZO,3221.2599690701472,8647.0,0,0,0
31/12/2023 09:47:23,4.0,142 Km,-6.4,-76.93,SAN MARTIN,EL DORADO,SAN MARTIN,520.7247035073092,13885.0,0,0,0
30/12/2023 00:10:26,3.9,47 Km,-13.08,-76.81,,,,,,0,0,0
29/12/2023 22:03:17,3.4,14 Km,-16.78,-71.24,MOQUEGUA,GENERAL SANCHEZ CERRO,LA CAPILLA,781.3442385322384,432.0,1,0,0
29/12/2023 14:51:36,4.3,55 Km,-8.32,-79.14,,,,,,0,0,0
29/12/2023 09:49:46,4.4,52 Km,-11.8,-77.52,,,,,,0,0,0
28/12/2023 02:12:22,3.7,11 Km,-11.22,-75.93,JUNIN,TARMA,SAN PEDRO DE CAJAS,511.988657512136,2935.0,2,0,0
27/12/2023 22:11:14,4.1,21 Km,-3.55,-80.74,,,,,,0,0,0
27/12/2023 09:16:37,4.0,33 Km,-9.65,-79.05,,,,,,0,0,0
26/12/2023 06:05:27,4.3,114 Km,-11.97,-75.65,JUNIN,JAUJA,CANCHAYLLO,946.2116446731039,1648.0,0,0,0
25/12/2023 18:28:41,3.7,36 Km,-4.89,-80.76,PIURA,SULLANA,MIGUEL CHECA,480.8689150982453,10727.0,17,3,8
25/12/2023 18:15:40,3.4,10 Km,-13.53,-72.46,CUSCO,ANTA,LIMATAMBO,506.51401052865253,7567.0,0,0,2
24/12/2023 06:14:44,3.4,8 Km,-15.79,-71.79,AREQUIPA,CAYLLOMA,MACA,237.26286538445896,672.0,0,0,0
23/12/2023 18:22:52,4.1,35 Km,-7.29,-76.9,SAN MARTIN,MARISCAL CACERES,PACHIZA,1801.31998352835,7351.0,0,0,0
23/12/2023 15:03:54,3.5,17 Km,-16.58,-71.62,AREQUIPA,AREQUIPA,YARABAMBA,486.8475301150486,1691.0,0,0,0
23/12/2023 09:59:30,4.7,118 Km,-10.49,-74.55,PASCO,OXAPAMPA,PUERTO BERMUDEZ,7672.2762987020205,22704.0,0,0,0
23/12/2023 06:26:46,4.2,110 Km,-14.99,-72.7,AREQUIPA,LA UNION,PUYCA,1504.7986040169815,2254.0,0,0,0
23/12/2023 05:44:11,4.1,51 Km,-11.53,-78.25,,,,,,0,0,0
22/12/2023 23:04:41,4.0,107 Km,-3.92,-77.41,LORETO,DATEM DEL MARAÑON,MORONA,11043.901372452485,4252.0,0,0,0
22/12/2023 06:28:36,4.0,98 Km,-16.12,-72.89,AREQUIPA,CAMANA,OCOÑA,1421.3956481234984,3934.0,0,0,0
21/12/2023 21:16:31,3.5,15 Km,-15.81,-71.77,AREQUIPA,CAYLLOMA,ACHOMA,366.1901216924418,812.0,0,0,0
21/12/2023 09:24:41,4.0,90 Km,-16.11,-72.74,AREQUIPA,CONDESUYOS,CHUQUIBAMBA,1186.5351513834737,3327.0,0,0,0
21/12/2023 06:36:10,5.0,114 Km,-8.48,-74.6,UCAYALI,CORONEL PORTILLO,MANANTAY,644.5062871740798,116330.0,3,0,1
20/12/2023 07:11:20,6.0,99 Km,-16.11,-72.78,AREQUIPA,CONDESUYOS,CHUQUIBAMBA,1186.5351513834737,3327.0,0,0,0
20/12/2023 05:39:28,4.5,130 Km,-14.09,-72.81,APURIMAC,GRAU,CHUQUIBAMBILLA,425.67644790129685,4907.0,0,0,0
19/12/2023 18:47:27,3.5,12 Km,-15.68,-72.03,AREQUIPA,CAYLLOMA,CABANACONDE,462.305213456443,2040.0,1,0,3
19/12/2023 15:52:05,4.1,70 Km,-3.54,-79.73,,,,,,1,0,0
19/12/2023 09:54:48,4.4,44 Km,-4.89,-80.23,PIURA,PIURA,TAMBO GRANDE,1496.1400593696376,129729.0,1,0,1
19/12/2023 09:15:21,4.2,119 Km,-4.54,-76.94,LORETO,DATEM DEL MARAÑON,BARRANCA,7390.874928637884,16551.0,0,0,0
18/12/2023 21:52:36,3.6,9 Km,-15.81,-71.81,AREQUIPA,CAYLLOMA,MACA,237.26286538445896,672.0,0,0,0
18/12/2023 17:22:58,3.9,48 Km,-17.17,-72.25,,,,,,0,0,0
18/12/2023 12:05:09,4.0,25 Km,-6.49,-80.83,,,,,,0,0,0
18/12/2023 09:31:04,3.8,53 Km,-5.94,-80.23,LAMBAYEQUE,LAMBAYEQUE,OLMOS,5721.937851175903,58133.0,0,0,0
17/12/2023 23:03:53,3.7,25 Km,-15.02,-73.31,AYACUCHO,PAUCAR DEL SARA SARA,SAN JAVIER DE ALPABAMBA,117.50481510805962,231.0,0,0,0
17/12/2023 12:19:14,3.6,67 Km,-13.02,-76.45,LIMA,CAÑETE,CERRO AZUL,120.9217122106222,9822.0,9,1,4
16/12/2023 13:58:23,4.3,39 Km,-15.25,-75.61,,,,,,0,0,0
16/12/2023 04:32:47,4.0,43 Km,-5.33,-80.8,PIURA,PIURA,LA ARENA,171.4458793812192,42406.0,9,0,1
16/12/2023 04:24:50,4.1,15 Km,-18.91,-72.5,,,,,,0,0,0
16/12/2023 02:37:54,3.8,13 Km,-9.84,-75.64,HUANUCO,PUERTO INCA,CODO DEL POZUZO,3221.2599690701472,8647.0,0,0,0
15/12/2023 12:53:07,4.0,22 Km,-14.55,-76.61,,,,,,0,0,0
15/12/2023 09:45:46,3.5,18 Km,-16.38,-72.04,AREQUIPA,AREQUIPA,VITOR,1534.435436497687,5116.0,0,0,1
15/12/2023 04:58:48,3.7,38 Km,-16.82,-72.9,,,,,,0,0,0
14/12/2023 10:55:50,4.1,32 Km,-14.45,-76.49,,,,,,0,0,0
14/12/2023 04:44:36,4.4,17 Km,-16.4,-74.03,,,,,,0,0,0
14/12/2023 02:21:44,4.1,44 Km,-15.21,-75.9,,,,,,0,0,0
13/12/2023 20:53:58,3.5,30 Km,-16.73,-71.18,MOQUEGUA,GENERAL SANCHEZ CERRO,LA CAPILLA,781.3442385322384,432.0,1,0,0
13/12/2023 20:51:29,3.5,16 Km,-16.8,-71.34,MOQUEGUA,GENERAL SANCHEZ CERRO,LA CAPILLA,781.3442385322384,432.0,0,0,0
13/12/2023 17:32:18,4.0,68 Km,-7.1,-79.38,LA LIBERTAD,CHEPEN,PACANGA,590.939082262568,26225.0,0,0,0
13/12/2023 06:56:47,4.0,31 Km,-8.33,-76.27,SAN MARTIN,TOCACHE,UCHIZA,603.4569601830426,14674.0,0,0,0
13/12/2023 02:38:49,4.1,102 Km,-11.56,-76.64,LIMA,CANTA,LACHAQUI,128.37928646096333,853.0,1,0,0
11/12/2023 15:12:53,3.9,10 Km,-16.13,-71.66,AREQUIPA,AREQUIPA,YURA,1923.1678382491139,46837.0,0,0,0
10/12/2023 13:17:45,4.0,23 Km,-14.34,-76.55,,,,,,0,0,0
10/12/2023 11:10:51,4.4,13 Km,-15.34,-72.02,AREQUIPA,CASTILLA,CHOCO,904.4432006779886,593.0,0,0,0
10/12/2023 10:43:28,4.1,18 Km,-14.35,-76.52,,,,,,0,0,0
10/12/2023 07:14:12,4.0,12 Km,-14.41,-76.57,,,,,,0,0,0
10/12/2023 06:52:46,5.8,31 Km,-14.39,-76.67,,,,,,0,0,0
10/12/2023 06:40:30,5.3,38 Km,-14.39,-76.51,,,,,,0,0,0
10/12/2023 02:35:12,4.5,28 Km,-14.39,-76.63,,,,,,0,0,0
09/12/2023 22:38:19,4.6,21 Km,-14.36,-76.58,,,,,,0,0,0
08/12/2023 23:27:53,3.8,49 Km,-3.57,-80.42,TUMBES,TUMBES,TUMBES,163.35961485667306,118196.0,12,1,9
08/12/2023 16:38:03,4.1,103 Km,-11.03,-73.94,UCAYALI,ATALAYA,RAIMONDI,14539.205149323814,42514.0,0,0,0
08/12/2023 07:17:16,3.8,16 Km,-10.31,-75.32,PASCO,OXAPAMPA,PALCAZU,2787.5742321471407,7818.0,0,0,0
08/12/2023 00:06:48,3.6,29 Km,-12.66,-76.84,,,,,,0,0,0
06/12/2023 23:54:51,4.3,146 Km,-4.27,-77.48,LORETO,DATEM DEL MARAÑON,MANSERICHE,3570.0437779945487,9526.0,0,0,0
06/12/2023 21:11:50,4.1,38 Km,-16.03,-74.33,,,,,,0,0,0
06/12/2023 11:11:09,4.1,114 Km,-18.51,-69.92,,,,,,0,0,0
06/12/2023 02:06:20,4.3,31 Km,-14.87,-76.61,,,,,,0,0,0
05/12/2023 14:04:57,3.7,30 Km,-16.8,-71.62,AREQUIPA,ISLAY,COCACHACRA,1553.6412565678545,8250.0,0,0,0
05/12/2023 12:46:35,3.7,32 Km,-16.02,-74.59,,,,,,0,0,0
05/12/2023 09:03:55,4.0,21 Km,-15.97,-72.98,AREQUIPA,CONDESUYOS,ANDARAY,811.1622466037838,664.0,0,0,0
04/12/2023 20:12:32,3.9,33 Km,-10.97,-78.26,,,,,,0,0,0
04/12/2023 12:59:27,4.0,43 Km,-4.25,-81.04,PIURA,TALARA,EL ALTO,485.3985964975792,9299.0,2,0,2
04/12/2023 06:19:11,4.5,81 Km,-16.45,-72.43,AREQUIPA,CAYLLOMA,MAJES,1648.4337671085377,76767.0,0,0,0
02/12/2023 17:50:17,3.5,13 Km,-15.67,-71.71,AREQUIPA,CAYLLOMA,ACHOMA,366.1901216924418,812.0,1,0,0
02/12/2023 03:09:07,4.0,114 Km,-3.22,-76.83,LORETO,DATEM DEL MARAÑON,ANDOAS,11788.441725974673,16668.0,0,0,0
02/12/2023 02:55:40,5.5,119 Km,-19.28,-69.45,,,,,,0,0,0
01/12/2023 21:23:17,4.9,170 Km,-10.39,-70.66,MADRE DE DIOS,TAHUAMANU,IÑAPARI,13885.325961333407,3472.0,0,0,0
01/12/2023 12:54:50,3.5,18 Km,-16.61,-71.56,AREQUIPA,AREQUIPA,YARABAMBA,486.8475301150486,1691.0,0,0,1
01/12/2023 11:02:47,4.1,130 Km,-16.35,-72.35,AREQUIPA,CAYLLOMA,MAJES,1648.4337671085377,76767.0,0,0,0
01/12/2023 05:13:26,3.6,7 Km,-15.72,-72.0,AREQUIPA,CAYLLOMA,CABANACONDE,462.305213456443,2040.0,0,0,0
30/11/2023 17:26:57,3.6,65 Km,-12.53,-76.65,LIMA,CAÑETE,SANTA CRUZ DE FLORES,94.33059235737748,3344.0,0,1,0
30/11/2023 15:28:20,3.7,13 Km,-8.61,-77.63,ANCASH,SIHUAS,CASHAPAMPA,69.67781874461633,2840.0,5,0,0
29/11/2023 23:53:01,4.0,20 Km,-8.34,-80.18,,,,,,0,0,0
29/11/2023 21:49:17,4.0,37 Km,-5.64,-77.06,LORETO,DATEM DEL MARAÑON,BARRANCA,7390.874928637884,16551.0,0,0,0
29/11/2023 01:37:28,5.3,112 Km,-11.34,-76.83,LIMA,HUARAL,ATAVILLOS BAJO,176.59299072493292,785.0,0,0,0
28/11/2023 00:08:03,4.5,45 Km,-11.73,-77.45,,,,,,0,0,0
28/11/2023 00:04:25,3.8,12 Km,-16.8,-71.53,AREQUIPA,ISLAY,COCACHACRA,1553.6412565678545,8250.0,0,0,0
27/11/2023 17:11:19,4.9,95 Km,-13.89,-74.76,AYACUCHO,HUANCA SANCOS,SANCOS,1356.0502633523972,3123.0,0,0,0
26/11/2023 12:06:35,4.6,101 Km,-3.97,-76.69,LORETO,DATEM DEL MARAÑON,ANDOAS,11788.441725974673,16668.0,0,0,0
25/11/2023 09:18:37,3.5,20 Km,-16.03,-74.24,,,,,,0,0,0
25/11/2023 07:59:51,5.5,163 Km,-2.2,-77.63,,,,,,0,0,0
25/11/2023 07:56:54,4.7,112 Km,-18.36,-69.81,,,,,,0,0,0
24/11/2023 10:12:49,4.0,149 Km,-8.0,-74.63,UCAYALI,CORONEL PORTILLO,CALLERIA,11645.766871791395,180420.0,0,0,0
24/11/2023 01:24:02,3.5,50 Km,-12.31,-77.11,,,,,,0,0,0
21/11/2023 11:13:37,4.2,22 Km,-10.92,-74.74,JUNIN,CHANCHAMAYO,PICHANAQUI,1242.3813491083604,40752.0,0,0,0
19/11/2023 10:10:40,4.2,96 Km,-3.78,-79.42,,,,,,1,0,0
19/11/2023 04:59:11,4.7,52 Km,-16.33,-73.48,,,,,,0,0,0
18/11/2023 23:16:06,5.0,35 Km,-15.19,-75.8,,,,,,0,0,0
18/11/2023 18:50:18,4.0,29 Km,-15.97,-74.42,,,,,,0,0,0
18/11/2023 17:39:05,3.7,31 Km,-13.78,-75.9,ICA,PISCO,HUMAY,909.634730520815,5958.0,0,0,1
16/11/2023 21:15:22,4.1,28 Km,-16.16,-74.17,,,,,,0,0,0
16/11/2023 18:48:23,4.1,57 Km,-16.98,-72.12,AREQUIPA,ISLAY,ISLAY,364.67867288461804,5298.0,1,0,1
16/11/2023 17:07:54,3.7,147 Km,-15.21,-71.5,AREQUIPA,CAYLLOMA,TISCO,1445.003897335942,1479.0,0,0,0
16/11/2023 14:02:26,4.5,40 Km,-4.03,-80.54,TUMBES,TUMBES,SAN JACINTO,590.7935936286714,9140.0,0,0,0
16/11/2023 04:41:29,3.5,9 Km,-15.78,-71.96,AREQUIPA,CAYLLOMA,CABANACONDE,462.305213456443,2040.0,0,0,0
15/11/2023 19:49:04,3.6,12 Km,-5.74,-78.6,AMAZONAS,UTCUBAMBA,EL MILAGRO,307.96403307786403,6564.0,0,0,1
13/11/2023 23:48:31,4.8,25 Km,-5.6,-76.74,LORETO,ALTO AMAZONAS,BALSAPUERTO,3003.7284807880064,17519.0,0,0,0
13/11/2023 20:27:35,4.1,14 Km,-10.82,-73.65,JUNIN,SATIPO,RIO TAMBO,10209.912281380044,28688.0,0,0,0
13/11/2023 19:58:54,3.4,11 Km,-14.41,-71.29,CUSCO,CANAS,LANGUI,171.66149265446927,2043.0,0,0,1
13/11/2023 14:21:16,4.5,69 Km,-16.81,-72.45,,,,,,0,0,0
13/11/2023 13:06:22,4.0,78 Km,-15.91,-74.15,,,,,,0,0,0
13/11/2023 12:35:10,3.7,17 Km,-11.0,-74.48,UCAYALI,ATALAYA,RAIMONDI,14539.205149323814,42514.0,0,0,0
12/11/2023 03:26:50,4.8,47 Km,-2.7,-80.78,,,,,,0,0,0
11/11/2023 23:55:28,4.0,44 Km,-6.0,-80.54,PIURA,SECHURA,SECHURA,5677.977347816637,55316.0,0,0,0
11/11/2023 04:21:15,3.9,84 Km,-16.96,-71.51,AREQUIPA,ISLAY,COCACHACRA,1553.6412565678545,8250.0,0,0,0
10/11/2023 13:03:13,3.5,21 Km,-16.59,-71.61,AREQUIPA,AREQUIPA,YARABAMBA,486.8475301150486,1691.0,0,0,0
09/11/2023 14:12:18,4.1,53 Km,-4.73,-80.29,PIURA,PIURA,LAS LOMAS,556.8358126332955,29406.0,2,0,2
09/11/2023 12:50:24,5.4,129 Km,-6.82,-76.7,SAN MARTIN,BELLAVISTA,SAN PABLO,347.99517120809134,8609.0,0,0,0
09/11/2023 08:05:13,4.3,72 Km,-18.48,-70.66,,,,,,0,0,0
09/11/2023 00:20:29,3.8,8 Km,-15.72,-71.93,AREQUIPA,CAYLLOMA,CABANACONDE,462.305213456443,2040.0,0,0,0
07/11/2023 16:51:41,3.6,8 Km,-6.52,-78.52,CAJAMARCA,CHOTA,CHALAMARCA,177.59688190823493,9460.0,1,0,0
07/11/2023 13:53:35,3.5,17 Km,-11.48,-74.56,JUNIN,SATIPO,PANGOA,4413.5081813320585,68433.0,1,0,0
07/11/2023 09:14:47,3.5,14 Km,-9.55,-76.11,HUANUCO,HUANUCO,CHINCHAO,806.3725085222776,12790.0,0,0,0
07/11/2023 06:05:50,4.0,154 Km,-8.51,-74.79,UCAYALI,CORONEL PORTILLO,CAMPOVERDE,1324.6762309011792,21071.0,0,1,0
06/11/2023 20:07:02,4.0,37 Km,-16.63,-72.13,AREQUIPA,AREQUIPA,VITOR,1534.435436497687,5116.0,0,0,0
06/11/2023 00:18:38,4.2,137 Km,-4.02,-76.75,LORETO,DATEM DEL MARAÑON,PASTAZA,9100.182512461359,6106.0,0,0,0
05/11/2023 21:33:16,4.1,62 Km,-16.47,-72.68,AREQUIPA,CAMANA,NICOLAS DE PIEROLA,390.8107464994652,8047.0,0,0,0
03/11/2023 10:44:00,4.2,140 Km,-14.8,-71.89,AREQUIPA,CAYLLOMA,CAYLLOMA,1508.33264590118,3635.0,0,0,0
03/11/2023 10:05:35,4.0,61 Km,-14.07,-75.84,ICA,ICA,ICA,886.5000051633018,181683.0,3,0,2
02/11/2023 07:01:17,4.6,153 Km,-8.57,-74.5,UCAYALI,CORONEL PORTILLO,MANANTAY,644.5062871740798,116330.0,0,0,0
01/11/2023 07:49:31,3.7,54 Km,-12.4,-77.02,,,,,,0,0,0
01/11/2023 01:47:05,4.6,38 Km,-10.75,-78.68,,,,,,0,0,0
31/10/2023 17:13:44,3.7,10 Km,-15.74,-71.88,AREQUIPA,CAYLLOMA,LLUTA,1228.7528929408177,680.0,0,0,0
31/10/2023 14:56:29,3.5,9 Km,-15.73,-71.87,AREQUIPA,CAYLLOMA,MACA,237.26286538445896,672.0,0,0,0
30/10/2023 11:52:37,4.0,52 Km,-15.97,-74.83,,,,,,0,0,0
29/10/2023 22:36:59,3.9,36 Km,-9.77,-78.79,,,,,,0,0,0
28/10/2023 14:54:29,3.5,14 Km,-15.69,-71.83,AREQUIPA,CAYLLOMA,MACA,237.26286538445896,672.0,3,0,1
28/10/2023 14:36:07,4.0,180 Km,-17.0,-69.59,PUNO,EL COLLAO,CAPAZO,1048.672808297165,985.0,0,0,0
28/10/2023 05:59:05,4.0,49 Km,-4.02,-80.94,TUMBES,CONTRALMIRANTE VILLAR,CANOAS DE PUNTA SAL,631.7423134062946,8515.0,1,0,1
28/10/2023 04:03:59,3.5,11 Km,-15.72,-71.93,AREQUIPA,CAYLLOMA,CABANACONDE,462.305213456443,2040.0,0,0,0
27/10/2023 18:04:55,3.9,35 Km,-10.96,-78.4,,,,,,0,0,0
27/10/2023 01:39:00,4.0,38 Km,-6.11,-80.69,PIURA,SECHURA,SECHURA,5677.977347816637,55316.0,0,0,0
26/10/2023 21:58:26,3.6,8 Km,-15.69,-71.88,AREQUIPA,CAYLLOMA,CABANACONDE,462.305213456443,2040.0,2,0,1
26/10/2023 20:58:25,4.2,30 Km,-5.99,-80.98,PIURA,SECHURA,SECHURA,5677.977347816637,55316.0,0,0,0
25/10/2023 08:03:09,4.0,115 Km,-4.32,-78.32,AMAZONAS,CONDORCANQUI,EL CENEPA,5623.536025537718,13358.0,0,0,0
25/10/2023 07:52:03,4.0,136 Km,-9.4,-75.3,HUANUCO,PUERTO INCA,CODO DEL POZUZO,3221.2599690701472,8647.0,0,0,0
24/10/2023 17:17:23,5.0,31 Km,-13.25,-76.99,,,,,,0,0,0
24/10/2023 15:21:49,4.0,145 Km,-15.49,-71.81,AREQUIPA,CAYLLOMA,LARI,389.8791194758872,795.0,0,0,0
24/10/2023 03:48:25,3.7,14 Km,-10.2,-75.68,PASCO,OXAPAMPA,POZUZO,716.0790748858549,3977.0,0,0,0
23/10/2023 22:20:31,4.5,102 Km,-13.15,-74.74,HUANCAVELICA,ANGARAES,LIRCAY,825.2713615007079,25102.0,0,0,0
23/10/2023 16:20:39,4.0,127 Km,-15.35,-72.4,AREQUIPA,CASTILLA,CHILCAYMARCA,182.5443924846402,1093.0,1,0,1
23/10/2023 15:17:23,3.6,17 Km,-8.51,-77.5,ANCASH,SIHUAS,HUAYLLABAMBA,276.90936168826187,3489.0,1,0,0
23/10/2023 12:12:23,4.0,36 Km,-17.99,-71.59,,,,,,0,0,0
22/10/2023 20:21:25,4.0,19 Km,-17.21,-70.86,MOQUEGUA,MARISCAL NIETO,MOQUEGUA,3496.5014394191817,48398.0,12,3,5
22/10/2023 10:47:05,3.9,11 Km,-15.65,-71.89,AREQUIPA,CAYLLOMA,CABANACONDE,462.305213456443,2040.0,3,0,2
21/10/2023 20:34:48,4.3,24 Km,-8.85,-80.21,,,,,,0,0,0
21/10/2023 11:02:25,3.7,29 Km,-5.7,-80.74,PIURA,SECHURA,SECHURA,5677.977347816637,55316.0,0,0,0
20/10/2023 22:33:06,4.3,153 Km,-10.38,-76.42,PASCO,DANIEL ALCIDES CARRION,PAUCAR,107.46462462657398,1634.0,0,0,0
20/10/2023 12:53:35,4.0,31 Km,-10.01,-74.48,PASCO,OXAPAMPA,PUERTO BERMUDEZ,7672.2762987020205,22704.0,0,0,0
20/10/2023 12:28:21,4.0,99 Km,-15.18,-73.52,AYACUCHO,PAUCAR DEL SARA SARA,LAMPA,280.97553899870985,1848.0,1,0,0
19/10/2023 05:30:58,4.6,52 Km,-16.61,-72.64,AREQUIPA,CAMANA,SAMUEL PASTOR,113.12618276405846,17242.0,5,1,4
19/10/2023 00:46:32,4.0,47 Km,-3.96,-80.72,TUMBES,CONTRALMIRANTE VILLAR,ZORRITOS,654.8809623201909,14626.0,1,0,1
18/10/2023 16:15:02,4.2,151 Km,-11.03,-76.13,,,,,,0,0,0
17/10/2023 19:31:48,3.7,12 Km,-15.68,-71.72,AREQUIPA,CAYLLOMA,ACHOMA,366.1901216924418,812.0,2,0,1
17/10/2023 19:18:15,3.6,8 Km,-15.71,-71.7,AREQUIPA,CAYLLOMA,ACHOMA,366.1901216924418,812.0,1,0,0
17/10/2023 01:53:04,3.8,39 Km,-10.75,-78.24,,,,,,0,0,0
16/10/2023 23:15:54,4.0,38 Km,-7.51,-80.0,,,,,,0,0,0
16/10/2023 03:48:34,4.0,24 Km,-11.67,-74.53,JUNIN,SATIPO,PANGOA,4413.5081813320585,68433.0,0,0,0
15/10/2023 23:42:23,4.0,105 Km,-12.01,-75.13,JUNIN,HUANCAYO,EL TAMBO,166.33798931022065,179110.0,24,2,3
15/10/2023 23:00:58,3.6,15 Km,-13.55,-72.27,CUSCO,ANTA,CHINCHAYPUJIO,396.40923006380194,4275.0,0,0,1
15/10/2023 22:49:31,4.0,32 Km,-15.01,-75.61,,,,,,0,0,0
14/10/2023 00:56:14,4.6,34 Km,-9.59,-79.57,,,,,,0,0,0
13/10/2023 20:46:00,4.1,117 Km,-5.56,-78.9,CAJAMARCA,JAEN,BELLAVISTA,869.4847753804847,16484.0,0,0,0
13/10/2023 16:07:51,3.7,36 Km,-12.78,-77.1,,,,,,0,0,0
13/10/2023 14:21:08,4.1,33 Km,-15.96,-74.46,,,,,,0,0,0
13/10/2023 09:20:56,4.7,137 Km,-15.43,-72.49,AREQUIPA,CASTILLA,ANDAGUA,472.2210555971658,961.0,0,0,0
11/10/2023 06:11:47,4.0,91 Km,-14.19,-72.99,APURIMAC,ANTABAMBA,PACHACONAS,229.31721220228533,1016.0,0,0,1
11/10/2023 00:29:50,4.3,102 Km,-19.39,-69.79,,,,,,0,0,0
10/10/2023 23:10:35,4.5,217 Km,-16.05,-69.68,PUNO,PUNO,ACORA,1929.806047368683,21138.0,2,0,1
10/10/2023 18:55:15,3.4,9 Km,-16.74,-70.66,MOQUEGUA,MARISCAL NIETO,CUCHUMBAYA,69.16432060288568,670.0,5,0,2
09/10/2023 22:50:45,3.7,33 Km,-16.78,-72.53,,,,,,0,0,0
09/10/2023 21:59:12,3.5,13 Km,-16.72,-71.3,AREQUIPA,AREQUIPA,POLOBAYA,399.12609982044626,722.0,1,0,0
09/10/2023 15:45:11,4.1,21 Km,-10.0,-80.02,,,,,,0,0,0
06/10/2023 21:28:38,3.5,10 Km,-16.84,-71.42,MOQUEGUA,GENERAL SANCHEZ CERRO,LA CAPILLA,781.3442385322384,432.0,0,0,0
06/10/2023 01:05:55,3.6,28 Km,-5.81,-81.1,,,,,,2,0,1
04/10/2023 06:03:05,4.6,102 Km,-12.26,-76.11,LIMA,YAUYOS,SAN JOAQUIN,75.55049581460007,140.0,1,0,0
03/10/2023 02:40:16,4.2,103 Km,-12.81,-75.26,HUANCAVELICA,HUANCAVELICA,ASCENSION,408.6165374367476,20696.0,0,0,0
02/10/2023 23:07:00,4.2,134 Km,-10.18,-74.12,UCAYALI,ATALAYA,TAHUANIA,7672.0039384167385,11400.0,0,0,0
02/10/2023 22:59:53,4.1,17 Km,-6.49,-78.52,CAJAMARCA,CHOTA,CHALAMARCA,177.59688190823493,9460.0,1,0,0
02/10/2023 11:24:02,4.0,42 Km,-14.1,-76.07,ICA,PISCO,PARACAS,1425.1806077941,10622.0,0,0,0
01/10/2023 22:33:08,3.5,46 Km,-12.47,-76.73,LIMA,CAÑETE,CHILCA,483.2526256283216,26276.0,2,1,4
01/10/2023 03:59:02,4.1,32 Km,-4.01,-80.65,TUMBES,CONTRALMIRANTE VILLAR,CASITAS,863.3349161615419,2805.0,1,0,1
30/09/2023 20:45:22,4.0,50 Km,-16.52,-73.26,,,,,,0,0,0
30/09/2023 13:22:43,4.0,107 Km,-16.14,-72.33,AREQUIPA,CASTILLA,HUANCARQUI,798.0699393391853,1633.0,0,0,0
30/09/2023 09:06:21,3.4,11 Km,-16.79,-71.28,MOQUEGUA,GENERAL SANCHEZ CERRO,LA CAPILLA,781.3442385322384,432.0,1,0,0
29/09/2023 21:53:10,3.8,17 Km,-9.41,-75.93,HUANUCO,LEONCIO PRADO,MARIANO DAMASO BERAUN,746.1763353545026,11455.0,0,0,0
29/09/2023 08:51:54,4.0,25 Km,-8.53,-80.19,,,,,,0,0,0
29/09/2023 02:58:11,4.2,208 Km,-15.59,-70.62,PUNO,LAMPA,SANTA LUCIA,1595.2796984668987,7185.0,0,0,0
27/09/2023 22:08:25,3.6,18 Km,-16.14,-71.66,AREQUIPA,AREQUIPA,YURA,1923.1678382491139,46837.0,0,0,0
27/09/2023 20:23:45,4.8,40 Km,-15.8,-74.34,AREQUIPA,CARAVELI,ATIQUIPA,423.06368687249454,447.0,3,0,2
27/09/2023 03:31:55,4.0,31 Km,-10.0,-78.95,,,,,,0,0,0
26/09/2023 22:01:22,4.2,32 Km,-5.62,-76.68,LORETO,ALTO AMAZONAS,BALSAPUERTO,3003.7284807880064,17519.0,0,0,0
25/09/2023 20:30:43,4.0,39 Km,-15.2,-75.08,ICA,NASCA,MARCONA,1943.8301700860184,19732.0,0,0,0
25/09/2023 14:41:36,4.2,32 Km,-16.32,-74.53,,,,,,0,0,0
24/09/2023 22:39:47,3.7,18 Km,-13.05,-74.2,AYACUCHO,HUAMANGA,PACAYCASA,53.91819570723248,3682.0,2,0,1
24/09/2023 09:47:39,4.2,15 Km,-13.05,-74.21,AYACUCHO,HUAMANGA,PACAYCASA,53.91819570723248,3682.0,2,0,1
24/09/2023 00:41:40,4.0,82 Km,-16.45,-72.51,AREQUIPA,CAMANA,NICOLAS DE PIEROLA,390.8107464994652,8047.0,0,0,0
23/09/2023 07:54:27,4.1,52 Km,-18.71,-70.15,,,,,,0,0,0
23/09/2023 04:26:41,3.5,14 Km,-11.94,-76.34,LIMA,HUAROCHIRI,SAN DAMIAN,333.4814851434109,1068.0,0,0,0
22/09/2023 16:17:51,4.2,49 Km,-14.61,-75.52,ICA,ICA,SANTIAGO,2767.922689745546,32899.0,0,0,0
22/09/2023 16:11:26,3.5,8 Km,-15.76,-72.04,AREQUIPA,CAYLLOMA,HUAMBO,716.367191636351,643.0,0,0,2
22/09/2023 10:09:18,3.6,8 Km,-15.76,-71.61,AREQUIPA,CAYLLOMA,YANQUE,1114.9445709373017,2122.0,0,0,0
22/09/2023 05:14:58,4.5,176 Km,-10.09,-73.06,UCAYALI,ATALAYA,YURUA,9034.167827937983,2624.0,0,0,0
21/09/2023 21:11:54,5.0,158 Km,-8.74,-74.51,UCAYALI,CORONEL PORTILLO,MASISEA,14703.963010097246,12063.0,0,0,0
21/09/2023 20:03:09,4.3,98 Km,-12.72,-76.13,LIMA,YAUYOS,TAURIPAMPA,530.3561541769211,477.0,0,0,0
21/09/2023 19:15:28,4.4,156 Km,-8.11,-74.47,UCAYALI,CORONEL PORTILLO,CALLERIA,11645.766871791395,180420.0,0,0,0
21/09/2023 15:55:59,4.0,20 Km,-5.68,-76.71,LORETO,ALTO AMAZONAS,BALSAPUERTO,3003.7284807880064,17519.0,0,0,0
21/09/2023 13:28:10,3.7,24 Km,-16.75,-71.7,AREQUIPA,ISLAY,MOLLENDO,933.9830468783583,27013.0,0,0,0
20/09/2023 16:44:27,3.4,31 Km,-12.66,-76.85,,,,,,0,0,0
20/09/2023 02:42:30,4.0,19 Km,-8.77,-79.82,,,,,,0,0,0
19/09/2023 09:48:53,4.0,73 Km,-15.38,-74.53,AREQUIPA,CARAVELI,ACARI,1156.6737277356124,5467.0,1,0,1
18/09/2023 17:33:48,4.0,29 Km,-4.93,-80.83,PIURA,PAITA,LA HUACA,580.5982972685473,14668.0,5,0,2
18/09/2023 15:31:57,4.5,30 Km,-6.14,-81.64,,,,,,0,0,0
18/09/2023 09:16:33,3.4,34 Km,-13.68,-72.75,APURIMAC,ABANCAY,CURAHUASI,860.4410732722076,17103.0,0,0,0
17/09/2023 11:20:34,3.7,22 Km,-8.42,-77.71,ANCASH,SIHUAS,RAGASH,209.06192851671662,2263.0,0,0,0
17/09/2023 04:05:32,3.9,93 Km,-15.15,-74.77,AREQUIPA,CARAVELI,BELLA UNION,1193.9618027439037,2858.0,0,0,0
17/09/2023 01:32:34,3.5,19 Km,-13.03,-74.21,AYACUCHO,HUANTA,HUAMANGUILLA,93.81489499840932,3938.0,3,0,1
15/09/2023 04:23:58,3.4,20 Km,-14.28,-71.38,CUSCO,CANAS,YANAOCA,291.94156642197595,9239.0,0,0,1
15/09/2023 02:13:52,4.3,108 Km,-2.93,-77.49,LORETO,DATEM DEL MARAÑON,MORONA,11043.901372452485,4252.0,0,0,0
14/09/2023 23:21:05,4.0,107 Km,-17.35,-70.87,MOQUEGUA,MARISCAL NIETO,MOQUEGUA,3496.5014394191817,48398.0,0,0,0
13/09/2023 00:02:32,4.0,10 Km,-14.35,-71.45,CUSCO,CANAS,QUEHUE,149.26962351690054,2590.0,0,0,0
11/09/2023 04:09:07,4.6,43 Km,-15.7,-74.81,,,,,,0,0,0
10/09/2023 23:13:41,3.6,12 Km,-14.4,-72.32,APURIMAC,COTABAMBAS,HAQUIRA,484.74699108486413,9434.0,0,0,0
10/09/2023 10:35:35,4.1,23 Km,-8.39,-76.38,SAN MARTIN,TOCACHE,UCHIZA,603.4569601830426,14674.0,0,0,0
10/09/2023 03:55:47,3.6,14 Km,-17.02,-70.93,MOQUEGUA,MARISCAL NIETO,TORATA,1776.5735886061047,6714.0,1,1,3
09/09/2023 23:44:18,3.9,96 Km,-13.06,-76.13,LIMA,CAÑETE,LUNAHUANA,493.4396188236092,3975.0,0,0,0
09/09/2023 04:51:53,4.7,48 Km,-16.0,-74.73,,,,,,0,0,0
08/09/2023 13:51:37,3.7,16 Km,-10.98,-74.3,UCAYALI,ATALAYA,RAIMONDI,14539.205149323814,42514.0,0,0,0
08/09/2023 10:13:04,4.5,151 Km,-7.96,-74.61,UCAYALI,CORONEL PORTILLO,CALLERIA,11645.766871791395,180420.0,0,0,0
08/09/2023 06:24:36,4.5,28 Km,-16.02,-74.68,,,,,,0,0,0
07/09/2023 01:53:09,3.7,62 Km,-12.66,-76.85,,,,,,0,0,0
06/09/2023 07:56:32,3.4,20 Km,-13.64,-71.65,CUSCO,QUISPICANCHI,URCOS,140.9527792276053,12538.0,0,0,6
06/09/2023 02:44:57,3.5,10 Km,-13.42,-73.54,APURIMAC,CHINCHEROS,EL PORVENIR,59.71839270437545,1728.0,0,0,1
04/09/2023 22:30:15,4.0,25 Km,-9.21,-79.47,,,,,,0,0,0
03/09/2023 17:38:26,3.4,10 Km,-13.88,-71.86,CUSCO,PARURO,COLCHA,140.10347168596817,905.0,0,0,2
03/09/2023 16:17:58,3.6,54 Km,-11.46,-77.88,,,,,,0,0,0
03/09/2023 14:22:47,3.7,18 Km,-16.48,-71.62,AREQUIPA,AREQUIPA,UCHUMAYO,271.1145028615976,17981.0,23,3,17
03/09/2023 12:33:21,3.4,11 Km,-15.77,-72.13,AREQUIPA,CAYLLOMA,HUAMBO,716.367191636351,643.0,0,0,2
02/09/2023 09:11:12,4.8,40 Km,-15.66,-75.05,,,,,,0,0,0
02/09/2023 06:11:02,5.6,159 Km,-8.21,-74.51,UCAYALI,CORONEL PORTILLO,CALLERIA,11645.766871791395,180420.0,0,0,0
02/09/2023 04:00:36,4.2,168 Km,-8.26,-74.43,UCAYALI,CORONEL PORTILLO,CALLERIA,11645.766871791395,180420.0,0,0,0
01/09/2023 21:05:20,3.9,17 Km,-10.14,-75.49,PASCO,OXAPAMPA,POZUZO,716.0790748858549,3977.0,0,0,0
31/08/2023 04:38:06,5.1,233 Km,-1.49,-78.0,,,,,,8,3,0
30/08/2023 05:14:33,4.2,43 Km,-4.41,-77.93,AMAZONAS,CONDORCANQUI,NIEVA,4190.023558679058,19939.0,0,0,0
29/08/2023 11:51:39,3.7,45 Km,-12.49,-76.99,,,,,,0,0,0
28/08/2023 20:50:10,3.5,8 Km,-15.77,-71.76,AREQUIPA,CAYLLOMA,ACHOMA,366.1901216924418,812.0,0,0,0
28/08/2023 10:26:23,4.4,88 Km,-4.8,-79.82,PIURA,AYABACA,LAGUNAS,190.58302513460808,5670.0,0,0,0
28/08/2023 09:09:36,4.3,79 Km,-16.41,-72.62,AREQUIPA,CONDESUYOS,CHUQUIBAMBA,1186.5351513834737,3327.0,0,0,0
28/08/2023 00:38:05,4.3,33 Km,-18.25,-71.41,,,,,,0,0,0
27/08/2023 23:14:44,4.9,26 Km,-18.26,-71.51,,,,,,0,0,0
27/08/2023 11:33:29,3.8,37 Km,-5.05,-80.92,PIURA,PAITA,LA HUACA,580.5982972685473,14668.0,0,0,0
27/08/2023 03:27:32,4.0,31 Km,-18.59,-71.0,,,,,,0,0,0
27/08/2023 00:07:20,3.5,34 Km,-13.01,-76.97,,,,,,0,0,0
25/08/2023 22:21:20,3.6,18 Km,-5.74,-78.59,AMAZONAS,UTCUBAMBA,EL MILAGRO,307.96403307786403,6564.0,0,0,0
25/08/2023 20:43:57,4.6,247 Km,-15.64,-69.6,,,,,,0,0,0
24/08/2023 08:01:31,3.7,8 Km,-15.76,-71.74,AREQUIPA,CAYLLOMA,ACHOMA,366.1901216924418,812.0,0,0,0
23/08/2023 18:48:59,4.0,35 Km,-5.91,-81.27,,,,,,0,0,0
23/08/2023 17:40:10,3.7,19 Km,-16.58,-71.59,AREQUIPA,AREQUIPA,YARABAMBA,486.8475301150486,1691.0,1,0,0
23/08/2023 13:30:53,3.3,6 Km,-16.39,-70.86,MOQUEGUA,GENERAL SANCHEZ CERRO,UBINAS,883.724234014067,1328.0,1,0,1
23/08/2023 13:12:29,4.0,44 Km,-5.97,-80.71,PIURA,SECHURA,SECHURA,5677.977347816637,55316.0,0,0,0
23/08/2023 09:02:06,5.2,106 Km,-20.73,-69.54,,,,,,0,0,0
23/08/2023 00:01:02,4.1,29 Km,-9.47,-80.1,,,,,,0,0,0
22/08/2023 22:46:32,4.0,24 Km,-4.52,-76.52,LORETO,DATEM DEL MARAÑON,PASTAZA,9100.182512461359,6106.0,0,0,0
22/08/2023 16:13:20,4.8,43 Km,-5.55,-80.77,PIURA,SECHURA,SECHURA,5677.977347816637,55316.0,3,1,0
22/08/2023 05:18:11,4.0,38 Km,-9.48,-79.12,,,,,,0,0,0
21/08/2023 13:21:54,4.1,43 Km,-10.79,-78.61,,,,,,0,0,0
21/08/2023 08:58:27,3.7,59 Km,-18.29,-70.4,TACNA,TACNA,LA YARADA LOS PALOS,545.6995435139847,6887.0,0,0,1
21/08/2023 08:47:26,4.1,96 Km,-14.29,-73.3,APURIMAC,AYMARAES,CHALHUANCA,339.06337125240935,5211.0,0,0,1
21/08/2023 04:32:15,4.0,62 Km,-3.09,-80.19,,,,,,0,0,0
21/08/2023 01:10:37,3.5,12 Km,-13.7,-71.68,CUSCO,QUISPICANCHI,HUARO,108.70605951985942,5055.0,0,0,4
21/08/2023 00:24:10,5.6,58 Km,-3.1,-80.15,,,,,,0,0,0
20/08/2023 13:31:34,3.7,25 Km,-16.67,-71.87,AREQUIPA,AREQUIPA,LA JOYA,697.0067549969054,42668.0,1,0,3
20/08/2023 08:59:10,4.2,24 Km,-16.68,-71.87,AREQUIPA,AREQUIPA,LA JOYA,697.0067549969054,42668.0,0,0,1
20/08/2023 02:29:01,4.5,98 Km,-3.64,-77.89,AMAZONAS,CONDORCANQUI,RIO SANTIAGO,8088.7469214223365,18978.0,0,0,0
19/08/2023 18:09:47,4.0,30 Km,-9.0,-79.43,,,,,,0,0,0
19/08/2023 13:33:03,4.1,35 Km,-10.72,-78.4,,,,,,0,0,0
19/08/2023 06:27:00,5.3,25 Km,-16.09,-75.03,,,,,,0,0,0
18/08/2023 22:48:34,3.8,56 Km,-13.16,-76.84,,,,,,0,0,0
18/08/2023 16:23:35,3.6,48 Km,-12.7,-76.74,,,,,,0,0,1
18/08/2023 05:56:35,4.8,33 Km,-9.37,-79.29,,,,,,0,0,0
18/08/2023 05:27:55,5.4,25 Km,-15.95,-74.96,,,,,,0,0,0
18/08/2023 03:51:15,4.0,47 Km,-12.69,-76.72,,,,,,2,1,1
17/08/2023 17:37:44,3.6,49 Km,-12.91,-76.78,,,,,,0,0,0
16/08/2023 07:51:43,3.6,7 Km,-15.77,-71.8,AREQUIPA,CAYLLOMA,MACA,237.26286538445896,672.0,0,0,0
15/08/2023 15:38:10,4.0,65 Km,-4.65,-80.25,PIURA,PIURA,LAS LOMAS,556.8358126332955,29406.0,1,0,2
15/08/2023 02:06:29,5.0,150 Km,-10.47,-74.93,PASCO,OXAPAMPA,PUERTO BERMUDEZ,7672.2762987020205,22704.0,0,0,0
14/08/2023 15:13:50,3.9,27 Km,-14.72,-75.75,ICA,ICA,SANTIAGO,2767.922689745546,32899.0,0,0,0
13/08/2023 05:02:46,3.6,9 Km,-15.75,-71.94,AREQUIPA,CAYLLOMA,CABANACONDE,462.305213456443,2040.0,0,0,0
13/08/2023 03:57:12,4.0,128 Km,-15.36,-72.84,AREQUIPA,CONDESUYOS,SALAMANCA,1241.6539059726872,351.0,0,0,0
12/08/2023 20:59:47,3.6,10 Km,-15.77,-71.95,AREQUIPA,CAYLLOMA,CABANACONDE,462.305213456443,2040.0,0,0,0
12/08/2023 20:49:39,3.5,9 Km,-15.74,-71.94,AREQUIPA,CAYLLOMA,CABANACONDE,462.305213456443,2040.0,0,0,0
12/08/2023 19:50:51,3.6,9 Km,-15.75,-71.9,AREQUIPA,CAYLLOMA,LLUTA,1228.7528929408177,680.0,0,0,0
12/08/2023 19:26:52,3.6,10 Km,-15.75,-71.91,AREQUIPA,CAYLLOMA,CABANACONDE,462.305213456443,2040.0,0,0,0
12/08/2023 18:52:57,4.2,205 Km,-17.56,-69.27,,,,,,0,0,1
12/08/2023 18:11:50,3.7,50 Km,-12.81,-76.88,,,,,,0,0,0
12/08/2023 16:52:06,4.7,180 Km,-3.22,-75.85,LORETO,LORETO,TROMPETEROS,12565.554565892075,11442.0,0,0,0
12/08/2023 09:36:46,4.0,150 Km,-9.01,-74.49,UCAYALI,CORONEL PORTILLO,IPARIA,7368.483783638121,12724.0,0,0,0
11/08/2023 23:06:22,3.7,10 Km,-15.74,-71.95,AREQUIPA,CAYLLOMA,CABANACONDE,462.305213456443,2040.0,0,0,0
11/08/2023 21:31:04,4.1,103 Km,-12.75,-74.72,HUANCAVELICA,ACOBAMBA,PAUCARA,220.08037740681124,6937.0,1,0,0
11/08/2023 19:55:53,3.8,8 Km,-15.72,-71.92,AREQUIPA,CAYLLOMA,CABANACONDE,462.305213456443,2040.0,0,0,0
11/08/2023 17:32:42,3.7,14 Km,-5.76,-78.63,AMAZONAS,UTCUBAMBA,EL MILAGRO,307.96403307786403,6564.0,0,0,1
11/08/2023 14:44:16,3.5,8 Km,-9.54,-76.1,HUANUCO,HUANUCO,CHINCHAO,806.3725085222776,12790.0,0,0,0
11/08/2023 13:04:11,3.6,9 Km,-15.75,-71.81,AREQUIPA,CAYLLOMA,MACA,237.26286538445896,672.0,0,0,0
10/08/2023 21:03:23,3.8,61 Km,-12.6,-76.82,,,,,,0,1,0
10/08/2023 14:18:52,3.4,13 Km,-16.59,-71.62,AREQUIPA,AREQUIPA,YARABAMBA,486.8475301150486,1691.0,0,0,0
10/08/2023 12:46:18,4.0,111 Km,-12.91,-74.96,HUANCAVELICA,HUANCAVELICA,HUANCAVELICA,510.2276010154782,43223.0,0,0,0
10/08/2023 01:39:47,3.7,17 Km,-5.98,-76.45,LORETO,ALTO AMAZONAS,BALSAPUERTO,3003.7284807880064,17519.0,0,0,0
09/08/2023 23:30:26,4.8,153 Km,-7.99,-74.5,UCAYALI,CORONEL PORTILLO,CALLERIA,11645.766871791395,180420.0,0,0,0
09/08/2023 22:21:33,4.0,25 Km,-18.34,-71.67,,,,,,0,0,0
09/08/2023 15:14:58,3.6,11 Km,-15.65,-72.08,AREQUIPA,CAYLLOMA,HUAMBO,716.367191636351,643.0,0,0,2
09/08/2023 12:28:39,3.6,17 Km,-14.05,-71.48,CUSCO,ACOMAYO,ACOPIA,79.25612830795386,3121.0,0,0,6
09/08/2023 00:09:10,4.2,28 Km,-18.33,-71.69,,,,,,0,0,0
08/08/2023 17:12:44,3.8,10 Km,-15.75,-71.69,AREQUIPA,CAYLLOMA,ACHOMA,366.1901216924418,812.0,0,0,0
08/08/2023 14:41:25,4.0,56 Km,-11.88,-77.42,,,,,,0,0,0
08/08/2023 14:20:04,3.6,11 Km,-15.73,-71.68,AREQUIPA,CAYLLOMA,ACHOMA,366.1901216924418,812.0,0,0,0
08/08/2023 06:13:59,3.7,10 Km,-10.38,-75.65,PASCO,OXAPAMPA,HUANCABAMBA,1134.2161266660814,7163.0,0,0,0
08/08/2023 03:32:23,4.2,40 Km,-13.05,-76.95,,,,,,0,0,0
07/08/2023 21:55:26,4.1,120 Km,-9.24,-74.95,HUANUCO,PUERTO INCA,PUERTO INCA,2389.4306144477373,10938.0,0,0,0
06/08/2023 02:48:55,3.7,9 Km,-15.73,-71.68,AREQUIPA,CAYLLOMA,ACHOMA,366.1901216924418,812.0,0,0,0
06/08/2023 01:22:30,4.0,185 Km,-17.04,-69.62,PUNO,EL COLLAO,CAPAZO,1048.672808297165,985.0,0,0,0
05/08/2023 12:38:40,5.1,115 Km,-19.66,-69.38,,,,,,0,0,0
05/08/2023 05:43:47,4.3,31 Km,-8.14,-80.3,,,,,,0,0,0
04/08/2023 15:17:30,4.7,38 Km,-3.98,-81.06,,,,,,0,0,0
04/08/2023 11:48:26,3.6,9 Km,-15.73,-71.68,AREQUIPA,CAYLLOMA,ACHOMA,366.1901216924418,812.0,0,0,0
04/08/2023 00:36:06,4.0,100 Km,-13.06,-76.05,LIMA,CAÑETE,LUNAHUANA,493.4396188236092,3975.0,0,0,0
03/08/2023 01:47:23,3.7,63 Km,-11.7,-77.12,LIMA,LIMA,ANCON,311.0024033850279,95841.0,6,1,1
02/08/2023 16:15:43,3.7,39 Km,-12.51,-77.0,,,,,,0,0,0
02/08/2023 09:56:47,3.4,10 Km,-11.51,-75.55,JUNIN,JAUJA,RICRAN,319.8332374861356,1102.0,0,0,0
02/08/2023 02:55:31,4.3,55 Km,-14.76,-75.83,,,,,,0,0,0
01/08/2023 19:40:20,4.2,26 Km,-18.78,-71.63,,,,,,0,0,0
31/07/2023 10:52:58,4.0,148 Km,-16.12,-71.73,AREQUIPA,AREQUIPA,YURA,1923.1678382491139,46837.0,0,0,0
29/07/2023 21:05:10,3.4,54 Km,-12.51,-76.65,LIMA,CAÑETE,SANTA CRUZ DE FLORES,94.33059235737748,3344.0,0,1,0
29/07/2023 20:07:14,4.0,111 Km,-17.34,-70.84,MOQUEGUA,MARISCAL NIETO,MOQUEGUA,3496.5014394191817,48398.0,0,0,0
29/07/2023 13:17:45,4.2,11 Km,-15.72,-72.04,AREQUIPA,CAYLLOMA,CABANACONDE,462.305213456443,2040.0,0,0,2
28/07/2023 17:27:37,4.8,39 Km,-8.95,-79.58,,,,,,0,0,0
28/07/2023 17:16:13,3.5,16 Km,-16.57,-71.63,AREQUIPA,AREQUIPA,YARABAMBA,486.8475301150486,1691.0,0,0,0
27/07/2023 18:14:43,4.2,153 Km,-7.96,-74.45,UCAYALI,CORONEL PORTILLO,CALLERIA,11645.766871791395,180420.0,0,0,0
27/07/2023 06:21:22,4.0,142 Km,-17.95,-69.75,TACNA,TACNA,PALCA,1462.9568465577868,2461.0,0,0,1
26/07/2023 07:09:44,3.9,19 Km,-5.64,-78.67,CAJAMARCA,JAEN,BELLAVISTA,869.4847753804847,16484.0,0,0,0
25/07/2023 09:40:51,4.2,25 Km,-17.84,-70.72,TACNA,TACNA,SAMA,1139.769276483457,3995.0,0,0,0
25/07/2023 08:25:29,3.8,16 Km,-5.61,-78.7,CAJAMARCA,JAEN,BELLAVISTA,869.4847753804847,16484.0,0,0,0
24/07/2023 19:20:30,4.2,131 Km,-6.68,-75.81,SAN MARTIN,SAN MARTIN,HUIMBAYOC,1712.957314221571,5769.0,0,0,0
24/07/2023 13:11:10,3.6,9 Km,-15.65,-71.98,AREQUIPA,CAYLLOMA,CABANACONDE,462.305213456443,2040.0,1,0,1
23/07/2023 23:14:30,4.0,109 Km,-16.34,-72.33,AREQUIPA,CAYLLOMA,MAJES,1648.4337671085377,76767.0,1,0,0
23/07/2023 16:17:22,4.0,102 Km,-10.38,-77.51,ANCASH,OCROS,SAN PEDRO,534.9241016502226,422.0,0,0,0
23/07/2023 14:24:24,4.2,60 Km,-3.23,-80.06,,,,,,2,0,0
23/07/2023 06:44:03,3.9,53 Km,-15.9,-74.37,,,,,,0,0,0
21/07/2023 23:41:52,4.1,197 Km,-15.41,-71.04,CUSCO,ESPINAR,CONDOROMA,517.0746687707144,824.0,0,0,0
21/07/2023 22:25:57,3.8,10 Km,-15.67,-71.88,AREQUIPA,CAYLLOMA,CABANACONDE,462.305213456443,2040.0,2,0,1
21/07/2023 22:13:30,3.5,8 Km,-15.67,-71.86,AREQUIPA,CAYLLOMA,CABANACONDE,462.305213456443,2040.0,3,0,1
21/07/2023 21:39:12,3.7,9 Km,-15.68,-71.89,AREQUIPA,CAYLLOMA,CABANACONDE,462.305213456443,2040.0,3,0,2
21/07/2023 00:34:46,4.0,138 Km,-7.35,-75.72,LORETO,UCAYALI,PAMPA HERMOSA,7471.991314098033,6007.0,0,0,0
21/07/2023 00:20:08,3.8,21 Km,-10.01,-75.39,PASCO,OXAPAMPA,PALCAZU,2787.5742321471407,7818.0,0,0,0
20/07/2023 23:08:50,3.6,54 Km,-11.7,-77.55,,,,,,0,0,0
20/07/2023 21:14:16,4.3,142 Km,-15.53,-72.13,AREQUIPA,CASTILLA,CHOCO,904.4432006779886,593.0,0,0,0
20/07/2023 00:24:25,3.7,9 Km,-15.67,-71.87,AREQUIPA,CAYLLOMA,CABANACONDE,462.305213456443,2040.0,2,0,1
19/07/2023 05:12:27,5.1,172 Km,-7.96,-74.5,UCAYALI,CORONEL PORTILLO,CALLERIA,11645.766871791395,180420.0,0,0,0
19/07/2023 03:49:24,4.1,102 Km,-16.48,-72.52,AREQUIPA,CAMANA,NICOLAS DE PIEROLA,390.8107464994652,8047.0,0,0,0
19/07/2023 03:45:31,4.0,129 Km,-14.97,-72.25,AREQUIPA,CASTILLA,ORCOPAMPA,729.6216610408102,8723.0,0,0,0
18/07/2023 22:24:33,4.6,30 Km,-10.6,-78.63,,,,,,0,0,0
18/07/2023 13:44:13,3.8,18 Km,-5.89,-78.97,CAJAMARCA,JAEN,COLASAY,604.5171760212689,10321.0,0,0,0
17/07/2023 04:58:41,4.8,30 Km,-9.54,-76.09,HUANUCO,HUANUCO,CHINCHAO,806.3725085222776,12790.0,0,0,0
16/07/2023 23:46:16,4.0,37 Km,-3.38,-77.63,LORETO,DATEM DEL MARAÑON,MORONA,11043.901372452485,4252.0,0,0,0
16/07/2023 22:35:31,3.8,28 Km,-10.61,-73.76,UCAYALI,ATALAYA,RAIMONDI,14539.205149323814,42514.0,0,0,0
15/07/2023 15:56:44,4.0,44 Km,-9.84,-78.8,,,,,,0,0,0
15/07/2023 00:23:09,4.3,168 Km,-8.32,-74.37,UCAYALI,CORONEL PORTILLO,CALLERIA,11645.766871791395,180420.0,0,0,0
14/07/2023 16:51:11,4.3,25 Km,-17.41,-72.6,,,,,,0,0,0
14/07/2023 04:15:49,4.0,133 Km,-16.09,-72.05,AREQUIPA,CAYLLOMA,LLUTA,1228.7528929408177,680.0,0,0,0
13/07/2023 20:20:24,4.0,20 Km,-6.49,-75.9,SAN MARTIN,SAN MARTIN,CHAZUTA,951.7669769406931,10963.0,0,0,0
13/07/2023 19:48:31,3.5,54 Km,-11.73,-77.38,,,,,,0,0,0
13/07/2023 16:12:56,4.5,139 Km,-8.31,-75.31,UCAYALI,PADRE ABAD,CURIMANA,1877.6509837698943,11297.0,0,0,0
13/07/2023 14:33:12,4.1,12 Km,-6.53,-80.9,,,,,,0,0,0
13/07/2023 14:27:50,4.6,32 Km,-6.52,-80.88,,,,,,0,0,0
13/07/2023 13:15:57,4.5,62 Km,-8.65,-79.04,,,,,,0,0,0
13/07/2023 03:40:11,4.4,28 Km,-15.76,-75.42,,,,,,0,0,0
12/07/2023 16:53:06,4.0,107 Km,-14.7,-73.8,AYACUCHO,PARINACOCHAS,CORACORA,1387.9643170964926,13047.0,0,0,0
12/07/2023 14:37:49,4.0,151 Km,-15.37,-71.68,AREQUIPA,CAYLLOMA,CAYLLOMA,1508.33264590118,3635.0,0,0,0
11/07/2023 03:08:33,3.9,10 Km,-15.7,-72.11,AREQUIPA,CAYLLOMA,HUAMBO,716.367191636351,643.0,0,0,2
10/07/2023 18:46:32,4.7,38 Km,-4.9,-80.83,PIURA,SULLANA,MARCAVELICA,1662.4805053918735,33438.0,5,0,2
10/07/2023 00:46:18,4.2,118 Km,-10.5,-74.09,UCAYALI,ATALAYA,RAIMONDI,14539.205149323814,42514.0,0,0,0
09/07/2023 23:03:28,3.6,10 Km,-15.8,-71.79,AREQUIPA,CAYLLOMA,MACA,237.26286538445896,672.0,0,0,0
09/07/2023 05:40:58,3.7,10 Km,-10.59,-75.0,PASCO,OXAPAMPA,PUERTO BERMUDEZ,7672.2762987020205,22704.0,0,0,0
08/07/2023 22:29:23,4.3,187 Km,-16.91,-70.02,PUNO,EL COLLAO,SANTA ROSA,2712.1339805846847,2723.0,0,0,0
06/07/2023 22:40:09,4.5,154 Km,-8.31,-74.13,UCAYALI,CORONEL PORTILLO,CALLERIA,11645.766871791395,180420.0,0,0,0
05/07/2023 03:45:12,4.0,110 Km,-3.31,-77.62,LORETO,DATEM DEL MARAÑON,MORONA,11043.901372452485,4252.0,0,0,0
04/07/2023 02:34:06,4.0,135 Km,-15.01,-72.05,AREQUIPA,CASTILLA,CHACHAS,1197.603383152886,1547.0,0,0,0
04/07/2023 01:37:09,4.0,24 Km,-10.78,-74.43,PASCO,OXAPAMPA,PUERTO BERMUDEZ,7672.2762987020205,22704.0,0,0,0
04/07/2023 00:04:51,3.6,10 Km,-15.76,-71.74,AREQUIPA,CAYLLOMA,ACHOMA,366.1901216924418,812.0,0,0,0
03/07/2023 11:15:31,3.6,10 Km,-15.77,-71.76,AREQUIPA,CAYLLOMA,ACHOMA,366.1901216924418,812.0,0,0,0
03/07/2023 01:52:39,3.8,18 Km,-5.76,-78.62,AMAZONAS,UTCUBAMBA,EL MILAGRO,307.96403307786403,6564.0,0,0,1
02/07/2023 05:46:54,4.9,125 Km,-12.64,-76.3,LIMA,CAÑETE,COAYLLO,600.3121921080867,1104.0,0,0,0
01/07/2023 23:25:07,3.5,11 Km,-13.58,-71.64,CUSCO,PAUCARTAMBO,CAICAY,107.07945173019937,3151.0,0,0,3
01/07/2023 20:25:00,5.1,41 Km,-16.26,-73.78,,,,,,0,0,0
01/07/2023 12:22:59,3.7,11 Km,-15.81,-70.65,PUNO,SAN ROMAN,CABANILLAS,1274.3359267376352,4145.0,0,0,0
30/06/2023 05:10:52,3.9,54 Km,-11.87,-77.32,,,,,,0,0,0
30/06/2023 04:48:38,3.8,10 Km,-15.77,-71.77,AREQUIPA,CAYLLOMA,MACA,237.26286538445896,672.0,0,0,0
29/06/2023 05:52:32,4.8,26 Km,-16.42,-73.84,,,,,,0,0,0
26/06/2023 23:45:41,3.5,7 Km,-15.64,-71.91,AREQUIPA,CAYLLOMA,CABANACONDE,462.305213456443,2040.0,2,0,1
26/06/2023 14:55:34,3.6,59 Km,-11.97,-77.21,,,,,,10,2,4
26/06/2023 10:08:23,4.0,22 Km,-9.89,-75.58,HUANUCO,PUERTO INCA,CODO DEL POZUZO,3221.2599690701472,8647.0,0,0,0
26/06/2023 03:13:12,3.9,26 Km,-16.66,-72.86,,,,,,1,0,1
25/06/2023 08:26:50,4.4,28 Km,-18.23,-71.74,,,,,,0,0,0
24/06/2023 20:35:56,4.9,92 Km,-15.6,-74.15,AREQUIPA,CARAVELI,HUANUHUANU,705.1800850016543,3382.0,0,0,0
24/06/2023 14:55:39,3.5,13 Km,-14.28,-71.33,CUSCO,CANCHIS,SAN PABLO,524.8559075493946,4395.0,0,0,0
24/06/2023 09:23:53,4.0,45 Km,-9.56,-78.95,,,,,,0,0,0
23/06/2023 22:31:31,5.8,166 Km,-8.0,-74.63,UCAYALI,CORONEL PORTILLO,CALLERIA,11645.766871791395,180420.0,0,0,0
23/06/2023 16:23:13,3.7,9 Km,-15.77,-71.74,AREQUIPA,CAYLLOMA,ACHOMA,366.1901216924418,812.0,0,0,0
22/06/2023 17:03:43,3.7,9 Km,-15.82,-71.75,AREQUIPA,CAYLLOMA,ACHOMA,366.1901216924418,812.0,0,0,0
22/06/2023 15:36:41,4.5,76 Km,-6.38,-79.75,LAMBAYEQUE,LAMBAYEQUE,JAYANCA,691.6586187095414,20795.0,1,0,0
21/06/2023 22:29:48,4.7,150 Km,-7.95,-74.68,LORETO,UCAYALI,PADRE MARQUEZ,2434.9195833576787,3109.0,0,0,0
21/06/2023 13:57:32,3.7,10 Km,-15.75,-71.8,AREQUIPA,CAYLLOMA,MACA,237.26286538445896,672.0,0,0,0
20/06/2023 20:44:19,3.6,10 Km,-15.78,-71.78,AREQUIPA,CAYLLOMA,MACA,237.26286538445896,672.0,0,0,0
20/06/2023 12:24:28,4.3,114 Km,-15.42,-74.04,AYACUCHO,PARINACOCHAS,PULLO,1562.4932672058267,7843.0,0,0,0
20/06/2023 06:28:08,3.8,15 Km,-14.35,-70.95,CUSCO,CANCHIS,MARANGANI,440.3226254388825,10280.0,0,0,0
19/06/2023 22:38:27,4.5,49 Km,-13.09,-76.78,,,,,,0,0,0
18/06/2023 23:15:42,5.1,57 Km,-15.79,-74.77,,,,,,0,0,0
17/06/2023 20:38:13,4.4,34 Km,-15.49,-75.39,,,,,,0,0,0
17/06/2023 11:17:49,4.3,25 Km,-4.2,-81.91,,,,,,0,0,0
17/06/2023 02:32:13,3.8,47 Km,-12.39,-76.74,LIMA,LIMA,SAN BARTOLO,53.656183586900504,9537.0,2,1,5
16/06/2023 16:28:16,3.7,9 Km,-15.78,-71.75,AREQUIPA,CAYLLOMA,ACHOMA,366.1901216924418,812.0,0,0,0
16/06/2023 10:59:35,3.6,17 Km,-10.05,-75.76,HUANUCO,PACHITEA,PANAO,1609.1340808707403,17579.0,0,0,0
16/06/2023 10:00:32,3.8,19 Km,-10.03,-75.74,HUANUCO,PACHITEA,PANAO,1609.1340808707403,17579.0,0,0,0
16/06/2023 00:33:39,3.5,10 Km,-15.74,-71.67,AREQUIPA,CAYLLOMA,ACHOMA,366.1901216924418,812.0,0,0,0
15/06/2023 16:32:04,4.0,45 Km,-18.19,-70.6,TACNA,TACNA,TACNA,1919.688086384588,106816.0,0,0,1
15/06/2023 15:39:41,4.5,83 Km,-13.56,-74.8,HUANCAVELICA,HUAYTARA,PILPICHACA,2177.7816332040456,2570.0,0,0,0
14/06/2023 21:48:05,3.6,10 Km,-15.8,-71.77,AREQUIPA,CAYLLOMA,MACA,237.26286538445896,672.0,0,0,0
14/06/2023 20:57:20,4.1,32 Km,-16.29,-74.2,,,,,,0,0,0
13/06/2023 19:39:58,3.6,11 Km,-15.78,-71.75,AREQUIPA,CAYLLOMA,ACHOMA,366.1901216924418,812.0,0,0,0
13/06/2023 11:35:18,3.6,10 Km,-15.83,-71.82,AREQUIPA,CAYLLOMA,LLUTA,1228.7528929408177,680.0,0,0,0
13/06/2023 10:23:01,3.8,23 Km,-16.25,-74.1,,,,,,0,0,0
13/06/2023 08:01:10,3.9,21 Km,-16.21,-74.06,,,,,,0,0,0
13/06/2023 03:27:06,4.5,22 Km,-16.27,-74.19,,,,,,0,0,0
13/06/2023 00:35:31,3.5,11 Km,-15.79,-71.74,AREQUIPA,CAYLLOMA,ACHOMA,366.1901216924418,812.0,0,0,0
12/06/2023 12:56:22,3.6,10 Km,-15.78,-71.79,AREQUIPA,CAYLLOMA,MACA,237.26286538445896,672.0,0,0,0
12/06/2023 11:54:37,4.0,58 Km,-14.36,-75.77,ICA,ICA,OCUCAJE,1399.7877454209577,5597.0,0,0,0
12/06/2023 06:20:30,3.3,53 Km,-12.2,-77.37,,,,,,0,0,0
12/06/2023 05:25:07,3.6,20 Km,-5.63,-78.7,CAJAMARCA,JAEN,BELLAVISTA,869.4847753804847,16484.0,0,0,0
11/06/2023 22:46:40,3.8,45 Km,-12.88,-77.25,,,,,,0,0,0
11/06/2023 12:09:55,3.8,6 Km,-15.76,-71.72,AREQUIPA,CAYLLOMA,ACHOMA,366.1901216924418,812.0,0,0,0
11/06/2023 05:09:14,3.8,45 Km,-8.61,-79.4,,,,,,0,0,0
11/06/2023 04:37:55,3.6,11 Km,-15.78,-71.74,AREQUIPA,CAYLLOMA,ACHOMA,366.1901216924418,812.0,0,0,0
11/06/2023 03:29:24,3.5,11 Km,-15.78,-71.76,AREQUIPA,CAYLLOMA,ACHOMA,366.1901216924418,812.0,0,0,0
10/06/2023 19:00:57,4.0,23 Km,-8.3,-80.15,,,,,,0,0,0
10/06/2023 03:15:14,4.1,86 Km,-4.43,-79.5,,,,,,1,0,0
10/06/2023 00:51:57,4.0,8 Km,-15.82,-71.83,AREQUIPA,CAYLLOMA,MACA,237.26286538445896,672.0,0,0,0
09/06/2023 13:28:08,3.5,9 Km,-15.77,-71.73,AREQUIPA,CAYLLOMA,ACHOMA,366.1901216924418,812.0,0,0,0
09/06/2023 07:14:11,4.0,82 Km,-15.3,-74.31,AYACUCHO,LUCANAS,SANCOS,1503.2004562375032,4743.0,0,0,0
09/06/2023 01:07:43,4.0,27 Km,-5.26,-76.91,LORETO,DATEM DEL MARAÑON,CAHUAPANAS,4785.702362475397,8093.0,0,0,0
09/06/2023 01:00:05,3.8,8 Km,-15.76,-71.73,AREQUIPA,CAYLLOMA,ACHOMA,366.1901216924418,812.0,0,0,0
09/06/2023 00:26:02,3.7,9 Km,-15.77,-71.71,AREQUIPA,CAYLLOMA,ACHOMA,366.1901216924418,812.0,0,0,0
08/06/2023 21:56:14,4.1,21 Km,-8.38,-80.26,,,,,,0,0,0
08/06/2023 14:36:18,3.8,8 Km,-15.8,-71.77,AREQUIPA,CAYLLOMA,MACA,237.26286538445896,672.0,0,0,0
08/06/2023 12:11:10,4.0,112 Km,-15.92,-72.93,AREQUIPA,CONDESUYOS,ANDARAY,811.1622466037838,664.0,0,0,0
08/06/2023 00:16:45,3.6,10 Km,-15.8,-71.76,AREQUIPA,CAYLLOMA,ACHOMA,366.1901216924418,812.0,0,0,0
07/06/2023 22:42:03,3.8,15 Km,-6.36,-78.65,CAJAMARCA,CHOTA,ANGUIA,152.06886689381696,2998.0,0,0,0
07/06/2023 18:08:20,4.7,41 Km,-16.31,-74.19,,,,,,0,0,0
07/06/2023 17:52:05,5.4,35 Km,-16.32,-74.19,,,,,,0,0,0
07/06/2023 16:39:56,3.5,7 Km,-15.81,-71.86,AREQUIPA,CAYLLOMA,LLUTA,1228.7528929408177,680.0,0,0,0
07/06/2023 15:35:08,3.5,10 Km,-15.78,-71.79,AREQUIPA,CAYLLOMA,MACA,237.26286538445896,672.0,0,0,0
07/06/2023 15:05:24,3.6,9 Km,-15.8,-71.79,AREQUIPA,CAYLLOMA,MACA,237.26286538445896,672.0,0,0,0
07/06/2023 14:09:13,3.5,10 Km,-15.78,-71.74,AREQUIPA,CAYLLOMA,ACHOMA,366.1901216924418,812.0,0,0,0
07/06/2023 11:08:19,3.6,9 Km,-15.77,-71.72,AREQUIPA,CAYLLOMA,ACHOMA,366.1901216924418,812.0,0,0,0
07/06/2023 08:10:03,3.8,18 Km,-5.47,-78.52,CAJAMARCA,JAEN,SANTA ROSA,311.8885285404735,9878.0,0,0,2
07/06/2023 07:48:43,4.3,35 Km,-8.97,-79.24,,,,,,0,0,0
07/06/2023 06:59:04,3.7,8 Km,-15.81,-71.82,AREQUIPA,CAYLLOMA,MACA,237.26286538445896,672.0,0,0,0
06/06/2023 16:04:03,3.6,8 Km,-15.76,-71.71,AREQUIPA,CAYLLOMA,ACHOMA,366.1901216924418,812.0,0,0,0
06/06/2023 12:54:28,3.8,10 Km,-15.8,-71.84,AREQUIPA,CAYLLOMA,MACA,237.26286538445896,672.0,0,0,0
06/06/2023 12:53:21,4.0,7 Km,-15.8,-71.88,AREQUIPA,CAYLLOMA,LLUTA,1228.7528929408177,680.0,0,0,0
06/06/2023 08:15:03,3.6,9 Km,-15.76,-71.74,AREQUIPA,CAYLLOMA,ACHOMA,366.1901216924418,812.0,0,0,0
05/06/2023 11:54:51,4.0,74 Km,-18.25,-70.14,TACNA,TACNA,TACNA,1919.688086384588,106816.0,0,0,0
05/06/2023 08:25:15,4.3,8 Km,-15.79,-71.77,AREQUIPA,CAYLLOMA,MACA,237.26286538445896,672.0,0,0,0
05/06/2023 07:43:37,4.8,7 Km,-15.78,-71.77,AREQUIPA,CAYLLOMA,MACA,237.26286538445896,672.0,0,0,0
05/06/2023 06:55:29,4.8,8 Km,-15.8,-71.74,AREQUIPA,CAYLLOMA,ACHOMA,366.1901216924418,812.0,0,0,0
04/06/2023 06:09:46,3.9,18 Km,-8.57,-76.25,SAN MARTIN,TOCACHE,NUEVO PROGRESO,824.6433710375615,12859.0,0,0,0
04/06/2023 04:03:31,3.7,10 Km,-15.78,-71.73,AREQUIPA,CAYLLOMA,ACHOMA,366.1901216924418,812.0,0,0,0
03/06/2023 23:39:42,4.0,28 Km,-16.28,-74.1,,,,,,0,0,0
03/06/2023 20:25:16,4.3,9 Km,-15.76,-71.73,AREQUIPA,CAYLLOMA,ACHOMA,366.1901216924418,812.0,0,0,0
03/06/2023 13:56:08,3.7,8 Km,-15.79,-71.76,AREQUIPA,CAYLLOMA,ACHOMA,366.1901216924418,812.0,0,0,0
03/06/2023 02:17:40,4.0,12 Km,-15.79,-71.78,AREQUIPA,CAYLLOMA,MACA,237.26286538445896,672.0,0,0,0
03/06/2023 00:01:13,3.6,10 Km,-15.79,-71.8,AREQUIPA,CAYLLOMA,MACA,237.26286538445896,672.0,0,0,0
02/06/2023 21:48:11,4.2,12 Km,-15.78,-71.8,AREQUIPA,CAYLLOMA,MACA,237.26286538445896,672.0,0,0,0
02/06/2023 21:27:37,4.5,12 Km,-15.79,-71.8,AREQUIPA,CAYLLOMA,MACA,237.26286538445896,672.0,0,0,0
02/06/2023 20:49:13,5.2,12 Km,-15.78,-71.72,AREQUIPA,CAYLLOMA,ACHOMA,366.1901216924418,812.0,0,0,0
02/06/2023 11:27:38,4.0,15 Km,-16.06,-75.47,,,,,,0,0,0
02/06/2023 09:06:39,4.6,21 Km,-15.96,-75.33,,,,,,0,0,0
01/06/2023 19:14:43,3.7,12 Km,-15.72,-71.69,AREQUIPA,CAYLLOMA,ACHOMA,366.1901216924418,812.0,2,0,1
01/06/2023 06:59:34,3.8,11 Km,-11.96,-75.03,JUNIN,HUANCAYO,HUANCAYO,226.67626407379532,126080.0,0,0,0
01/06/2023 04:13:21,4.4,19 Km,-5.66,-77.07,LORETO,DATEM DEL MARAÑON,BARRANCA,7390.874928637884,16551.0,0,0,0
01/06/2023 01:11:40,3.9,12 Km,-11.23,-74.57,JUNIN,SATIPO,SATIPO,815.0776898883915,43720.0,2,1,1
01/06/2023 00:27:22,4.0,34 Km,-9.1,-79.34,,,,,,0,0,0
31/05/2023 23:14:31,4.1,101 Km,-10.69,-77.07,LIMA,HUAURA,AMBAR,942.1299592719333,1958.0,0,0,0
31/05/2023 23:03:29,4.2,169 Km,-8.29,-74.32,UCAYALI,CORONEL PORTILLO,CALLERIA,11645.766871791395,180420.0,0,0,0
30/05/2023 15:25:15,3.9,30 Km,-3.36,-80.78,,,,,,0,0,0
30/05/2023 15:25:37,3.7,12 Km,-15.8,-71.78,AREQUIPA,CAYLLOMA,MACA,237.26286538445896,672.0,0,0,0
30/05/2023 11:51:36,5.6,46 Km,-20.59,-70.6,,,,,,0,0,0
30/05/2023 06:39:20,4.1,145 Km,-5.15,-77.03,LORETO,DATEM DEL MARAÑON,CAHUAPANAS,4785.702362475397,8093.0,0,0,0
30/05/2023 04:57:14,3.7,9 Km,-15.77,-71.77,AREQUIPA,CAYLLOMA,MACA,237.26286538445896,672.0,0,0,0
29/05/2023 22:32:03,4.0,95 Km,-18.27,-70.12,TACNA,TACNA,TACNA,1919.688086384588,106816.0,0,0,0
29/05/2023 20:51:50,3.6,52 Km,-12.66,-76.93,,,,,,0,0,0
29/05/2023 12:10:43,3.6,10 Km,-15.77,-71.76,AREQUIPA,CAYLLOMA,ACHOMA,366.1901216924418,812.0,0,0,0
28/05/2023 23:57:32,5.7,156 Km,-7.99,-74.56,UCAYALI,CORONEL PORTILLO,CALLERIA,11645.766871791395,180420.0,0,0,0
28/05/2023 22:32:33,4.0,36 Km,-8.62,-79.57,,,,,,0,0,0
28/05/2023 21:44:19,4.2,153 Km,-9.56,-76.12,HUANUCO,HUANUCO,CHINCHAO,806.3725085222776,12790.0,0,0,0
28/05/2023 17:36:53,3.8,7 Km,-15.78,-71.73,AREQUIPA,CAYLLOMA,ACHOMA,366.1901216924418,812.0,0,0,0
28/05/2023 14:08:20,4.5,8 Km,-15.78,-71.76,AREQUIPA,CAYLLOMA,ACHOMA,366.1901216924418,812.0,0,0,0
27/05/2023 15:54:14,4.5,27 Km,-8.26,-80.03,,,,,,0,0,0
27/05/2023 10:43:04,3.6,17 Km,-15.68,-71.56,AREQUIPA,CAYLLOMA,CHIVAY,243.11338103258214,5821.0,2,0,1
26/05/2023 18:04:04,3.5,10 Km,-15.77,-71.77,AREQUIPA,CAYLLOMA,MACA,237.26286538445896,672.0,0,0,0
26/05/2023 02:43:31,4.0,34 Km,-11.33,-79.03,,,,,,0,0,0
25/05/2023 15:20:12,4.0,130 Km,-17.77,-70.11,TACNA,TACNA,CIUDAD NUEVA,179.474573049792,31726.0,0,0,0
25/05/2023 07:41:07,3.5,40 Km,-12.63,-76.87,,,,,,0,0,0
25/05/2023 06:17:43,3.5,10 Km,-15.67,-71.85,AREQUIPA,CAYLLOMA,CABANACONDE,462.305213456443,2040.0,3,0,1
24/05/2023 13:38:38,4.9,113 Km,-13.46,-74.69,AYACUCHO,CANGALLO,PARAS,777.0023075497655,4040.0,0,0,0
24/05/2023 12:50:16,4.4,118 Km,-6.79,-75.88,SAN MARTIN,SAN MARTIN,HUIMBAYOC,1712.957314221571,5769.0,0,0,0
23/05/2023 03:59:33,3.5,18 Km,-17.22,-70.23,TACNA,CANDARAVE,CANDARAVE,1389.0982243705678,2331.0,2,0,1
22/05/2023 07:21:25,3.8,34 Km,-8.05,-75.44,LORETO,UCAYALI,CONTAMANA,11003.035429161104,29298.0,0,0,0
21/05/2023 19:05:45,4.2,92 Km,-15.81,-73.32,AREQUIPA,CARAVELI,CARAVELI,754.0785485414922,4372.0,1,0,1
21/05/2023 15:56:30,4.6,20 Km,-14.8,-76.2,,,,,,0,0,0
20/05/2023 11:25:37,4.1,100 Km,-17.69,-70.49,TACNA,TACNA,INCLAN,1441.5926674600812,2382.0,0,0,0
20/05/2023 01:18:43,3.3,15 Km,-15.1,-71.13,CUSCO,ESPINAR,OCORURO,360.4848622525986,902.0,0,0,0
19/05/2023 17:56:36,4.3,123 Km,-10.43,-74.54,PASCO,OXAPAMPA,PUERTO BERMUDEZ,7672.2762987020205,22704.0,0,0,0
18/05/2023 06:11:37,4.0,150 Km,-16.11,-71.67,AREQUIPA,AREQUIPA,YURA,1923.1678382491139,46837.0,0,0,0
16/05/2023 21:15:20,3.9,10 Km,-15.66,-72.0,AREQUIPA,CAYLLOMA,CABANACONDE,462.305213456443,2040.0,1,0,1
16/05/2023 12:57:40,4.2,135 Km,-15.49,-72.47,AREQUIPA,CASTILLA,ANDAGUA,472.2210555971658,961.0,0,0,0
15/05/2023 07:15:40,4.0,64 Km,-16.48,-72.67,AREQUIPA,CAMANA,NICOLAS DE PIEROLA,390.8107464994652,8047.0,0,0,0
15/05/2023 00:01:25,4.2,86 Km,-16.21,-73.23,AREQUIPA,CARAVELI,ATICO,3093.302390518557,6400.0,0,0,0
14/05/2023 09:16:45,4.4,121 Km,-6.56,-76.29,SAN MARTIN,SAN MARTIN,JUAN GUERRA,192.11798727779043,4324.0,6,1,4
14/05/2023 02:10:41,3.8,59 Km,-14.26,-75.69,ICA,ICA,SANTIAGO,2767.922689745546,32899.0,2,0,2
13/05/2023 07:13:53,4.0,30 Km,-5.81,-81.28,,,,,,0,0,0
13/05/2023 03:34:36,3.8,76 Km,-11.05,-77.65,,,,,,9,1,3
12/05/2023 13:19:00,3.8,13 Km,-14.28,-71.36,CUSCO,CANCHIS,SAN PABLO,524.8559075493946,4395.0,0,0,1
12/05/2023 12:29:46,4.2,11 Km,-14.3,-71.43,CUSCO,CANAS,YANAOCA,291.94156642197595,9239.0,0,0,1
12/05/2023 08:40:20,4.0,16 Km,-6.0,-79.4,LAMBAYEQUE,FERREÑAFE,CAÑARIS,290.18159213241466,11985.0,0,0,0
12/05/2023 04:08:46,4.7,50 Km,-16.61,-72.94,,,,,,0,0,0
11/05/2023 14:55:12,3.8,68 Km,-11.76,-77.43,,,,,,0,0,0
11/05/2023 06:34:08,3.5,26 Km,-4.61,-78.76,,,,,,0,0,0
11/05/2023 01:29:14,4.4,23 Km,-8.99,-79.81,,,,,,0,0,0
09/05/2023 00:31:56,4.2,13 Km,-8.42,-76.38,SAN MARTIN,TOCACHE,UCHIZA,603.4569601830426,14674.0,0,0,0
09/05/2023 00:21:49,3.6,14 Km,-15.71,-72.11,AREQUIPA,CAYLLOMA,HUAMBO,716.367191636351,643.0,0,0,2
07/05/2023 06:03:17,3.7,15 Km,-5.73,-78.65,AMAZONAS,UTCUBAMBA,EL MILAGRO,307.96403307786403,6564.0,0,0,1
06/05/2023 22:55:03,3.6,52 Km,-13.01,-76.71,,,,,,0,0,0
06/05/2023 20:21:36,4.1,155 Km,-15.41,-71.77,AREQUIPA,CAYLLOMA,LARI,389.8791194758872,795.0,0,0,0
06/05/2023 14:45:17,4.2,35 Km,-8.05,-76.71,SAN MARTIN,TOCACHE,POLVORA,2263.4689882299444,11209.0,0,0,0
05/05/2023 22:56:10,3.9,98 Km,-11.78,-76.75,LIMA,HUAROCHIRI,SAN ANTONIO,570.3361295685752,6070.0,0,0,0
05/05/2023 19:28:39,3.6,11 Km,-15.78,-71.7,AREQUIPA,CAYLLOMA,ACHOMA,366.1901216924418,812.0,0,0,0
05/05/2023 11:59:33,3.9,17 Km,-8.65,-77.84,ANCASH,CORONGO,YANAC,46.87804175764652,622.0,1,0,0
04/05/2023 20:06:05,4.0,149 Km,-8.56,-74.79,UCAYALI,CORONEL PORTILLO,CAMPOVERDE,1324.6762309011792,21071.0,0,1,0
04/05/2023 05:13:54,3.9,50 Km,-18.35,-70.63,,,,,,0,0,0
03/05/2023 19:30:17,4.2,128 Km,-7.84,-75.91,LORETO,UCAYALI,PAMPA HERMOSA,7471.991314098033,6007.0,0,0,0
02/05/2023 21:11:10,5.0,35 Km,-16.51,-73.07,,,,,,1,0,1
02/05/2023 10:11:58,4.6,155 Km,-8.53,-74.47,UCAYALI,CORONEL PORTILLO,MANANTAY,644.5062871740798,116330.0,0,0,0
02/05/2023 01:05:34,3.8,10 Km,-15.64,-71.83,AREQUIPA,CAYLLOMA,CABANACONDE,462.305213456443,2040.0,3,0,1
01/05/2023 14:11:14,4.0,105 Km,-14.49,-74.24,AYACUCHO,LUCANAS,LUCANAS,1210.8527496018105,2549.0,0,0,0
01/05/2023 04:31:06,5.0,133 Km,-7.35,-74.62,LORETO,UCAYALI,CONTAMANA,11003.035429161104,29298.0,0,0,0
01/05/2023 01:28:33,4.5,84 Km,-16.21,-73.2,AREQUIPA,CARAVELI,ATICO,3093.302390518557,6400.0,0,0,0
01/05/2023 00:18:13,4.7,58 Km,-6.14,-81.44,,,,,,0,0,0
29/04/2023 22:33:52,3.9,18 Km,-4.89,-80.86,PIURA,SULLANA,IGNACIO ESCUDERO,189.67792824819392,22399.0,6,0,2
27/04/2023 11:31:51,4.0,43 Km,-15.16,-75.82,,,,,,0,0,0
25/04/2023 08:52:50,3.7,11 Km,-15.73,-72.1,AREQUIPA,CAYLLOMA,HUAMBO,716.367191636351,643.0,0,0,2
25/04/2023 00:35:59,5.6,62 Km,-2.82,-79.9,,,,,,0,0,0
23/04/2023 02:09:06,4.1,71 Km,-15.65,-74.59,AREQUIPA,CARAVELI,YAUCA,542.9387821183575,2108.0,0,0,1
21/04/2023 21:22:56,4.0,102 Km,-14.75,-73.95,AYACUCHO,LUCANAS,PUQUIO,863.2446215233592,14515.0,0,0,0
21/04/2023 19:29:42,3.6,10 Km,-15.74,-71.65,AREQUIPA,CAYLLOMA,YANQUE,1114.9445709373017,2122.0,0,0,0
21/04/2023 18:10:41,4.7,38 Km,-5.1,-77.53,LORETO,DATEM DEL MARAÑON,BARRANCA,7390.874928637884,16551.0,0,0,0
21/04/2023 16:44:34,3.8,10 Km,-15.74,-71.67,AREQUIPA,CAYLLOMA,ACHOMA,366.1901216924418,812.0,0,0,0
21/04/2023 05:27:43,3.5,24 Km,-16.63,-71.85,AREQUIPA,AREQUIPA,LA JOYA,697.0067549969054,42668.0,1,0,3
20/04/2023 23:18:00,4.0,160 Km,-7.67,-74.59,LORETO,UCAYALI,PADRE MARQUEZ,2434.9195833576787,3109.0,0,0,0
20/04/2023 01:38:56,4.5,56 Km,-15.52,-74.71,AREQUIPA,CARAVELI,BELLA UNION,1193.9618027439037,2858.0,1,0,2
19/04/2023 15:14:06,3.6,42 Km,-16.67,-72.54,AREQUIPA,CAMANA,QUILCA,897.152176474595,1133.0,0,0,0
18/04/2023 15:11:58,3.6,34 Km,-16.79,-72.33,,,,,,0,0,0
18/04/2023 11:52:35,3.6,18 Km,-8.25,-77.9,ANCASH,PALLASCA,LACABAMBA,63.627434546299945,479.0,2,0,1
15/04/2023 18:54:24,3.7,10 Km,-11.48,-74.69,JUNIN,SATIPO,LLAYLLA,308.1774618593666,7972.0,0,0,0
15/04/2023 17:42:45,4.4,20 Km,-7.15,-80.89,,,,,,0,0,0
15/04/2023 07:35:15,4.3,34 Km,-13.51,-77.15,,,,,,0,0,0
14/04/2023 09:19:52,4.2,18 Km,-14.74,-76.51,,,,,,0,0,0
12/04/2023 23:12:37,3.5,18 Km,-15.46,-72.25,AREQUIPA,CASTILLA,CHACHAS,1197.603383152886,1547.0,0,0,0
12/04/2023 16:30:06,3.6,10 Km,-15.73,-72.08,AREQUIPA,CAYLLOMA,HUAMBO,716.367191636351,643.0,0,0,2
12/04/2023 13:58:58,4.0,45 Km,-10.7,-78.37,,,,,,0,0,0
11/04/2023 05:38:19,4.4,28 Km,-3.97,-81.1,,,,,,0,0,0
10/04/2023 23:28:55,3.9,23 Km,-17.19,-71.0,MOQUEGUA,MARISCAL NIETO,SAN ANTONIO,461.82540051212715,29396.0,10,2,5
10/04/2023 04:48:40,4.2,25 Km,-10.14,-78.79,,,,,,0,0,0
09/04/2023 23:54:22,4.4,95 Km,-14.1,-73.51,APURIMAC,ANDAHUAYLAS,TUMAY HUARACA,453.37137536742625,1836.0,0,0,0
09/04/2023 20:00:03,3.7,38 Km,-17.47,-71.51,,,,,,0,0,0
09/04/2023 00:24:31,4.3,42 Km,-19.27,-70.26,,,,,,0,0,0
08/04/2023 13:00:24,3.6,14 Km,-15.66,-72.0,AREQUIPA,CAYLLOMA,CABANACONDE,462.305213456443,2040.0,1,0,1
06/04/2023 23:04:18,3.4,60 Km,-12.13,-77.11,,,,,,141,22,38
06/04/2023 02:02:17,4.0,37 Km,-8.74,-79.6,,,,,,0,0,0
05/04/2023 22:35:12,3.5,32 Km,-12.59,-76.78,,,,,,0,1,0
05/04/2023 14:38:03,3.6,10 Km,-15.68,-72.12,AREQUIPA,CAYLLOMA,HUAMBO,716.367191636351,643.0,0,0,2
05/04/2023 06:25:10,4.2,128 Km,-4.5,-75.63,LORETO,LORETO,URARINAS,15765.837223609078,14191.0,0,0,0
05/04/2023 01:19:20,5.0,591 Km,-9.22,-71.3,,,,,,0,0,0
04/04/2023 08:35:22,5.5,135 Km,-3.07,-75.9,LORETO,LORETO,TROMPETEROS,12565.554565892075,11442.0,0,0,0
03/04/2023 10:31:23,3.7,12 Km,-9.97,-75.69,HUANUCO,PACHITEA,CHAGLLA,1077.98700106266,9405.0,0,0,0
03/04/2023 08:13:21,4.3,14 Km,-9.67,-75.81,HUANUCO,PACHITEA,CHAGLLA,1077.98700106266,9405.0,0,0,0
03/04/2023 05:53:51,4.0,100 Km,-14.25,-73.88,AYACUCHO,SUCRE,HUACAÑA,143.9998872196038,322.0,0,0,1
03/04/2023 05:02:43,3.9,73 Km,-16.63,-72.84,,,,,,2,0,2
02/04/2023 20:29:02,3.2,15 Km,-11.83,-76.38,LIMA,HUAROCHIRI,MATUCANA,180.55680423992632,3918.0,2,0,2
02/04/2023 07:32:40,4.5,188 Km,-1.85,-77.87,,,,,,0,0,0
01/04/2023 07:26:20,4.7,240 Km,-15.51,-70.24,PUNO,SAN ROMAN,JULIACA,396.54153687421274,260785.0,1,0,0
31/03/2023 14:48:44,4.0,121 Km,-9.6,-75.66,HUANUCO,PUERTO INCA,CODO DEL POZUZO,3221.2599690701472,8647.0,0,0,0
30/03/2023 02:26:35,3.9,81 Km,-8.67,-78.94,,,,,,0,0,0
29/03/2023 16:08:41,4.1,33 Km,-9.76,-78.74,,,,,,0,0,0
29/03/2023 01:38:57,4.8,116 Km,-14.06,-74.59,AYACUCHO,HUANCA SANCOS,SANCOS,1356.0502633523972,3123.0,0,0,0
27/03/2023 15:13:13,4.6,134 Km,-10.53,-74.7,PASCO,OXAPAMPA,PUERTO BERMUDEZ,7672.2762987020205,22704.0,0,0,0
27/03/2023 03:35:45,4.0,48 Km,-15.56,-75.19,,,,,,0,0,0
26/03/2023 17:17:11,4.7,34 Km,-16.35,-74.25,,,,,,0,0,0
25/03/2023 15:23:16,4.0,47 Km,-17.07,-72.19,,,,,,1,0,1
25/03/2023 11:27:13,4.5,20 Km,-17.45,-74.06,,,,,,0,0,0
24/03/2023 08:17:33,3.7,25 Km,-16.3,-73.56,,,,,,1,0,1
24/03/2023 02:13:38,4.0,30 Km,-11.45,-73.26,CUSCO,LA CONVENCION,MEGANTONI,10713.82473732827,7394.0,0,0,0
23/03/2023 12:50:36,4.1,24 Km,-11.49,-73.32,CUSCO,LA CONVENCION,MEGANTONI,10713.82473732827,7394.0,0,0,0
23/03/2023 01:08:20,4.3,26 Km,-16.1,-75.09,,,,,,0,0,0
22/03/2023 08:45:09,4.6,27 Km,-11.42,-73.22,CUSCO,LA CONVENCION,MEGANTONI,10713.82473732827,7394.0,0,0,0
21/03/2023 07:38:54,3.6,16 Km,-10.66,-75.06,JUNIN,CHANCHAMAYO,PERENE,1490.023593821885,60737.0,0,0,0
20/03/2023 22:37:10,3.6,35 Km,-12.22,-77.84,,,,,,0,0,0
20/03/2023 20:24:49,4.1,22 Km,-18.22,-71.27,,,,,,0,0,0
20/03/2023 14:01:00,4.9,42 Km,-16.06,-74.26,,,,,,0,0,0
20/03/2023 08:39:53,4.0,80 Km,-18.26,-70.56,,,,,,0,0,1
19/03/2023 10:15:20,4.3,48 Km,-6.05,-75.19,LORETO,REQUENA,PUINAHUA,6281.096682979537,4430.0,0,0,0
19/03/2023 03:14:41,4.0,115 Km,-17.08,-71.09,MOQUEGUA,MARISCAL NIETO,MOQUEGUA,3496.5014394191817,48398.0,0,0,0
18/03/2023 16:17:54,4.2,111 Km,-4.44,-77.05,LORETO,DATEM DEL MARAÑON,BARRANCA,7390.874928637884,16551.0,0,0,0
18/03/2023 12:22:37,4.1,75 Km,-2.87,-79.85,,,,,,0,1,0
18/03/2023 12:12:52,6.7,78 Km,-2.81,-79.95,,,,,,0,0,0
17/03/2023 22:41:44,4.6,12 Km,-10.2,-73.86,UCAYALI,ATALAYA,TAHUANIA,7672.0039384167385,11400.0,0,0,0
17/03/2023 12:01:01,3.5,10 Km,-15.71,-72.05,AREQUIPA,CAYLLOMA,CABANACONDE,462.305213456443,2040.0,0,0,3
17/03/2023 11:12:02,4.0,108 Km,-9.62,-78.24,ANCASH,CASMA,CASMA,1210.5051920863061,43067.0,0,0,0
17/03/2023 10:33:26,4.2,44 Km,-10.48,-78.73,,,,,,0,0,0
17/03/2023 08:42:01,3.5,8 Km,-15.72,-71.62,AREQUIPA,CAYLLOMA,YANQUE,1114.9445709373017,2122.0,2,0,1
17/03/2023 03:46:26,4.4,122 Km,-9.71,-74.71,PASCO,OXAPAMPA,CONSTITUCION,3050.8103885859873,18268.0,0,0,0
16/03/2023 22:04:21,4.3,144 Km,-9.3,-74.75,HUANUCO,PUERTO INCA,PUERTO INCA,2389.4306144477373,10938.0,0,0,0
16/03/2023 02:04:21,3.6,16 Km,-15.76,-72.08,AREQUIPA,CAYLLOMA,HUAMBO,716.367191636351,643.0,0,0,2
14/03/2023 15:55:44,4.0,158 Km,-17.72,-69.67,,,,,,0,0,0
13/03/2023 23:29:35,4.5,42 Km,-15.24,-75.94,,,,,,0,0,0
13/03/2023 14:19:16,4.9,97 Km,-17.75,-70.41,TACNA,TACNA,INCLAN,1441.5926674600812,2382.0,0,0,1
13/03/2023 13:54:04,4.2,35 Km,-8.45,-80.12,,,,,,0,0,0
13/03/2023 09:56:40,4.6,55 Km,-15.26,-76.02,,,,,,0,0,0
12/03/2023 22:11:47,5.0,110 Km,-3.7,-76.57,LORETO,DATEM DEL MARAÑON,ANDOAS,11788.441725974673,16668.0,0,0,0
12/03/2023 13:29:47,4.2,36 Km,-9.82,-79.22,,,,,,0,0,0
11/03/2023 05:05:54,4.2,121 Km,-15.19,-73.4,AYACUCHO,PAUCAR DEL SARA SARA,LAMPA,280.97553899870985,1848.0,0,0,0
10/03/2023 16:07:28,4.1,43 Km,-15.99,-74.8,,,,,,0,0,0
09/03/2023 23:54:50,4.8,165 Km,-8.41,-74.42,UCAYALI,CORONEL PORTILLO,CALLERIA,11645.766871791395,180420.0,0,0,0
09/03/2023 14:01:47,4.0,54 Km,-18.09,-71.09,,,,,,0,0,0
09/03/2023 02:20:43,3.8,71 Km,-9.3,-78.74,,,,,,0,0,0
08/03/2023 10:38:56,4.8,65 Km,-14.28,-75.84,ICA,ICA,OCUCAJE,1399.7877454209577,5597.0,0,0,0
08/03/2023 05:45:53,3.5,8 Km,-15.64,-71.78,AREQUIPA,CAYLLOMA,MACA,237.26286538445896,672.0,3,0,1
07/03/2023 15:18:36,4.3,125 Km,-6.81,-76.75,SAN MARTIN,HUALLAGA,ALTO SAPOSOA,1378.6872798804302,5996.0,0,0,0
06/03/2023 13:52:10,3.5,50 Km,-12.52,-76.91,,,,,,0,0,0
06/03/2023 05:40:49,4.0,33 Km,-16.3,-73.6,,,,,,1,0,1
05/03/2023 14:25:43,5.5,52 Km,-16.25,-73.46,AREQUIPA,CARAVELI,ATICO,3093.302390518557,6400.0,0,0,0
05/03/2023 05:40:22,3.6,13 Km,-15.8,-71.71,AREQUIPA,CAYLLOMA,ACHOMA,366.1901216924418,812.0,0,0,0
05/03/2023 05:05:45,3.7,8 Km,-15.83,-71.72,AREQUIPA,CAYLLOMA,ACHOMA,366.1901216924418,812.0,0,0,0
05/03/2023 00:18:26,4.0,132 Km,-15.02,-72.06,AREQUIPA,CASTILLA,CHACHAS,1197.603383152886,1547.0,0,0,0
04/03/2023 12:43:19,4.6,194 Km,-15.79,-71.27,AREQUIPA,CAYLLOMA,SAN ANTONIO DE CHUCA,1545.7020662279422,843.0,0,0,0
04/03/2023 04:38:22,4.4,172 Km,-8.4,-74.3,UCAYALI,CORONEL PORTILLO,CALLERIA,11645.766871791395,180420.0,0,0,0
04/03/2023 01:42:38,4.0,16 Km,-16.24,-74.72,,,,,,0,0,0
03/03/2023 14:39:13,4.3,43 Km,-6.89,-80.23,,,,,,0,0,0
03/03/2023 14:37:37,4.5,22 Km,-16.1,-74.57,,,,,,0,0,0
03/03/2023 06:15:19,3.8,50 Km,-12.04,-77.53,,,,,,0,0,0
03/03/2023 06:04:53,4.2,48 Km,-12.35,-77.98,,,,,,0,0,0
02/03/2023 20:53:24,5.3,18 Km,-17.2,-72.79,,,,,,0,0,0
02/03/2023 07:33:17,3.5,55 Km,-12.53,-76.66,LIMA,CAÑETE,SANTA CRUZ DE FLORES,94.33059235737748,3344.0,1,1,0
01/03/2023 10:23:03,4.3,37 Km,-16.35,-73.62,,,,,,0,0,0
01/03/2023 03:09:18,4.7,22 Km,-17.61,-74.26,,,,,,0,0,0
27/02/2023 21:58:38,4.1,112 Km,-14.81,-73.53,AYACUCHO,PARINACOCHAS,UPAHUACHO,575.5624734732112,938.0,0,0,0
26/02/2023 22:01:22,4.7,32 Km,-5.9,-81.22,,,,,,0,0,0
26/02/2023 06:46:04,4.0,53 Km,-18.52,-70.58,,,,,,0,0,0
24/02/2023 23:11:18,3.8,37 Km,-12.58,-76.88,,,,,,0,0,0
24/02/2023 04:52:13,4.2,117 Km,-3.51,-77.85,AMAZONAS,CONDORCANQUI,RIO SANTIAGO,8088.7469214223365,18978.0,0,0,0
23/02/2023 01:18:04,4.3,15 Km,-8.69,-77.81,ANCASH,HUAYLAS,YURACMARCA,548.0217277388721,2257.0,0,0,0
22/02/2023 11:47:21,3.5,7 Km,-15.8,-71.96,AREQUIPA,CAYLLOMA,LLUTA,1228.7528929408177,680.0,0,0,0
22/02/2023 07:05:12,4.0,103 Km,-14.74,-73.95,AYACUCHO,LUCANAS,PUQUIO,863.2446215233592,14515.0,0,0,0
22/02/2023 02:04:00,3.8,17 Km,-5.77,-78.69,AMAZONAS,UTCUBAMBA,CUMBA,301.8352909413412,8536.0,0,0,1
21/02/2023 23:39:35,4.4,131 Km,-18.1,-69.86,TACNA,TACNA,TACNA,1919.688086384588,106816.0,0,0,0
21/02/2023 22:36:19,4.1,105 Km,-8.97,-78.43,ANCASH,SANTA,CHIMBOTE,1448.9402771353598,215760.0,0,0,0
20/02/2023 20:13:59,4.5,57 Km,-19.14,-70.21,,,,,,0,0,0
20/02/2023 08:45:25,4.1,53 Km,-10.74,-78.14,,,,,,0,0,0
20/02/2023 04:01:40,4.4,100 Km,-12.09,-74.95,HUANCAVELICA,TAYACAJA,SAN MARCOS DE ROCCHAC,287.5249218122717,1527.0,0,0,0
19/02/2023 20:33:14,4.0,25 Km,-18.05,-71.5,,,,,,0,0,0
19/02/2023 06:32:33,4.4,27 Km,-5.48,-76.85,LORETO,DATEM DEL MARAÑON,CAHUAPANAS,4785.702362475397,8093.0,0,0,0
19/02/2023 05:05:28,4.3,162 Km,-15.43,-71.54,AREQUIPA,CAYLLOMA,SIBAYO,284.3886243649695,673.0,1,0,1
19/02/2023 05:05:07,4.0,35 Km,-7.24,-80.26,,,,,,0,0,0
18/02/2023 21:40:35,5.2,32 Km,-20.17,-71.22,,,,,,0,0,0
18/02/2023 15:35:18,3.8,14 Km,-13.43,-71.94,CUSCO,CALCA,COYA,70.37761955731577,3620.0,3,1,3
18/02/2023 14:31:11,4.5,191 Km,-15.14,-71.19,AREQUIPA,CAYLLOMA,TISCO,1445.003897335942,1479.0,0,0,0
14/02/2023 13:01:54,4.0,106 Km,-18.22,-69.95,TACNA,TACNA,TACNA,1919.688086384588,106816.0,0,0,0
12/02/2023 19:16:23,4.0,105 Km,-18.34,-70.08,,,,,,0,0,0
12/02/2023 00:58:36,4.3,22 Km,-16.23,-74.85,,,,,,0,0,0
09/02/2023 10:14:38,4.1,30 Km,-10.25,-73.84,UCAYALI,ATALAYA,TAHUANIA,7672.0039384167385,11400.0,0,0,0
09/02/2023 07:39:36,4.8,110 Km,-11.76,-74.09,JUNIN,SATIPO,PANGOA,4413.5081813320585,68433.0,0,0,0
08/02/2023 07:55:29,3.6,12 Km,-12.24,-75.29,JUNIN,CHUPACA,CHONGOS BAJO,96.29639520021027,4845.0,0,0,0
06/02/2023 21:17:10,3.5,55 Km,-12.37,-76.96,,,,,,0,0,0
06/02/2023 00:48:46,4.0,25 Km,-10.49,-75.65,PASCO,OXAPAMPA,HUANCABAMBA,1134.2161266660814,7163.0,0,0,0
03/02/2023 20:46:35,4.7,23 Km,-7.03,-80.73,,,,,,0,0,0
03/02/2023 12:35:55,3.6,9 Km,-15.72,-71.99,AREQUIPA,CAYLLOMA,CABANACONDE,462.305213456443,2040.0,0,0,0
03/02/2023 04:50:50,4.6,104 Km,-19.07,-70.03,,,,,,0,0,0
02/02/2023 15:37:39,4.1,147 Km,-17.26,-70.28,TACNA,CANDARAVE,CANDARAVE,1389.0982243705678,2331.0,3,0,2
02/02/2023 12:42:49,4.5,44 Km,-16.29,-73.57,,,,,,1,0,1
02/02/2023 09:37:23,3.7,18 Km,-16.82,-71.32,MOQUEGUA,GENERAL SANCHEZ CERRO,LA CAPILLA,781.3442385322384,432.0,1,0,0
01/02/2023 05:52:24,4.8,35 Km,-10.0,-78.9,,,,,,0,0,0
01/02/2023 01:21:18,4.4,48 Km,-5.28,-80.76,PIURA,PIURA,LA ARENA,171.4458793812192,42406.0,10,1,2
31/01/2023 21:14:25,4.1,36 Km,-16.04,-74.51,,,,,,0,0,0
31/01/2023 16:51:20,4.1,97 Km,-18.86,-69.91,,,,,,0,0,0
31/01/2023 11:07:10,4.9,126 Km,-19.12,-69.59,,,,,,0,0,0
30/01/2023 18:28:25,4.0,101 Km,-15.87,-73.15,AREQUIPA,CONDESUYOS,RIO GRANDE,533.0363827711938,3464.0,1,0,1
28/01/2023 05:14:23,4.3,76 Km,-13.66,-76.24,,,,,,10,3,5
27/01/2023 05:51:18,4.4,194 Km,-16.64,-69.79,PUNO,EL COLLAO,SANTA ROSA,2712.1339805846847,2723.0,0,0,0
25/01/2023 04:49:03,4.1,14 Km,-12.1,-74.24,JUNIN,SATIPO,PANGOA,4413.5081813320585,68433.0,0,0,0
25/01/2023 04:11:34,4.3,36 Km,-3.43,-80.94,,,,,,0,0,0
23/01/2023 21:38:47,3.6,12 Km,-13.67,-72.93,APURIMAC,ABANCAY,ABANCAY,286.6981948838263,79442.0,3,2,7
23/01/2023 01:16:09,3.4,21 Km,-16.76,-71.5,AREQUIPA,AREQUIPA,YARABAMBA,486.8475301150486,1691.0,0,0,0
22/01/2023 19:56:40,4.0,33 Km,-16.3,-73.57,,,,,,1,0,1
22/01/2023 01:07:25,4.8,38 Km,-15.34,-75.8,,,,,,0,0,0
21/01/2023 18:11:06,4.1,35 Km,-8.67,-79.57,,,,,,0,0,0
21/01/2023 16:50:15,4.2,147 Km,-15.06,-71.93,AREQUIPA,CAYLLOMA,CAYLLOMA,1508.33264590118,3635.0,0,0,0
21/01/2023 12:12:05,3.9,41 Km,-18.9,-70.68,,,,,,0,0,0
21/01/2023 09:56:28,3.4,11 Km,-15.68,-71.73,AREQUIPA,CAYLLOMA,ACHOMA,366.1901216924418,812.0,2,0,1
20/01/2023 23:05:29,4.6,37 Km,-18.24,-70.79,,,,,,0,0,0
20/01/2023 21:44:49,3.9,31 Km,-6.07,-77.23,SAN MARTIN,RIOJA,RIOJA,209.08320337113486,27401.0,2,1,0
20/01/2023 21:36:52,3.7,21 Km,-9.68,-75.85,HUANUCO,PACHITEA,CHAGLLA,1077.98700106266,9405.0,0,0,0
19/01/2023 23:28:29,3.7,49 Km,-12.18,-77.24,,,,,,0,0,0
17/01/2023 13:40:00,4.2,45 Km,-16.5,-73.56,,,,,,0,0,0
17/01/2023 13:33:51,3.8,36 Km,-4.85,-80.87,PIURA,SULLANA,IGNACIO ESCUDERO,189.67792824819392,22399.0,6,0,2
17/01/2023 11:45:45,4.4,172 Km,-7.91,-74.52,UCAYALI,CORONEL PORTILLO,CALLERIA,11645.766871791395,180420.0,0,0,0
17/01/2023 09:57:02,3.8,10 Km,-15.67,-71.84,AREQUIPA,CAYLLOMA,CABANACONDE,462.305213456443,2040.0,3,0,1
17/01/2023 06:34:07,3.5,51 Km,-11.73,-77.57,,,,,,0,0,0
17/01/2023 02:56:29,4.0,28 Km,-4.88,-80.84,PIURA,SULLANA,IGNACIO ESCUDERO,189.67792824819392,22399.0,5,0,2
17/01/2023 01:06:03,3.6,29 Km,-16.72,-71.6,AREQUIPA,ISLAY,COCACHACRA,1553.6412565678545,8250.0,0,0,0
16/01/2023 22:59:10,3.7,8 Km,-15.71,-72.11,AREQUIPA,CAYLLOMA,HUAMBO,716.367191636351,643.0,0,0,2
16/01/2023 17:30:09,3.6,10 Km,-15.67,-71.84,AREQUIPA,CAYLLOMA,CABANACONDE,462.305213456443,2040.0,3,0,1
16/01/2023 15:54:54,4.4,228 Km,-15.45,-70.28,PUNO,SAN ROMAN,JULIACA,396.54153687421274,260785.0,1,0,1
15/01/2023 19:12:41,3.9,13 Km,-16.71,-71.23,MOQUEGUA,GENERAL SANCHEZ CERRO,LA CAPILLA,781.3442385322384,432.0,2,0,1
15/01/2023 18:44:22,3.6,8 Km,-15.67,-71.83,AREQUIPA,CAYLLOMA,CABANACONDE,462.305213456443,2040.0,3,0,1
15/01/2023 15:10:05,4.3,78 Km,-4.54,-80.14,PIURA,AYABACA,SUYO,1077.147562786378,12085.0,1,0,0
15/01/2023 06:27:13,4.5,167 Km,-8.58,-74.4,UCAYALI,CORONEL PORTILLO,MASISEA,14703.963010097246,12063.0,0,0,0
14/01/2023 03:59:52,4.5,20 Km,-13.61,-74.44,AYACUCHO,VICTOR FAJARDO,SARHUA,378.6610756115275,2563.0,0,0,0
13/01/2023 22:59:57,3.7,11 Km,-15.73,-71.83,AREQUIPA,CAYLLOMA,MACA,237.26286538445896,672.0,0,0,0
13/01/2023 20:11:55,3.5,14 Km,-9.54,-75.6,HUANUCO,PUERTO INCA,CODO DEL POZUZO,3221.2599690701472,8647.0,0,0,0
13/01/2023 02:38:37,4.0,146 Km,-7.97,-74.69,UCAYALI,CORONEL PORTILLO,NUEVA REQUENA,2059.982910936714,5891.0,0,0,0
12/01/2023 08:14:03,4.4,137 Km,-18.51,-69.48,,,,,,0,0,0
12/01/2023 06:09:23,4.0,18 Km,-10.46,-74.68,PASCO,OXAPAMPA,PUERTO BERMUDEZ,7672.2762987020205,22704.0,0,0,0
11/01/2023 20:05:47,3.8,12 Km,-11.13,-74.71,JUNIN,SATIPO,RIO NEGRO,488.12967762954406,35890.0,1,0,1
11/01/2023 12:07:16,3.4,13 Km,-15.63,-71.82,AREQUIPA,CAYLLOMA,CABANACONDE,462.305213456443,2040.0,3,0,1
11/01/2023 05:15:24,4.9,38 Km,-16.36,-74.0,,,,,,0,0,0
11/01/2023 01:29:40,3.6,43 Km,-12.5,-76.91,,,,,,0,0,0
06/01/2023 14:27:27,3.5,19 Km,-8.38,-77.63,ANCASH,SIHUAS,CHINGALPO,173.67888534235246,844.0,0,0,0
06/01/2023 11:50:01,5.1,30 Km,-9.35,-79.25,,,,,,0,0,0
06/01/2023 07:33:16,4.1,27 Km,-4.01,-81.72,,,,,,0,0,0
05/01/2023 16:19:19,4.0,122 Km,-9.84,-74.75,PASCO,OXAPAMPA,CONSTITUCION,3050.8103885859873,18268.0,0,0,0
04/01/2023 22:38:18,5.0,107 Km,-10.62,-74.98,PASCO,OXAPAMPA,PUERTO BERMUDEZ,7672.2762987020205,22704.0,0,0,0
04/01/2023 18:23:47,4.9,136 Km,-19.23,-69.3,,,,,,0,0,0
03/01/2023 08:06:15,4.3,114 Km,-3.73,-79.04,,,,,,0,0,0
02/01/2023 23:32:19,4.1,72 Km,-16.68,-72.44,AREQUIPA,CAMANA,QUILCA,897.152176474595,1133.0,0,0,1
02/01/2023 21:09:55,4.0,93 Km,-18.36,-70.07,,,,,,0,0,0
02/01/2023 19:20:48,4.5,29 Km,-16.06,-75.05,,,,,,0,0,0
31/12/2022 18:04:09,4.4,192 Km,-16.64,-69.87,PUNO,EL COLLAO,SANTA ROSA,2712.1339805846847,2882.0,0,0,0
30/12/2022 19:10:17,4.3,30 Km,-15.2,-76.05,,,,,,0,0,0
30/12/2022 16:53:29,5.8,31 Km,-15.14,-76.0,,,,,,0,0,0
30/12/2022 12:43:00,4.2,130 Km,-5.04,-77.42,LORETO,DATEM DEL MARAÑON,BARRANCA,7390.874928637884,16355.0,0,0,0
30/12/2022 06:48:16,3.7,12 Km,-15.76,-71.86,AREQUIPA,CAYLLOMA,LLUTA,1228.7528929408177,687.0,0,0,0
30/12/2022 00:52:17,3.7,44 Km,-12.7,-76.98,,,,,,0,0,0
28/12/2022 17:59:40,4.0,24 Km,-14.59,-76.31,,,,,,0,0,0
28/12/2022 16:11:04,5.4,80 Km,-16.73,-72.52,,,,,,0,0,1
28/12/2022 14:06:04,3.9,49 Km,-12.62,-76.98,,,,,,0,0,0
28/12/2022 08:57:39,4.4,91 Km,-19.11,-69.83,,,,,,0,0,0
28/12/2022 00:57:38,4.3,170 Km,-5.85,-75.2,LORETO,REQUENA,PUINAHUA,6281.096682979537,4498.0,0,0,0
27/12/2022 20:49:59,4.7,30 Km,-10.46,-74.68,PASCO,OXAPAMPA,PUERTO BERMUDEZ,7672.2762987020205,22387.0,0,0,0
27/12/2022 11:45:28,4.0,141 Km,-7.81,-76.37,SAN MARTIN,BELLAVISTA,ALTO BIAVO,5956.58747119889,10136.0,0,0,0
27/12/2022 09:38:09,4.1,89 Km,-11.54,-76.92,LIMA,HUARAL,AUCALLAMA,719.7866206939885,22736.0,0,0,0
26/12/2022 22:06:10,3.5,11 Km,-15.7,-72.06,AREQUIPA,CAYLLOMA,HUAMBO,716.367191636351,649.0,1,0,3
26/12/2022 09:30:08,4.0,155 Km,-17.75,-69.82,TACNA,TACNA,PALCA,1462.9568465577868,2384.0,0,0,0
26/12/2022 04:38:33,3.8,51 Km,-12.82,-76.78,,,,,,0,0,0
26/12/2022 01:37:31,3.8,58 Km,-4.92,-80.08,PIURA,AYABACA,FRIAS,563.6865907964199,21201.0,0,0,0
25/12/2022 19:10:27,4.5,84 Km,-8.05,-77.35,SAN MARTIN,MARISCAL CACERES,HUICUNGO,9749.785849424776,9948.0,0,0,0
25/12/2022 04:04:11,3.5,73 Km,-8.91,-78.91,,,,,,0,0,0
24/12/2022 14:56:29,4.0,38 Km,-12.65,-77.1,,,,,,0,0,0
22/12/2022 20:01:09,3.5,11 Km,-17.55,-70.25,TACNA,TARATA,HEROES ALBARRACIN,380.20386133003615,292.0,0,0,0
22/12/2022 12:08:17,3.6,58 Km,-12.09,-77.22,,,,,,6,5,5
22/12/2022 08:13:55,5.6,155 Km,-8.06,-74.62,UCAYALI,CORONEL PORTILLO,YARINACOCHA,661.1835318305746,124069.0,0,0,0
20/12/2022 09:14:16,4.4,12 Km,-10.7,-75.46,PASCO,OXAPAMPA,CHONTABAMBA,437.57683479050365,6773.0,0,0,0
19/12/2022 20:30:07,3.6,54 Km,-11.89,-77.38,,,,,,0,0,0
18/12/2022 19:57:05,5.3,125 Km,-3.59,-77.25,LORETO,DATEM DEL MARAÑON,MORONA,11043.901372452485,4355.0,0,0,0
18/12/2022 19:11:06,4.1,105 Km,-15.75,-72.99,AREQUIPA,CONDESUYOS,YANAQUIHUA,1056.1599982801022,3840.0,0,0,0
18/12/2022 03:24:22,4.0,28 Km,-15.49,-75.45,,,,,,0,0,0
16/12/2022 09:06:47,4.0,37 Km,-7.18,-80.75,,,,,,0,0,0
16/12/2022 05:23:48,5.1,20 Km,-7.24,-80.96,,,,,,0,0,0
16/12/2022 00:56:51,4.8,18 Km,-11.42,-76.34,JUNIN,YAULI,MARCAPOMACOCHA,883.3270768531785,730.0,0,0,0
15/12/2022 18:41:23,4.1,104 Km,-15.68,-73.18,AREQUIPA,CONDESUYOS,YANAQUIHUA,1056.1599982801022,3840.0,0,0,0
15/12/2022 04:31:16,4.8,20 Km,-11.43,-76.32,JUNIN,YAULI,MARCAPOMACOCHA,883.3270768531785,730.0,0,0,0
14/12/2022 08:15:46,4.0,73 Km,-12.86,-73.96,AYACUCHO,LA MAR,TAMBO,309.0100186341446,8165.0,0,0,0
14/12/2022 04:30:15,4.7,75 Km,-12.88,-73.99,AYACUCHO,LA MAR,TAMBO,309.0100186341446,8165.0,0,0,0
14/12/2022 00:45:45,4.1,20 Km,-8.83,-79.79,,,,,,0,0,0
12/12/2022 13:52:42,4.9,115 Km,-11.84,-74.11,JUNIN,SATIPO,PANGOA,4413.5081813320585,67539.0,0,0,0
12/12/2022 12:35:52,4.0,158 Km,-15.78,-71.73,AREQUIPA,CAYLLOMA,ACHOMA,366.1901216924418,815.0,0,0,0
12/12/2022 01:55:00,5.0,77 Km,-4.5,-80.15,PIURA,AYABACA,SUYO,1077.147562786378,12063.0,1,0,0
11/12/2022 16:00:04,4.7,46 Km,-4.91,-80.78,PIURA,SULLANA,MIGUEL CHECA,480.8689150982453,10587.0,11,1,5
11/12/2022 09:55:43,4.1,162 Km,-8.13,-74.53,UCAYALI,CORONEL PORTILLO,CALLERIA,11645.766871791395,177751.0,0,0,0
11/12/2022 04:49:43,3.7,8 Km,-15.68,-71.89,AREQUIPA,CAYLLOMA,CABANACONDE,462.305213456443,2059.0,3,0,2
10/12/2022 17:19:32,3.9,10 Km,-10.1,-75.58,PASCO,OXAPAMPA,POZUZO,716.0790748858549,4174.0,0,0,0
10/12/2022 16:00:59,3.9,27 Km,-8.83,-75.73,UCAYALI,PADRE ABAD,PADRE ABAD,3573.6205002163974,30297.0,0,0,0
08/12/2022 18:18:57,5.0,8 Km,-15.68,-72.1,AREQUIPA,CAYLLOMA,HUAMBO,716.367191636351,649.0,0,0,2
07/12/2022 06:36:37,3.5,8 Km,-15.78,-71.64,AREQUIPA,CAYLLOMA,YANQUE,1114.9445709373017,2138.0,0,0,0
07/12/2022 03:28:33,4.8,18 Km,-9.29,-79.99,,,,,,0,0,0
07/12/2022 03:08:37,3.9,54 Km,-7.24,-79.43,LA LIBERTAD,CHEPEN,CHEPEN,289.90141080267733,49489.0,5,3,5
07/12/2022 00:49:26,3.8,53 Km,-17.28,-71.64,,,,,,0,0,0
05/12/2022 22:15:58,3.7,58 Km,-12.44,-76.59,LIMA,CAÑETE,CHILCA,483.2526256283216,25335.0,0,0,0
05/12/2022 17:40:11,3.5,17 Km,-17.53,-70.21,TACNA,TARATA,HEROES ALBARRACIN,380.20386133003615,292.0,0,0,0
03/12/2022 12:22:10,4.4,152 Km,-8.2,-74.45,UCAYALI,CORONEL PORTILLO,CALLERIA,11645.766871791395,177751.0,0,0,0
03/12/2022 08:33:31,4.1,36 Km,-13.66,-76.69,,,,,,0,0,0
03/12/2022 06:45:29,4.5,138 Km,-17.8,-69.81,TACNA,TACNA,PALCA,1462.9568465577868,2384.0,0,0,0
02/12/2022 03:19:25,4.0,38 Km,-4.63,-80.83,PIURA,SULLANA,MARCAVELICA,1662.4805053918735,33129.0,0,0,0
01/12/2022 12:16:05,3.5,37 Km,-12.38,-77.08,,,,,,0,0,0
01/12/2022 01:42:38,3.8,16 Km,-16.8,-71.33,MOQUEGUA,GENERAL SANCHEZ CERRO,LA CAPILLA,781.3442385322384,467.0,1,0,0
29/11/2022 19:40:26,3.7,18 Km,-16.77,-71.37,MOQUEGUA,GENERAL SANCHEZ CERRO,LA CAPILLA,781.3442385322384,467.0,0,0,0
29/11/2022 17:15:49,4.0,34 Km,-8.72,-79.82,,,,,,0,0,0
29/11/2022 05:09:24,4.0,54 Km,-4.11,-80.51,PIURA,SULLANA,LANCONES,2153.5395627277157,13363.0,0,0,0
28/11/2022 18:19:45,3.8,18 Km,-16.5,-72.04,AREQUIPA,AREQUIPA,VITOR,1534.435436497687,4915.0,1,0,1
28/11/2022 08:16:50,4.2,120 Km,-10.1,-75.61,PASCO,OXAPAMPA,POZUZO,716.0790748858549,4174.0,0,0,0
27/11/2022 15:12:07,4.1,41 Km,-9.06,-79.35,,,,,,0,0,0
27/11/2022 13:50:59,3.9,78 Km,-9.35,-78.39,ANCASH,CASMA,CASMA,1210.5051920863061,42209.0,0,0,0
25/11/2022 18:01:22,4.1,106 Km,-4.03,-78.69,,,,,,0,0,0
25/11/2022 11:10:09,4.4,38 Km,-6.13,-80.73,PIURA,SECHURA,SECHURA,5677.977347816637,53899.0,0,0,0
25/11/2022 02:39:30,4.2,27 Km,-8.31,-79.84,,,,,,0,0,0
24/11/2022 11:22:23,5.0,42 Km,-16.17,-73.69,AREQUIPA,CARAVELI,ATICO,3093.302390518557,6271.0,1,0,1
24/11/2022 05:56:59,3.8,42 Km,-12.41,-77.22,,,,,,0,0,0
23/11/2022 22:37:24,3.6,53 Km,-12.34,-76.95,,,,,,2,1,1
23/11/2022 17:50:15,3.9,96 Km,-12.76,-76.25,LIMA,CAÑETE,QUILMANA,449.0001003055895,16614.0,0,0,0
23/11/2022 15:02:43,5.2,44 Km,-9.11,-79.4,,,,,,0,0,0
23/11/2022 08:49:11,3.9,15 Km,-14.62,-70.69,PUNO,MELGAR,SANTA ROSA,807.1624542268518,6213.0,0,0,0
22/11/2022 23:07:17,4.1,235 Km,-15.57,-70.3,PUNO,LAMPA,CABANILLA,386.777586490619,5992.0,1,0,2
22/11/2022 07:16:20,4.0,38 Km,-5.75,-77.41,SAN MARTIN,RIOJA,AWAJUN,506.89002798791864,8012.0,0,0,0
22/11/2022 01:29:37,4.0,126 Km,-16.09,-72.3,AREQUIPA,CASTILLA,HUANCARQUI,798.0699393391853,1618.0,0,0,0
22/11/2022 00:49:17,4.0,10 Km,-14.63,-70.65,PUNO,MELGAR,NUÑOA,2210.948522015652,7921.0,0,0,0
21/11/2022 03:48:27,3.8,77 Km,-8.71,-78.93,,,,,,0,0,0
21/11/2022 00:57:29,4.2,152 Km,-8.64,-74.38,UCAYALI,CORONEL PORTILLO,MASISEA,14703.963010097246,12030.0,0,0,1
19/11/2022 01:50:57,4.3,60 Km,-17.77,-70.96,TACNA,JORGE BASADRE,ITE,842.252395643569,3198.0,0,1,0
18/11/2022 22:19:31,4.2,46 Km,-4.06,-77.62,AMAZONAS,CONDORCANQUI,RIO SANTIAGO,8088.7469214223365,18696.0,0,0,0
18/11/2022 21:24:02,4.1,45 Km,-5.51,-80.78,PIURA,SECHURA,RINCONADA LLICUAR,20.047583182349154,3189.0,8,1,1
18/11/2022 18:20:34,4.0,36 Km,-10.58,-78.59,,,,,,0,0,0
18/11/2022 09:27:20,4.0,31 Km,-8.74,-79.81,,,,,,0,0,0
17/11/2022 12:51:01,4.0,93 Km,-18.46,-69.98,,,,,,0,0,0
17/11/2022 02:02:05,4.1,91 Km,-15.05,-74.6,AYACUCHO,LUCANAS,SANTA LUCIA,1033.282033745887,1486.0,0,0,0
16/11/2022 23:19:47,5.2,140 Km,-2.15,-78.6,,,,,,0,0,0
16/11/2022 20:22:23,3.9,39 Km,-4.87,-80.81,PIURA,SULLANA,MARCAVELICA,1662.4805053918735,33129.0,7,0,3
16/11/2022 10:37:56,3.7,60 Km,-13.06,-76.67,,,,,,0,0,0
15/11/2022 20:11:14,3.7,13 Km,-5.2,-79.17,CAJAMARCA,SAN IGNACIO,NAMBALLE,635.682209116982,9809.0,0,0,0
14/11/2022 23:37:35,5.0,20 Km,-14.7,-76.43,,,,,,0,0,0
14/11/2022 23:35:29,4.1,21 Km,-14.59,-76.3,,,,,,0,0,0
13/11/2022 19:54:02,4.0,35 Km,-4.86,-80.76,PIURA,SULLANA,MARCAVELICA,1662.4805053918735,33129.0,18,3,8
13/11/2022 14:40:08,4.0,40 Km,-16.03,-73.82,AREQUIPA,CARAVELI,ATICO,3093.302390518557,6271.0,0,0,0
13/11/2022 05:49:44,3.9,12 Km,-9.88,-75.75,HUANUCO,PUERTO INCA,CODO DEL POZUZO,3221.2599690701472,8532.0,0,0,0
11/11/2022 07:34:38,5.1,632 Km,-8.83,-71.93,,,,,,0,0,0
10/11/2022 14:07:41,3.6,15 Km,-5.74,-78.56,AMAZONAS,UTCUBAMBA,BAGUA GRANDE,729.4867024694034,58947.0,0,0,0
10/11/2022 07:42:29,3.8,60 Km,-11.81,-77.36,,,,,,0,0,0
09/11/2022 16:33:41,4.1,134 Km,-18.26,-69.9,,,,,,0,0,0
08/11/2022 20:15:02,5.2,24 Km,-4.15,-80.68,TUMBES,CONTRALMIRANTE VILLAR,CASITAS,863.3349161615419,2772.0,0,0,0
07/11/2022 15:40:44,4.3,159 Km,-1.93,-78.09,,,,,,0,0,0
07/11/2022 09:01:43,4.0,20 Km,-7.87,-76.83,SAN MARTIN,MARISCAL CACERES,CAMPANILLA,1810.0743367806785,18897.0,0,0,0
06/11/2022 20:49:04,4.0,125 Km,-9.6,-74.61,PASCO,OXAPAMPA,CONSTITUCION,3050.8103885859873,17961.0,0,0,0
06/11/2022 09:03:28,3.7,13 Km,-17.54,-70.23,TACNA,TARATA,HEROES ALBARRACIN,380.20386133003615,292.0,0,0,0
06/11/2022 04:43:21,3.9,12 Km,-6.31,-76.85,SAN MARTIN,EL DORADO,SAN MARTIN,520.7247035073092,13645.0,0,0,0
06/11/2022 02:08:05,4.6,20 Km,-17.53,-70.23,TACNA,TARATA,HEROES ALBARRACIN,380.20386133003615,292.0,0,0,0
05/11/2022 05:26:06,3.6,54 Km,-12.25,-77.26,,,,,,0,0,0
04/11/2022 13:29:30,3.8,19 Km,-11.88,-72.87,CUSCO,LA CONVENCION,MEGANTONI,10713.82473732827,7427.0,0,0,0
04/11/2022 05:49:28,4.4,122 Km,-17.13,-70.79,MOQUEGUA,MARISCAL NIETO,TORATA,1776.5735886061047,6736.0,2,1,4
04/11/2022 00:46:31,4.3,12 Km,-15.23,-76.07,,,,,,0,0,0
04/11/2022 00:40:43,4.2,153 Km,-17.85,-69.82,TACNA,TACNA,PALCA,1462.9568465577868,2384.0,0,0,0
03/11/2022 19:14:14,3.8,50 Km,-13.2,-76.59,,,,,,0,0,0
03/11/2022 15:56:35,4.0,95 Km,-14.15,-72.97,APURIMAC,ANTABAMBA,PACHACONAS,229.31721220228533,1040.0,0,0,1
03/11/2022 14:14:12,3.6,8 Km,-15.67,-71.9,AREQUIPA,CAYLLOMA,CABANACONDE,462.305213456443,2059.0,3,0,2
03/11/2022 13:19:00,3.9,12 Km,-7.77,-77.96,LA LIBERTAD,SANCHEZ CARRION,HUAMACHUCO,416.07642453397426,84084.0,1,0,0
03/11/2022 12:32:47,4.0,105 Km,-16.27,-72.11,AREQUIPA,CAYLLOMA,MAJES,1648.4337671085377,74846.0,2,0,2
02/11/2022 20:14:21,4.2,19 Km,-5.28,-81.02,PIURA,PAITA,PAITA,707.9133323255332,106929.0,0,0,0
02/11/2022 00:06:47,4.4,157 Km,-2.9,-77.1,LORETO,DATEM DEL MARAÑON,ANDOAS,11788.441725974673,16425.0,0,0,0
01/11/2022 07:47:25,4.6,36 Km,-10.36,-78.86,,,,,,0,0,0
31/10/2022 09:18:28,5.0,22 Km,-14.43,-76.33,,,,,,0,0,0
31/10/2022 08:25:40,4.3,17 Km,-14.53,-76.48,,,,,,0,0,0
31/10/2022 08:22:35,5.7,160 Km,-2.43,-76.46,,,,,,0,0,0
30/10/2022 22:50:02,4.4,20 Km,-16.24,-73.82,,,,,,0,0,0
30/10/2022 18:24:47,4.7,14 Km,-14.74,-76.21,,,,,,0,0,0
30/10/2022 08:03:47,4.3,128 Km,-16.12,-71.79,AREQUIPA,AREQUIPA,YURA,1923.1678382491139,45585.0,0,0,1
29/10/2022 21:23:24,4.0,19 Km,-14.6,-76.36,,,,,,0,0,0
29/10/2022 21:07:16,4.1,25 Km,-4.83,-80.84,PIURA,SULLANA,IGNACIO ESCUDERO,189.67792824819392,22210.0,5,0,2
29/10/2022 21:05:56,4.3,22 Km,-14.57,-76.32,,,,,,0,0,0
29/10/2022 20:24:29,4.1,18 Km,-15.15,-75.9,,,,,,0,0,0
29/10/2022 18:47:22,4.1,19 Km,-14.55,-76.26,,,,,,0,0,0
29/10/2022 17:22:30,5.2,37 Km,-14.51,-76.45,,,,,,0,0,0
29/10/2022 17:18:39,4.1,212 Km,-15.53,-70.64,PUNO,LAMPA,PARATIA,750.6561948876963,2205.0,0,0,0
29/10/2022 16:18:22,4.5,15 Km,-14.75,-76.37,,,,,,0,0,0
29/10/2022 15:45:33,5.4,21 Km,-14.55,-76.32,,,,,,0,0,0
29/10/2022 15:26:53,4.0,12 Km,-14.55,-76.39,,,,,,0,0,0
29/10/2022 09:37:15,4.5,17 Km,-14.62,-76.38,,,,,,0,0,0
29/10/2022 09:17:23,4.8,14 Km,-14.67,-76.45,,,,,,0,0,0
29/10/2022 08:21:10,4.1,26 Km,-14.38,-76.39,,,,,,0,0,0
29/10/2022 06:40:19,5.0,258 Km,-19.16,-67.64,,,,,,0,0,0
29/10/2022 02:31:48,4.6,22 Km,-14.77,-76.54,,,,,,0,0,0
29/10/2022 01:10:20,4.0,17 Km,-14.67,-76.32,,,,,,0,0,0
28/10/2022 23:08:36,4.0,17 Km,-14.7,-76.35,,,,,,0,0,0
28/10/2022 22:26:22,4.7,15 Km,-14.62,-76.45,,,,,,0,0,0
28/10/2022 19:39:28,4.5,17 Km,-14.58,-76.41,,,,,,0,0,0
28/10/2022 19:09:46,5.8,15 Km,-14.62,-76.39,,,,,,0,0,0
28/10/2022 18:35:13,5.2,15 Km,-14.61,-76.41,,,,,,0,0,0
28/10/2022 18:19:58,4.8,110 Km,-3.76,-76.53,LORETO,DATEM DEL MARAÑON,ANDOAS,11788.441725974673,16425.0,0,0,0
28/10/2022 17:52:15,5.6,18 Km,-14.64,-76.4,,,,,,0,0,0
28/10/2022 17:48:40,4.1,16 Km,-14.68,-76.37,,,,,,0,0,0
28/10/2022 15:22:01,5.9,26 Km,-14.66,-76.55,,,,,,0,0,0
28/10/2022 14:19:04,4.9,19 Km,-14.64,-76.33,,,,,,0,0,0
28/10/2022 14:16:14,4.4,28 Km,-14.66,-76.46,,,,,,0,0,0
28/10/2022 13:52:58,4.0,20 Km,-14.55,-76.35,,,,,,0,0,0
28/10/2022 13:17:33,4.0,31 Km,-10.05,-78.89,,,,,,0,0,0
28/10/2022 09:21:19,5.0,16 Km,-14.65,-76.51,,,,,,0,0,0
28/10/2022 07:19:16,4.1,17 Km,-14.57,-76.38,,,,,,0,0,0
28/10/2022 05:56:46,4.5,19 Km,-14.62,-76.44,,,,,,0,0,0
28/10/2022 04:16:56,4.6,13 Km,-14.63,-76.37,,,,,,0,0,0
28/10/2022 04:11:51,5.1,10 Km,-14.63,-76.34,,,,,,0,0,0
26/10/2022 12:53:16,4.0,63 Km,-15.34,-74.63,AREQUIPA,CARAVELI,ACARI,1156.6737277356124,5381.0,0,0,0
26/10/2022 05:11:38,4.9,20 Km,-15.11,-75.97,,,,,,0,0,0
26/10/2022 04:45:18,4.5,37 Km,-4.12,-80.93,TUMBES,CONTRALMIRANTE VILLAR,CANOAS DE PUNTA SAL,631.7423134062946,8220.0,0,0,0
25/10/2022 22:06:09,4.7,42 Km,-4.89,-80.78,PIURA,SULLANA,MIGUEL CHECA,480.8689150982453,10587.0,11,1,5
25/10/2022 13:38:56,4.2,124 Km,-10.17,-76.76,HUANUCO,LAURICOCHA,BAÑOS,192.117794955951,1301.0,2,0,0
24/10/2022 22:17:38,3.6,19 Km,-15.66,-72.2,AREQUIPA,CASTILLA,CHOCO,904.4432006779886,618.0,0,0,2
24/10/2022 01:03:32,3.4,15 Km,-15.64,-71.83,AREQUIPA,CAYLLOMA,CABANACONDE,462.305213456443,2059.0,3,0,1
24/10/2022 00:04:39,5.3,156 Km,-7.4,-76.33,SAN MARTIN,BELLAVISTA,ALTO BIAVO,5956.58747119889,10136.0,0,0,0
23/10/2022 21:10:37,4.2,39 Km,-16.18,-73.69,AREQUIPA,CARAVELI,ATICO,3093.302390518557,6271.0,1,0,1
23/10/2022 04:38:14,4.4,23 Km,-16.29,-74.26,,,,,,0,0,0
22/10/2022 14:58:18,3.9,10 Km,-15.67,-72.18,AREQUIPA,CAYLLOMA,HUAMBO,716.367191636351,649.0,0,0,2
21/10/2022 13:25:50,4.5,30 Km,-6.62,-81.06,,,,,,0,0,0
20/10/2022 05:01:21,4.0,115 Km,-11.8,-75.52,JUNIN,JAUJA,YAUYOS,19.591503836043884,10099.0,4,1,0
18/10/2022 15:02:21,4.0,24 Km,-16.56,-74.19,,,,,,0,0,0
18/10/2022 00:31:51,4.2,29 Km,-10.64,-74.58,PASCO,OXAPAMPA,PUERTO BERMUDEZ,7672.2762987020205,22387.0,0,0,0
17/10/2022 12:39:31,3.6,19 Km,-16.61,-71.75,AREQUIPA,AREQUIPA,LA JOYA,697.0067549969054,41181.0,0,0,2
17/10/2022 08:38:23,4.9,140 Km,-18.46,-69.48,,,,,,0,0,0
17/10/2022 04:38:15,4.5,47 Km,-12.75,-76.87,,,,,,0,0,0
17/10/2022 02:39:15,3.6,51 Km,-17.5,-70.98,MOQUEGUA,MARISCAL NIETO,MOQUEGUA,3496.5014394191817,47754.0,0,0,0
16/10/2022 23:27:05,4.3,107 Km,-14.62,-73.78,AYACUCHO,LUCANAS,CHIPAO,1155.7662855606534,2299.0,0,0,0
16/10/2022 15:59:43,3.6,55 Km,-12.72,-76.83,,,,,,0,0,0
16/10/2022 05:02:39,4.1,44 Km,-3.77,-80.61,TUMBES,CONTRALMIRANTE VILLAR,ZORRITOS,654.8809623201909,14369.0,2,0,1
15/10/2022 21:53:32,3.6,18 Km,-12.48,-77.27,,,,,,0,0,0
15/10/2022 21:15:25,4.0,121 Km,-10.87,-74.5,PASCO,OXAPAMPA,PUERTO BERMUDEZ,7672.2762987020205,22387.0,0,0,0
15/10/2022 02:39:51,4.7,50 Km,-2.23,-79.95,,,,,,70,22,4
15/10/2022 00:37:07,4.0,135 Km,-17.53,-70.04,TACNA,TARATA,ESTIQUE-PAMPA,148.42092233113792,319.0,1,1,3
15/10/2022 00:23:07,4.2,29 Km,-4.0,-80.97,TUMBES,CONTRALMIRANTE VILLAR,CANOAS DE PUNTA SAL,631.7423134062946,8220.0,1,0,1
13/10/2022 22:34:33,3.8,49 Km,-13.85,-76.3,ICA,PISCO,PARACAS,1425.1806077941,10082.0,2,0,2
13/10/2022 22:27:58,3.4,8 Km,-15.7,-71.96,AREQUIPA,CAYLLOMA,CABANACONDE,462.305213456443,2059.0,1,0,1
13/10/2022 17:06:07,4.0,32 Km,-6.58,-80.99,,,,,,0,0,0
13/10/2022 13:11:49,4.0,35 Km,-11.48,-73.29,CUSCO,LA CONVENCION,MEGANTONI,10713.82473732827,7427.0,0,0,0
12/10/2022 12:57:11,4.6,130 Km,-12.46,-75.54,JUNIN,HUANCAYO,CHONGOS ALTO,701.8853543173764,1481.0,0,0,0
11/10/2022 22:54:43,4.0,129 Km,-15.92,-72.38,AREQUIPA,CASTILLA,HUANCARQUI,798.0699393391853,1618.0,0,0,0
11/10/2022 00:41:48,4.1,45 Km,-12.77,-73.96,AYACUCHO,LA MAR,AYNA,285.18090947907973,9874.0,0,0,0
09/10/2022 19:38:37,4.0,126 Km,-16.21,-71.76,AREQUIPA,AREQUIPA,YURA,1923.1678382491139,45585.0,0,0,1
09/10/2022 16:33:24,3.9,19 Km,-8.68,-76.01,HUANUCO,LEONCIO PRADO,JOSE CRESPO Y CASTILLO,1501.6429587930809,23918.0,0,0,0
09/10/2022 01:55:13,3.7,36 Km,-4.88,-80.78,PIURA,SULLANA,MARCAVELICA,1662.4805053918735,33129.0,12,1,5
08/10/2022 16:06:53,4.4,38 Km,-4.89,-80.85,PIURA,SULLANA,IGNACIO ESCUDERO,189.67792824819392,22210.0,6,0,2
08/10/2022 08:08:02,4.0,28 Km,-18.89,-72.14,,,,,,0,0,0
08/10/2022 00:15:51,5.0,46 Km,-10.16,-78.79,,,,,,0,0,0
07/10/2022 02:56:40,3.8,60 Km,-13.28,-76.47,,,,,,0,0,0
06/10/2022 20:12:23,3.5,18 Km,-11.71,-76.23,LIMA,HUAROCHIRI,CHICLA,235.0528794763733,2971.0,1,0,2
06/10/2022 06:29:10,3.8,19 Km,-8.67,-76.01,HUANUCO,LEONCIO PRADO,JOSE CRESPO Y CASTILLO,1501.6429587930809,23918.0,0,0,0
05/10/2022 16:01:06,4.0,24 Km,-10.25,-74.75,PASCO,OXAPAMPA,PUERTO BERMUDEZ,7672.2762987020205,22387.0,0,0,0
05/10/2022 15:46:06,4.3,160 Km,-7.84,-74.53,UCAYALI,CORONEL PORTILLO,CALLERIA,11645.766871791395,177751.0,0,0,0
05/10/2022 11:04:01,4.0,35 Km,-4.89,-80.82,PIURA,SULLANA,MIGUEL CHECA,480.8689150982453,10587.0,5,0,2
05/10/2022 05:43:28,4.0,30 Km,-4.92,-80.77,PIURA,SULLANA,MIGUEL CHECA,480.8689150982453,10587.0,13,2,8
05/10/2022 05:30:16,3.9,28 Km,-4.94,-80.74,PIURA,SULLANA,MIGUEL CHECA,480.8689150982453,10587.0,18,3,8
05/10/2022 03:59:02,4.0,30 Km,-4.89,-80.81,PIURA,SULLANA,MIGUEL CHECA,480.8689150982453,10587.0,6,0,3
05/10/2022 03:49:07,3.8,29 Km,-4.89,-80.83,PIURA,SULLANA,MARCAVELICA,1662.4805053918735,33129.0,5,0,2
05/10/2022 03:26:17,6.1,25 Km,-4.92,-80.8,PIURA,SULLANA,MIGUEL CHECA,480.8689150982453,10587.0,8,0,3
05/10/2022 01:45:09,4.0,17 Km,-8.73,-75.98,HUANUCO,LEONCIO PRADO,JOSE CRESPO Y CASTILLO,1501.6429587930809,23918.0,0,0,0
05/10/2022 01:43:28,4.0,18 Km,-8.71,-75.99,HUANUCO,LEONCIO PRADO,JOSE CRESPO Y CASTILLO,1501.6429587930809,23918.0,0,0,0
04/10/2022 18:40:23,3.7,23 Km,-16.46,-72.05,AREQUIPA,AREQUIPA,SANTA RITA DE SIGUAS,425.7889138584901,8156.0,1,0,1
04/10/2022 13:36:59,4.0,30 Km,-8.43,-79.74,,,,,,0,0,0
03/10/2022 21:50:18,4.5,42 Km,-9.91,-78.78,,,,,,0,0,0
02/10/2022 22:26:38,4.2,18 Km,-8.65,-76.01,HUANUCO,LEONCIO PRADO,JOSE CRESPO Y CASTILLO,1501.6429587930809,23918.0,0,0,0
02/10/2022 21:12:48,4.1,14 Km,-8.8,-76.0,HUANUCO,LEONCIO PRADO,JOSE CRESPO Y CASTILLO,1501.6429587930809,23918.0,0,0,0
02/10/2022 21:00:40,4.1,15 Km,-8.66,-76.0,HUANUCO,LEONCIO PRADO,JOSE CRESPO Y CASTILLO,1501.6429587930809,23918.0,0,0,0
02/10/2022 20:48:48,4.3,17 Km,-8.67,-76.02,HUANUCO,LEONCIO PRADO,JOSE CRESPO Y CASTILLO,1501.6429587930809,23918.0,0,0,0
02/10/2022 02:55:15,4.1,69 Km,-15.68,-74.18,AREQUIPA,CARAVELI,CHALA,340.21008853017196,10832.0,0,0,0
01/10/2022 01:48:53,3.6,50 Km,-12.68,-77.02,,,,,,0,0,0
01/10/2022 01:23:53,5.3,169 Km,-7.96,-74.57,UCAYALI,CORONEL PORTILLO,CALLERIA,11645.766871791395,177751.0,0,0,0
30/09/2022 07:09:28,4.8,30 Km,-16.13,-75.46,,,,,,0,0,0
30/09/2022 00:42:11,4.0,63 Km,-7.11,-79.52,LA LIBERTAD,CHEPEN,PACANGA,590.939082262568,25806.0,1,1,2
29/09/2022 18:59:48,4.0,44 Km,-16.73,-73.0,,,,,,0,0,0
29/09/2022 00:47:25,4.0,67 Km,-16.87,-71.88,AREQUIPA,ISLAY,MOLLENDO,933.9830468783583,26843.0,0,0,0
28/09/2022 15:03:59,4.8,108 Km,-14.29,-73.71,AYACUCHO,SUCRE,SORAS,351.71006231150875,994.0,0,0,0
27/09/2022 22:23:23,4.1,42 Km,-19.23,-69.94,,,,,,0,0,0
27/09/2022 20:20:01,3.8,40 Km,-12.43,-77.38,,,,,,0,0,0
26/09/2022 19:00:20,3.9,15 Km,-5.94,-79.62,LAMBAYEQUE,LAMBAYEQUE,OLMOS,5721.937851175903,57359.0,1,0,0
25/09/2022 20:20:47,4.3,133 Km,-9.8,-74.73,PASCO,OXAPAMPA,CONSTITUCION,3050.8103885859873,17961.0,0,0,0
23/09/2022 12:58:51,4.7,38 Km,-8.56,-80.2,,,,,,0,0,0
22/09/2022 20:39:24,4.2,33 Km,-18.43,-71.9,,,,,,0,0,0
22/09/2022 18:10:03,4.1,18 Km,-8.7,-80.15,,,,,,0,0,0
22/09/2022 12:39:29,4.4,34 Km,-15.49,-75.46,,,,,,0,0,0
21/09/2022 22:34:56,4.3,25 Km,-16.45,-74.0,,,,,,0,0,0
19/09/2022 19:26:49,3.8,21 Km,-16.43,-71.91,AREQUIPA,AREQUIPA,VITOR,1534.435436497687,4915.0,5,0,3
19/09/2022 19:11:36,4.0,30 Km,-18.63,-71.1,,,,,,0,0,0
19/09/2022 14:40:22,3.5,10 Km,-15.69,-71.93,AREQUIPA,CAYLLOMA,CABANACONDE,462.305213456443,2059.0,2,0,1
19/09/2022 10:09:04,4.8,35 Km,-10.63,-78.72,,,,,,0,0,0
17/09/2022 05:50:45,4.3,118 Km,-18.42,-69.89,,,,,,0,0,0
16/09/2022 13:55:31,4.9,28 Km,-15.06,-75.93,,,,,,0,0,0
16/09/2022 09:44:08,4.1,50 Km,-19.21,-70.14,,,,,,0,0,0
13/09/2022 10:38:29,4.1,113 Km,-11.09,-76.69,LIMA,HUARAL,PACARAOS,305.6925185740406,1283.0,0,0,0
12/09/2022 22:22:51,4.3,33 Km,-14.27,-76.38,,,,,,0,0,0
10/09/2022 23:21:28,4.0,22 Km,-12.74,-77.85,,,,,,0,0,0
09/09/2022 04:17:05,4.0,47 Km,-11.11,-78.02,,,,,,0,0,0
09/09/2022 01:04:37,4.1,108 Km,-15.41,-74.23,AYACUCHO,PARINACOCHAS,PULLO,1562.4932672058267,7641.0,0,0,0
08/09/2022 21:13:17,4.3,36 Km,-5.13,-80.9,PIURA,PAITA,LA HUACA,580.5982972685473,14510.0,0,0,0
08/09/2022 16:59:41,5.6,29 Km,-16.26,-73.51,AREQUIPA,CARAVELI,ATICO,3093.302390518557,6271.0,0,0,0
07/09/2022 18:11:08,3.6,18 Km,-12.78,-77.42,,,,,,0,0,0
07/09/2022 16:57:34,4.0,105 Km,-12.59,-75.28,HUANCAVELICA,HUANCAVELICA,VILCA,308.3697969961075,1695.0,1,0,1
06/09/2022 16:23:01,4.5,125 Km,-18.8,-69.44,,,,,,0,0,0
05/09/2022 04:50:44,4.1,32 Km,-15.27,-75.06,ICA,NASCA,MARCONA,1943.8301700860184,19194.0,0,0,0
04/09/2022 16:23:59,4.0,40 Km,-15.12,-75.71,,,,,,0,0,0
04/09/2022 15:52:00,4.1,20 Km,-4.66,-79.52,PIURA,AYABACA,AYABACA,1572.372880452429,32156.0,1,0,0
03/09/2022 08:02:33,4.4,90 Km,-14.26,-72.83,APURIMAC,GRAU,PATAYPAMPA,146.50679981233625,742.0,0,0,0
01/09/2022 15:56:57,4.5,41 Km,-16.19,-74.17,,,,,,0,0,0
31/08/2022 22:34:59,4.4,30 Km,-7.1,-80.98,,,,,,0,0,0
31/08/2022 21:25:56,3.9,16 Km,-11.23,-73.95,JUNIN,SATIPO,RIO TAMBO,10209.912281380044,29138.0,0,0,0
31/08/2022 15:14:19,4.3,37 Km,-19.13,-70.62,,,,,,0,0,0
29/08/2022 22:43:34,3.8,12 Km,-7.88,-77.95,LA LIBERTAD,SANCHEZ CARRION,CURGOS,98.39334590455412,8909.0,0,0,0
29/08/2022 20:06:50,3.6,12 Km,-15.67,-71.84,AREQUIPA,CAYLLOMA,CABANACONDE,462.305213456443,2059.0,3,0,1
29/08/2022 16:34:06,4.0,141 Km,-14.84,-71.8,CUSCO,ESPINAR,COPORAQUE,1546.8259750700222,9055.0,0,0,0
28/08/2022 22:31:17,4.0,28 Km,-9.54,-79.63,,,,,,0,0,0
28/08/2022 17:26:04,4.0,101 Km,-15.6,-72.79,AREQUIPA,CONDESUYOS,SALAMANCA,1241.6539059726872,371.0,0,0,0
28/08/2022 14:07:42,4.0,33 Km,-9.26,-79.19,,,,,,0,0,0
28/08/2022 01:25:34,4.0,58 Km,-3.75,-80.45,TUMBES,TUMBES,SAN JACINTO,590.7935936286714,9112.0,1,0,1
26/08/2022 20:42:48,3.6,39 Km,-12.52,-77.08,,,,,,0,0,0
26/08/2022 17:19:41,3.8,15 Km,-16.82,-71.3,MOQUEGUA,GENERAL SANCHEZ CERRO,LA CAPILLA,781.3442385322384,467.0,1,0,0
26/08/2022 04:26:28,3.8,42 Km,-12.5,-77.11,,,,,,0,0,0
25/08/2022 07:29:22,3.7,28 Km,-4.85,-80.84,PIURA,SULLANA,IGNACIO ESCUDERO,189.67792824819392,22210.0,5,0,2
25/08/2022 02:48:20,3.6,12 Km,-13.89,-71.73,CUSCO,ACOMAYO,ACOS,137.9936783773878,2333.0,0,0,1
24/08/2022 23:57:33,3.5,8 Km,-13.78,-72.79,APURIMAC,ABANCAY,LAMBRAMA,525.9174776544588,2547.0,0,0,0
24/08/2022 23:29:05,3.6,11 Km,-15.61,-71.75,AREQUIPA,CAYLLOMA,LARI,389.8791194758872,813.0,3,0,1
24/08/2022 23:26:59,3.5,11 Km,-13.81,-72.72,APURIMAC,ABANCAY,LAMBRAMA,525.9174776544588,2547.0,0,0,1
22/08/2022 03:03:14,4.0,112 Km,-11.98,-76.03,LIMA,HUAROCHIRI,SAN LORENZO DE QUINTI,449.9416866664126,1095.0,0,0,0
20/08/2022 06:50:15,3.8,48 Km,-13.56,-76.31,,,,,,0,0,0
20/08/2022 02:22:43,3.7,44 Km,-9.21,-79.24,,,,,,0,0,0
19/08/2022 20:27:35,3.6,75 Km,-9.18,-78.73,,,,,,0,0,0
19/08/2022 14:06:52,4.8,151 Km,-7.83,-74.7,LORETO,UCAYALI,PADRE MARQUEZ,2434.9195833576787,3239.0,0,0,0
17/08/2022 04:38:31,4.1,17 Km,-16.39,-74.19,,,,,,0,0,0
16/08/2022 23:21:38,3.4,11 Km,-15.71,-72.15,AREQUIPA,CAYLLOMA,HUAMBO,716.367191636351,649.0,0,0,2
16/08/2022 13:45:29,3.6,16 Km,-16.8,-71.29,MOQUEGUA,GENERAL SANCHEZ CERRO,LA CAPILLA,781.3442385322384,467.0,1,0,0
15/08/2022 23:47:09,3.7,8 Km,-16.8,-70.62,MOQUEGUA,MARISCAL NIETO,CARUMAS,2275.7527968803915,2152.0,5,0,2
15/08/2022 23:26:55,4.0,44 Km,-16.81,-71.77,AREQUIPA,ISLAY,MOLLENDO,933.9830468783583,26843.0,0,0,0
15/08/2022 04:41:04,4.5,176 Km,-8.66,-74.39,UCAYALI,CORONEL PORTILLO,MASISEA,14703.963010097246,12030.0,0,0,1
14/08/2022 14:09:16,4.6,51 Km,-15.92,-74.59,,,,,,0,0,0
14/08/2022 11:26:54,4.3,67 Km,-12.36,-76.98,,,,,,0,0,0
14/08/2022 04:27:11,4.2,38 Km,-8.77,-76.32,HUANUCO,MARAÑON,LA MORADA,906.232832984846,3902.0,0,0,0
13/08/2022 21:58:27,4.8,60 Km,-14.21,-75.78,ICA,ICA,ICA,886.5000051633018,177538.0,4,0,3
13/08/2022 17:42:09,4.3,78 Km,-5.35,-79.92,PIURA,MORROPON,BUENOS AIRES,249.18993995450242,10468.0,2,0,3
13/08/2022 12:19:23,3.8,42 Km,-12.24,-76.9,LIMA,LIMA,LURIN,188.38831019568553,114024.0,46,6,16
13/08/2022 11:44:22,3.6,7 Km,-16.79,-70.63,MOQUEGUA,MARISCAL NIETO,CARUMAS,2275.7527968803915,2152.0,5,0,2
13/08/2022 09:12:43,4.3,108 Km,-13.88,-75.34,HUANCAVELICA,HUAYTARA,SANTIAGO DE CHOCORVOS,1019.5879610359309,1381.0,0,0,0
11/08/2022 19:19:41,4.4,32 Km,-3.32,-80.87,,,,,,0,0,0
11/08/2022 01:24:48,4.8,106 Km,-13.4,-74.99,HUANCAVELICA,HUAYTARA,PILPICHACA,2177.7816332040456,2691.0,0,0,0
10/08/2022 06:24:39,4.3,119 Km,-4.94,-76.76,LORETO,DATEM DEL MARAÑON,CAHUAPANAS,4785.702362475397,8052.0,0,0,0
10/08/2022 05:34:05,4.2,113 Km,-14.63,-73.77,AYACUCHO,LUCANAS,CHIPAO,1155.7662855606534,2299.0,0,0,0
08/08/2022 15:57:53,4.5,94 Km,-14.3,-72.31,APURIMAC,COTABAMBAS,HAQUIRA,484.74699108486413,9474.0,0,0,0
08/08/2022 04:24:25,4.0,111 Km,-13.52,-75.02,HUANCAVELICA,HUAYTARA,PILPICHACA,2177.7816332040456,2691.0,0,0,0
08/08/2022 04:19:15,4.3,117 Km,-18.8,-69.55,,,,,,0,0,0
08/08/2022 01:18:19,3.5,7 Km,-15.64,-71.87,AREQUIPA,CAYLLOMA,CABANACONDE,462.305213456443,2059.0,2,0,1
07/08/2022 11:20:25,4.7,39 Km,-7.41,-75.82,LORETO,UCAYALI,PAMPA HERMOSA,7471.991314098033,6078.0,0,0,0
06/08/2022 21:41:15,5.0,105 Km,-19.55,-69.7,,,,,,0,0,0
06/08/2022 19:12:04,4.1,138 Km,-18.87,-69.34,,,,,,0,0,0
05/08/2022 19:39:29,3.5,37 Km,-12.45,-77.06,,,,,,0,0,0
05/08/2022 18:56:05,4.5,20 Km,-9.96,-79.09,,,,,,0,0,0
05/08/2022 15:52:48,4.0,35 Km,-9.73,-79.33,,,,,,0,0,0
05/08/2022 15:20:00,4.6,50 Km,-19.16,-70.12,,,,,,0,0,0
04/08/2022 22:12:25,4.7,18 Km,-11.5,-73.54,JUNIN,SATIPO,RIO TAMBO,10209.912281380044,29138.0,0,0,0
03/08/2022 02:33:34,4.9,157 Km,-8.63,-74.5,UCAYALI,CORONEL PORTILLO,MANANTAY,644.5062871740798,113470.0,0,0,0
02/08/2022 07:58:43,3.5,9 Km,-15.69,-71.98,AREQUIPA,CAYLLOMA,CABANACONDE,462.305213456443,2059.0,1,0,1
01/08/2022 20:32:18,3.6,16 Km,-16.4,-71.59,AREQUIPA,AREQUIPA,CERRO COLORADO,175.3753590625222,241328.0,63,7,36
01/08/2022 10:18:15,4.1,40 Km,-16.31,-73.69,,,,,,1,0,1
01/08/2022 08:36:31,4.0,51 Km,-9.29,-78.64,,,,,,0,0,0
01/08/2022 05:00:21,4.0,46 Km,-7.19,-79.73,,,,,,0,0,0
31/07/2022 17:32:29,4.5,116 Km,-10.82,-73.76,JUNIN,SATIPO,RIO TAMBO,10209.912281380044,29138.0,0,0,1
31/07/2022 09:31:08,4.0,118 Km,-14.93,-72.28,AREQUIPA,CONDESUYOS,CAYARANI,1394.7690432236327,3251.0,0,0,0
31/07/2022 08:34:23,3.7,14 Km,-16.82,-71.25,MOQUEGUA,GENERAL SANCHEZ CERRO,LA CAPILLA,781.3442385322384,467.0,1,0,0
30/07/2022 15:52:37,3.7,27 Km,-9.1,-79.31,,,,,,0,0,0
30/07/2022 10:31:37,4.2,118 Km,-18.46,-69.88,,,,,,0,0,0
30/07/2022 00:14:36,3.6,59 Km,-9.77,-78.44,,,,,,0,0,0
29/07/2022 23:20:12,4.1,60 Km,-11.81,-77.45,,,,,,0,0,0
29/07/2022 12:35:24,4.0,131 Km,-15.19,-71.94,AREQUIPA,CASTILLA,CHOCO,904.4432006779886,618.0,0,0,0
29/07/2022 10:13:07,3.6,9 Km,-15.63,-71.82,AREQUIPA,CAYLLOMA,CABANACONDE,462.305213456443,2059.0,3,0,1
29/07/2022 04:51:44,3.9,10 Km,-15.65,-71.82,AREQUIPA,CAYLLOMA,MACA,237.26286538445896,677.0,3,0,1
28/07/2022 19:07:35,4.8,40 Km,-10.36,-75.15,PASCO,OXAPAMPA,PALCAZU,2787.5742321471407,7902.0,0,0,0
28/07/2022 14:34:43,4.7,72 Km,-16.73,-72.22,AREQUIPA,CAMANA,QUILCA,897.152176474595,1115.0,0,0,0
28/07/2022 08:41:00,4.6,36 Km,-10.73,-78.55,,,,,,0,0,0
27/07/2022 23:15:04,6.2,55 Km,-21.9,-70.55,,,,,,0,0,0
27/07/2022 12:44:05,3.8,12 Km,-15.72,-71.89,AREQUIPA,CAYLLOMA,CABANACONDE,462.305213456443,2059.0,0,0,0
26/07/2022 22:11:03,3.8,23 Km,-16.76,-71.29,MOQUEGUA,GENERAL SANCHEZ CERRO,LA CAPILLA,781.3442385322384,467.0,1,0,0
25/07/2022 20:37:48,3.9,61 Km,-4.64,-80.3,PIURA,PIURA,LAS LOMAS,556.8358126332955,29345.0,1,0,2
25/07/2022 19:54:28,3.7,12 Km,-8.38,-77.7,ANCASH,SIHUAS,CHINGALPO,173.67888534235246,870.0,0,0,0
25/07/2022 15:40:10,3.6,35 Km,-16.27,-73.72,,,,,,0,0,0
25/07/2022 06:39:12,3.7,60 Km,-8.68,-78.88,,,,,,0,0,0
24/07/2022 08:46:27,3.6,17 Km,-16.75,-71.26,MOQUEGUA,GENERAL SANCHEZ CERRO,LA CAPILLA,781.3442385322384,467.0,1,0,0
24/07/2022 03:17:00,4.5,604 Km,-8.74,-71.09,,,,,,0,0,0
24/07/2022 00:17:57,4.8,27 Km,-14.52,-76.53,,,,,,0,0,0
23/07/2022 20:12:43,3.7,14 Km,-16.4,-71.84,AREQUIPA,AREQUIPA,VITOR,1534.435436497687,4915.0,2,0,2
23/07/2022 16:38:07,4.0,34 Km,-14.5,-76.65,,,,,,0,0,0
23/07/2022 15:51:25,4.0,20 Km,-14.46,-76.42,,,,,,0,0,0
23/07/2022 02:54:09,3.6,15 Km,-16.78,-71.3,MOQUEGUA,GENERAL SANCHEZ CERRO,LA CAPILLA,781.3442385322384,467.0,1,0,0
22/07/2022 18:38:23,3.8,12 Km,-15.66,-71.96,AREQUIPA,CAYLLOMA,CABANACONDE,462.305213456443,2059.0,1,0,1
22/07/2022 02:42:45,4.0,66 Km,-4.06,-80.43,,,,,,0,0,0
21/07/2022 22:06:29,3.6,17 Km,-16.82,-71.31,MOQUEGUA,GENERAL SANCHEZ CERRO,LA CAPILLA,781.3442385322384,467.0,1,0,0
21/07/2022 19:05:29,3.8,15 Km,-16.8,-71.32,MOQUEGUA,GENERAL SANCHEZ CERRO,LA CAPILLA,781.3442385322384,467.0,1,0,0
21/07/2022 14:26:49,3.7,15 Km,-16.55,-71.61,AREQUIPA,AREQUIPA,YARABAMBA,486.8475301150486,1638.0,1,0,1
20/07/2022 07:33:42,4.4,50 Km,-5.93,-75.04,LORETO,REQUENA,PUINAHUA,6281.096682979537,4498.0,0,0,0
20/07/2022 02:10:19,5.0,144 Km,-1.99,-78.44,,,,,,0,0,0
19/07/2022 15:25:38,4.2,152 Km,-8.11,-74.6,UCAYALI,CORONEL PORTILLO,CALLERIA,11645.766871791395,177751.0,0,0,0
19/07/2022 11:52:43,4.8,102 Km,-19.57,-69.62,,,,,,0,0,0
19/07/2022 01:56:28,4.8,79 Km,-12.84,-76.16,LIMA,CAÑETE,PACARAN,238.4084375079355,1713.0,0,0,0
17/07/2022 19:47:06,3.5,23 Km,-16.71,-71.5,AREQUIPA,AREQUIPA,YARABAMBA,486.8475301150486,1638.0,0,0,0
16/07/2022 13:55:00,4.0,68 Km,-11.09,-77.68,,,,,,8,1,3
16/07/2022 03:35:31,3.6,15 Km,-16.83,-71.27,MOQUEGUA,GENERAL SANCHEZ CERRO,LA CAPILLA,781.3442385322384,467.0,1,0,0
16/07/2022 03:18:42,4.8,37 Km,-10.41,-78.59,,,,,,0,0,0
15/07/2022 13:44:46,3.8,59 Km,-18.83,-70.41,,,,,,0,0,0
15/07/2022 06:03:18,4.3,37 Km,-16.25,-73.73,,,,,,0,0,0
14/07/2022 17:30:12,5.7,67 Km,-2.1,-79.82,,,,,,46,8,1
14/07/2022 09:27:53,3.5,14 Km,-16.56,-71.6,AREQUIPA,AREQUIPA,YARABAMBA,486.8475301150486,1638.0,1,0,1
14/07/2022 03:47:41,3.5,42 Km,-12.42,-77.03,,,,,,0,0,0
13/07/2022 21:33:19,3.7,16 Km,-16.81,-71.31,MOQUEGUA,GENERAL SANCHEZ CERRO,LA CAPILLA,781.3442385322384,467.0,1,0,0
13/07/2022 21:04:43,3.6,18 Km,-16.76,-71.26,MOQUEGUA,GENERAL SANCHEZ CERRO,LA CAPILLA,781.3442385322384,467.0,1,0,0
13/07/2022 20:01:08,3.7,14 Km,-16.79,-71.32,MOQUEGUA,GENERAL SANCHEZ CERRO,LA CAPILLA,781.3442385322384,467.0,1,0,0
13/07/2022 16:15:39,3.6,14 Km,-16.76,-71.24,MOQUEGUA,GENERAL SANCHEZ CERRO,LA CAPILLA,781.3442385322384,467.0,1,0,0
13/07/2022 12:56:11,4.4,17 Km,-16.78,-71.29,MOQUEGUA,GENERAL SANCHEZ CERRO,LA CAPILLA,781.3442385322384,467.0,1,0,0
13/07/2022 11:05:29,4.4,17 Km,-16.83,-71.32,MOQUEGUA,GENERAL SANCHEZ CERRO,LA CAPILLA,781.3442385322384,467.0,1,0,0
13/07/2022 10:56:36,3.7,16 Km,-16.78,-71.28,MOQUEGUA,GENERAL SANCHEZ CERRO,LA CAPILLA,781.3442385322384,467.0,1,0,0
13/07/2022 05:54:42,3.5,17 Km,-16.83,-71.34,MOQUEGUA,GENERAL SANCHEZ CERRO,LA CAPILLA,781.3442385322384,467.0,0,0,0
13/07/2022 05:06:53,3.6,15 Km,-16.79,-71.31,MOQUEGUA,GENERAL SANCHEZ CERRO,LA CAPILLA,781.3442385322384,467.0,1,0,0
13/07/2022 04:13:33,4.7,18 Km,-16.78,-71.31,MOQUEGUA,GENERAL SANCHEZ CERRO,LA CAPILLA,781.3442385322384,467.0,1,0,0
13/07/2022 03:23:01,3.7,53 Km,-12.41,-76.94,,,,,,0,0,0
13/07/2022 01:02:09,3.6,22 Km,-16.72,-71.54,AREQUIPA,ISLAY,COCACHACRA,1553.6412565678545,8284.0,0,0,0
12/07/2022 21:55:32,3.6,16 Km,-16.73,-71.24,MOQUEGUA,GENERAL SANCHEZ CERRO,LA CAPILLA,781.3442385322384,467.0,1,0,0
12/07/2022 21:21:30,3.6,19 Km,-16.75,-71.26,MOQUEGUA,GENERAL SANCHEZ CERRO,LA CAPILLA,781.3442385322384,467.0,1,0,0
12/07/2022 20:45:09,3.8,18 Km,-16.81,-71.27,MOQUEGUA,GENERAL SANCHEZ CERRO,LA CAPILLA,781.3442385322384,467.0,1,0,0
12/07/2022 20:30:03,4.4,19 Km,-16.81,-71.28,MOQUEGUA,GENERAL SANCHEZ CERRO,LA CAPILLA,781.3442385322384,467.0,1,0,0
12/07/2022 20:20:48,3.7,16 Km,-16.8,-71.27,MOQUEGUA,GENERAL SANCHEZ CERRO,LA CAPILLA,781.3442385322384,467.0,1,0,0
12/07/2022 19:47:25,3.4,12 Km,-16.79,-71.24,MOQUEGUA,GENERAL SANCHEZ CERRO,LA CAPILLA,781.3442385322384,467.0,1,0,0
12/07/2022 19:35:12,3.5,12 Km,-16.81,-71.27,MOQUEGUA,GENERAL SANCHEZ CERRO,LA CAPILLA,781.3442385322384,467.0,1,0,0
12/07/2022 19:23:56,3.9,19 Km,-16.81,-71.3,MOQUEGUA,GENERAL SANCHEZ CERRO,LA CAPILLA,781.3442385322384,467.0,1,0,0
12/07/2022 19:08:18,3.8,5 Km,-16.81,-71.24,MOQUEGUA,GENERAL SANCHEZ CERRO,LA CAPILLA,781.3442385322384,467.0,1,0,0
12/07/2022 19:04:42,3.6,17 Km,-16.78,-71.22,MOQUEGUA,GENERAL SANCHEZ CERRO,LA CAPILLA,781.3442385322384,467.0,1,0,0
12/07/2022 18:36:12,5.4,18 Km,-16.88,-71.35,MOQUEGUA,GENERAL SANCHEZ CERRO,LA CAPILLA,781.3442385322384,467.0,0,0,0
12/07/2022 12:54:46,3.9,69 Km,-14.27,-75.9,ICA,ICA,ICA,886.5000051633018,177538.0,0,0,0
11/07/2022 15:59:32,4.0,86 Km,-13.55,-74.55,AYACUCHO,CANGALLO,TOTOS,115.18636669601091,2830.0,0,0,0
10/07/2022 17:03:13,3.6,7 Km,-15.66,-71.88,AREQUIPA,CAYLLOMA,CABANACONDE,462.305213456443,2059.0,2,0,1
10/07/2022 08:21:37,4.7,44 Km,-8.88,-79.4,,,,,,0,0,0
09/07/2022 12:25:39,4.3,186 Km,-17.47,-70.03,TACNA,TARATA,TARATA,886.2480505659898,3578.0,1,1,3
07/07/2022 13:32:10,4.0,86 Km,-15.89,-73.45,AREQUIPA,CARAVELI,ATICO,3093.302390518557,6271.0,0,0,0
07/07/2022 07:00:29,3.6,9 Km,-15.69,-71.76,AREQUIPA,CAYLLOMA,MACA,237.26286538445896,677.0,3,0,1
06/07/2022 05:46:25,3.8,45 Km,-9.39,-79.24,,,,,,0,0,0
06/07/2022 05:15:47,4.3,108 Km,-14.91,-72.89,AREQUIPA,LA UNION,PAMPAMARCA,787.947357155903,1068.0,0,0,0
04/07/2022 17:51:12,4.4,19 Km,-7.1,-75.79,LORETO,UCAYALI,PAMPA HERMOSA,7471.991314098033,6078.0,0,0,0
04/07/2022 16:30:34,4.0,25 Km,-16.38,-74.23,,,,,,0,0,0
04/07/2022 00:28:18,4.2,30 Km,-15.73,-75.39,,,,,,0,0,0
03/07/2022 18:39:04,4.8,73 Km,-19.35,-70.36,,,,,,0,0,0
03/07/2022 08:36:09,3.8,35 Km,-13.77,-76.23,ICA,PISCO,PARACAS,1425.1806077941,10082.0,11,2,7
02/07/2022 16:08:51,4.2,69 Km,-13.12,-76.61,,,,,,0,0,0
30/06/2022 00:21:17,4.9,145 Km,-17.2,-70.32,TACNA,CANDARAVE,CAIRANI,177.31457911283783,959.0,1,0,2
29/06/2022 08:53:05,4.7,46 Km,-2.51,-79.74,,,,,,0,0,0
28/06/2022 11:22:21,4.1,40 Km,-18.22,-71.29,,,,,,0,0,0
28/06/2022 06:59:02,5.0,18 Km,-18.33,-71.23,,,,,,0,0,0
27/06/2022 20:35:46,4.0,79 Km,-17.81,-70.55,TACNA,TACNA,INCLAN,1441.5926674600812,2484.0,0,1,2
27/06/2022 19:13:59,4.1,111 Km,-15.54,-72.99,AREQUIPA,CONDESUYOS,CHICHAS,390.9295755190048,653.0,0,0,0
26/06/2022 22:10:02,4.1,64 Km,-8.42,-78.99,,,,,,0,0,0
26/06/2022 14:30:01,3.8,11 Km,-15.71,-72.03,AREQUIPA,CAYLLOMA,CABANACONDE,462.305213456443,2059.0,0,0,3
26/06/2022 08:50:15,4.2,72 Km,-14.63,-75.5,ICA,ICA,SANTIAGO,2767.922689745546,32245.0,0,0,0
26/06/2022 04:27:51,4.3,39 Km,-4.92,-80.8,PIURA,SULLANA,MIGUEL CHECA,480.8689150982453,10587.0,8,0,3
26/06/2022 03:39:36,4.0,103 Km,-16.6,-71.64,AREQUIPA,AREQUIPA,LA JOYA,697.0067549969054,41181.0,0,0,0
26/06/2022 00:45:05,3.5,8 Km,-17.46,-69.97,TACNA,TARATA,TARATA,886.2480505659898,3578.0,1,1,3
25/06/2022 21:02:32,5.3,40 Km,-17.17,-73.86,,,,,,0,0,0
25/06/2022 11:47:23,3.8,9 Km,-15.67,-72.05,AREQUIPA,CAYLLOMA,CABANACONDE,462.305213456443,2059.0,1,0,3
25/06/2022 11:11:26,5.0,120 Km,-4.87,-78.56,AMAZONAS,BAGUA,IMAZA,4597.423308657608,33338.0,0,0,0
24/06/2022 22:39:26,4.1,135 Km,-10.52,-74.01,UCAYALI,ATALAYA,RAIMONDI,14539.205149323814,41621.0,0,0,0
24/06/2022 18:04:03,3.9,98 Km,-16.22,-72.72,AREQUIPA,CONDESUYOS,CHUQUIBAMBA,1186.5351513834737,3336.0,0,0,0
24/06/2022 06:37:20,4.1,135 Km,-8.16,-76.18,SAN MARTIN,BELLAVISTA,ALTO BIAVO,5956.58747119889,10136.0,0,0,0
23/06/2022 23:50:57,5.4,43 Km,-8.88,-79.42,,,,,,0,0,0
23/06/2022 09:56:56,3.6,9 Km,-15.7,-72.04,AREQUIPA,CAYLLOMA,CABANACONDE,462.305213456443,2059.0,1,0,3
23/06/2022 09:29:47,4.6,145 Km,-17.78,-69.78,,,,,,0,0,0
21/06/2022 09:51:48,4.1,27 Km,-16.31,-74.16,,,,,,0,0,0
21/06/2022 02:33:52,5.2,35 Km,-16.43,-74.19,,,,,,0,0,0
20/06/2022 04:28:25,4.0,20 Km,-14.52,-76.48,,,,,,0,0,0
19/06/2022 19:13:13,4.0,16 Km,-14.45,-76.41,,,,,,0,0,0
19/06/2022 15:40:42,4.3,17 Km,-16.39,-74.21,,,,,,0,0,0
19/06/2022 13:58:46,4.8,19 Km,-14.69,-76.67,,,,,,0,0,0
19/06/2022 10:23:08,4.3,127 Km,-3.92,-77.56,AMAZONAS,CONDORCANQUI,RIO SANTIAGO,8088.7469214223365,18696.0,0,0,0
19/06/2022 06:06:12,3.8,20 Km,-8.72,-76.23,SAN MARTIN,TOCACHE,NUEVO PROGRESO,824.6433710375615,12753.0,0,0,0
19/06/2022 00:03:50,4.0,68 Km,-15.65,-74.66,AREQUIPA,CARAVELI,BELLA UNION,1193.9618027439037,2895.0,0,0,0
18/06/2022 23:41:31,4.0,137 Km,-16.06,-71.8,AREQUIPA,AREQUIPA,YURA,1923.1678382491139,45585.0,0,0,1
18/06/2022 21:22:54,3.4,12 Km,-17.4,-70.74,MOQUEGUA,MARISCAL NIETO,MOQUEGUA,3496.5014394191817,47754.0,0,0,0
18/06/2022 20:49:35,4.3,18 Km,-12.57,-71.26,MADRE DE DIOS,MANU,MANU,8718.108137193523,2302.0,0,0,0
17/06/2022 00:26:23,3.5,22 Km,-12.7,-76.82,,,,,,0,0,0
16/06/2022 21:50:54,4.0,128 Km,-16.63,-71.08,MOQUEGUA,GENERAL SANCHEZ CERRO,COALAQUE,245.4829592969005,926.0,1,0,0
16/06/2022 19:40:34,4.0,36 Km,-11.47,-77.99,,,,,,0,0,0
16/06/2022 09:35:46,3.6,18 Km,-13.61,-72.85,APURIMAC,ABANCAY,ABANCAY,286.6981948838263,78681.0,3,2,7
15/06/2022 13:52:13,4.0,123 Km,-9.58,-75.7,HUANUCO,LEONCIO PRADO,DANIEL ALOMIA ROBLES,539.8279546449647,6890.0,0,0,0
15/06/2022 01:31:18,4.3,46 Km,-10.55,-78.65,,,,,,0,0,0
14/06/2022 11:58:43,3.6,10 Km,-15.68,-71.83,AREQUIPA,CAYLLOMA,MACA,237.26286538445896,677.0,3,0,1
14/06/2022 03:25:59,3.7,10 Km,-15.66,-71.87,AREQUIPA,CAYLLOMA,CABANACONDE,462.305213456443,2059.0,2,0,1
13/06/2022 14:14:21,3.6,8 Km,-8.89,-77.2,ANCASH,MARISCAL LUZURIAGA,ELEAZAR GUZMAN BARRON,98.52485266044322,1394.0,0,0,0
13/06/2022 12:32:58,4.0,12 Km,-8.92,-77.24,ANCASH,MARISCAL LUZURIAGA,ELEAZAR GUZMAN BARRON,98.52485266044322,1394.0,2,0,0
12/06/2022 16:24:55,3.5,48 Km,-12.72,-76.92,,,,,,0,0,0
11/06/2022 04:23:53,4.1,104 Km,-14.73,-72.34,CUSCO,CHUMBIVILCAS,SANTO TOMAS,1907.5292381126417,22673.0,0,0,0
10/06/2022 13:19:45,3.8,60 Km,-11.64,-77.38,,,,,,0,0,0
09/06/2022 22:38:46,3.6,12 Km,-15.67,-72.16,AREQUIPA,CAYLLOMA,HUAMBO,716.367191636351,649.0,0,0,2
09/06/2022 17:31:07,3.7,12 Km,-7.35,-77.97,CAJAMARCA,SAN MARCOS,JOSE MANUEL QUIROZ,107.97615938428524,3558.0,0,0,0
09/06/2022 13:06:45,4.0,30 Km,-7.5,-75.85,LORETO,UCAYALI,PAMPA HERMOSA,7471.991314098033,6078.0,0,0,0
09/06/2022 08:06:15,3.6,10 Km,-17.33,-70.01,TACNA,TARATA,TICACO,357.6626373728023,581.0,0,0,0
08/06/2022 07:30:50,4.0,97 Km,-13.31,-74.6,AYACUCHO,HUAMANGA,VINCHOS,914.2346549328029,16743.0,0,0,0
07/06/2022 20:53:19,5.4,610 Km,-9.18,-71.39,,,,,,0,0,0
07/06/2022 19:55:34,6.2,594 Km,-8.83,-70.9,,,,,,0,0,0
06/06/2022 22:48:08,4.1,12 Km,-6.42,-76.9,SAN MARTIN,EL DORADO,SAN MARTIN,520.7247035073092,13645.0,0,0,0
06/06/2022 11:45:01,4.3,53 Km,-10.64,-78.07,,,,,,0,0,0
05/06/2022 07:22:19,3.7,74 Km,-11.38,-77.52,,,,,,0,0,0
04/06/2022 23:45:13,4.0,65 Km,-15.66,-74.64,,,,,,0,0,0
04/06/2022 18:41:23,3.6,11 Km,-6.3,-76.78,SAN MARTIN,LAMAS,ALONSO DE ALVARADO,296.2876714129446,14365.0,0,0,0
04/06/2022 06:41:13,3.5,9 Km,-15.69,-71.78,AREQUIPA,CAYLLOMA,MACA,237.26286538445896,677.0,3,0,1
04/06/2022 01:48:32,4.3,167 Km,-15.33,-71.41,AREQUIPA,CAYLLOMA,TISCO,1445.003897335942,1482.0,0,0,0
03/06/2022 21:26:10,3.7,10 Km,-14.45,-71.25,,,,,,0,0,3
03/06/2022 17:22:39,4.0,60 Km,-15.7,-74.58,,,,,,0,0,1
03/06/2022 04:07:48,4.2,109 Km,-19.27,-69.46,,,,,,0,0,0
03/06/2022 03:13:41,4.1,42 Km,-17.68,-70.88,TACNA,JORGE BASADRE,ITE,842.252395643569,3198.0,0,0,2
02/06/2022 23:46:07,4.0,18 Km,-12.26,-71.87,MADRE DE DIOS,MANU,MANU,8718.108137193523,2302.0,0,0,0
02/06/2022 22:09:17,3.7,59 Km,-13.23,-76.46,,,,,,0,0,0
02/06/2022 05:46:32,3.9,50 Km,-18.98,-70.44,,,,,,0,0,0
02/06/2022 02:08:07,4.0,105 Km,-18.34,-69.9,,,,,,0,0,0
02/06/2022 00:12:19,4.3,12 Km,-6.38,-76.93,SAN MARTIN,EL DORADO,SAN MARTIN,520.7247035073092,13645.0,0,0,0
01/06/2022 22:23:59,3.8,143 Km,-17.93,-70.07,TACNA,TACNA,PACHIA,615.055250132644,2304.0,0,0,1
31/05/2022 22:48:34,3.9,72 Km,-13.08,-76.33,LIMA,CAÑETE,NUEVO IMPERIAL,320.21240226950346,29934.0,9,1,4
31/05/2022 16:33:01,4.1,143 Km,-17.04,-70.92,MOQUEGUA,MARISCAL NIETO,TORATA,1776.5735886061047,6736.0,1,1,3
30/05/2022 19:55:42,3.9,37 Km,-4.73,-77.63,LORETO,DATEM DEL MARAÑON,MANSERICHE,3570.0437779945487,9506.0,0,0,0
30/05/2022 08:43:00,3.6,10 Km,-6.45,-76.99,SAN MARTIN,HUALLAGA,ALTO SAPOSOA,1378.6872798804302,5805.0,0,0,0
30/05/2022 06:40:44,4.0,12 Km,-16.36,-73.93,,,,,,0,0,0
30/05/2022 05:20:13,3.9,17 Km,-16.45,-73.97,,,,,,0,0,0
30/05/2022 02:04:18,4.9,48 Km,-12.74,-76.87,,,,,,0,0,0
29/05/2022 17:10:12,4.1,64 Km,-15.88,-74.12,AREQUIPA,CARAVELI,CHAPARRA,1501.5147884944192,3516.0,0,0,0
29/05/2022 04:05:32,4.0,34 Km,-10.05,-79.72,,,,,,0,0,0
28/05/2022 07:27:17,3.8,13 Km,-17.43,-69.92,TACNA,TARATA,TARATA,886.2480505659898,3578.0,0,0,0
28/05/2022 05:14:46,3.7,14 Km,-17.4,-69.88,TACNA,TARATA,TARATA,886.2480505659898,3578.0,0,0,0
26/05/2022 20:07:28,5.3,80 Km,-14.4,-75.89,ICA,ICA,OCUCAJE,1399.7877454209577,5448.0,0,0,0
26/05/2022 16:50:56,3.7,60 Km,-12.17,-77.18,,,,,,0,0,0
26/05/2022 07:02:18,6.9,240 Km,-14.8,-70.42,PUNO,AZANGARO,ASILLO,405.49555164778184,14258.0,0,0,2
25/05/2022 22:40:03,4.1,104 Km,-6.0863,-79.5251,LAMBAYEQUE,LAMBAYEQUE,SALAS,1075.8476519002481,13801.0,0,0,0
25/05/2022 11:05:38,4.3,26 Km,-8.7598,-74.6479,HUANUCO,PUERTO INCA,HONORIA,948.5424258598349,4637.0,0,0,0
24/05/2022 07:57:58,5.5,162 Km,-17.7018,-69.8159,,,,,,0,0,0
23/05/2022 00:11:40,3.7,11 Km,-10.1475,-75.6098,PASCO,OXAPAMPA,POZUZO,716.0790748858549,4174.0,0,0,0
22/05/2022 20:13:26,3.9,40 Km,-9.8285,-78.8959,,,,,,0,0,0
22/05/2022 19:11:49,4.2,50 Km,-18.8306,-70.2339,,,,,,0,0,0
22/05/2022 09:45:44,3.4,10 Km,-15.6282,-71.793,AREQUIPA,CAYLLOMA,LARI,389.8791194758872,813.0,3,0,1
21/05/2022 08:41:48,4.5,75 Km,-20.5751,-69.7935,,,,,,0,0,0
20/05/2022 01:01:11,3.4,44 Km,-12.4122,-77.0103,,,,,,0,0,0
19/05/2022 19:04:10,4.8,11 Km,-15.0045,-76.3941,,,,,,0,0,0
18/05/2022 06:27:08,4.6,134 Km,-18.0711,-69.9344,TACNA,TACNA,TACNA,1919.688086384588,106071.0,0,0,0
18/05/2022 01:42:32,3.9,28 Km,-9.79,-78.85,,,,,,0,0,0
17/05/2022 23:47:20,3.5,21 Km,-16.4321,-72.0095,AREQUIPA,AREQUIPA,VITOR,1534.435436497687,4915.0,3,0,2
17/05/2022 20:52:36,4.0,129 Km,-14.964,-72.0172,AREQUIPA,CASTILLA,CHACHAS,1197.603383152886,1579.0,0,0,0
16/05/2022 23:58:10,4.2,29 Km,-17.0414,-73.7188,,,,,,0,0,0
16/05/2022 23:45:21,4.5,134 Km,-6.766,-76.9594,SAN MARTIN,HUALLAGA,ALTO SAPOSOA,1378.6872798804302,5805.0,0,0,0
16/05/2022 08:33:41,4.1,36 Km,-17.7972,-73.0007,,,,,,0,0,0
16/05/2022 08:25:50,3.5,58 Km,-12.3278,-77.0075,,,,,,1,0,0
15/05/2022 23:01:30,3.6,22 Km,-16.4396,-71.9587,AREQUIPA,AREQUIPA,VITOR,1534.435436497687,4915.0,2,0,1
14/05/2022 20:12:44,3.8,41 Km,-16.1568,-73.5632,AREQUIPA,CARAVELI,ATICO,3093.302390518557,6271.0,1,0,1
14/05/2022 13:22:04,4.0,156 Km,-15.7368,-71.7679,AREQUIPA,CAYLLOMA,MACA,237.26286538445896,677.0,0,0,0
14/05/2022 04:04:26,3.6,53 Km,-12.4,-76.9424,,,,,,0,0,0
13/05/2022 23:32:45,4.0,12 Km,-15.6625,-72.1634,AREQUIPA,CAYLLOMA,HUAMBO,716.367191636351,649.0,0,0,2
12/05/2022 18:06:45,3.6,42 Km,-12.4395,-77.0071,,,,,,0,0,0
12/05/2022 16:55:47,5.5,41 Km,-12.4752,-77.0732,,,,,,0,0,0
12/05/2022 11:52:56,4.9,36 Km,-6.5176,-80.8533,,,,,,0,0,0
11/05/2022 08:40:17,4.6,41 Km,-15.06,-75.69,,,,,,0,0,0
10/05/2022 18:06:29,6.8,244 Km,-23.3971,-66.9807,,,,,,0,0,0
09/05/2022 21:18:32,4.5,97 Km,-17.6672,-70.4713,TACNA,TACNA,INCLAN,1441.5926674600812,2484.0,0,0,0
09/05/2022 17:24:56,4.6,91 Km,-13.2508,-74.8017,HUANCAVELICA,HUAYTARA,PILPICHACA,2177.7816332040456,2691.0,0,0,0
09/05/2022 17:10:48,4.7,17 Km,-8.3719,-81.1005,,,,,,0,0,0
08/05/2022 00:31:34,4.0,33 Km,-14.9197,-76.2103,,,,,,0,0,0
07/05/2022 02:26:28,4.2,11 Km,-15.7046,-71.9782,AREQUIPA,CAYLLOMA,CABANACONDE,462.305213456443,2059.0,1,0,1
06/05/2022 20:03:26,4.0,120 Km,-14.703,-73.7606,AYACUCHO,PARINACOCHAS,CORACORA,1387.9643170964926,13240.0,0,0,0
06/05/2022 09:02:12,4.0,135 Km,-14.8221,-71.7611,CUSCO,ESPINAR,COPORAQUE,1546.8259750700222,9055.0,0,0,0
05/05/2022 23:55:18,3.5,10 Km,-15.6159,-71.7557,AREQUIPA,CAYLLOMA,LARI,389.8791194758872,813.0,3,0,1
05/05/2022 23:53:19,4.3,123 Km,-8.5464,-75.7411,UCAYALI,PADRE ABAD,PADRE ABAD,3573.6205002163974,30297.0,0,0,0
05/05/2022 19:45:27,3.7,13 Km,-15.6987,-71.892,AREQUIPA,CAYLLOMA,CABANACONDE,462.305213456443,2059.0,2,0,1
05/05/2022 13:45:10,4.0,39 Km,-16.1948,-74.3685,,,,,,0,0,0
05/05/2022 07:38:25,3.7,48 Km,-18.9529,-69.9746,,,,,,0,0,0
05/05/2022 01:24:59,3.8,46 Km,-16.9685,-71.6144,AREQUIPA,ISLAY,COCACHACRA,1553.6412565678545,8284.0,0,0,0
04/05/2022 01:42:56,3.6,51 Km,-12.304,-77.0329,,,,,,0,0,0
03/05/2022 13:07:46,4.1,44 Km,-19.331,-70.5615,,,,,,0,0,0
02/05/2022 14:14:58,3.6,20 Km,-13.6369,-72.8109,APURIMAC,ABANCAY,ABANCAY,286.6981948838263,78681.0,3,2,7
30/04/2022 21:01:04,3.4,12 Km,-15.8933,-73.1428,AREQUIPA,CONDESUYOS,RIO GRANDE,533.0363827711938,3461.0,1,0,1
30/04/2022 17:21:40,3.4,20 Km,-13.5965,-72.6634,APURIMAC,ABANCAY,CURAHUASI,860.4410732722076,17128.0,2,1,0
29/04/2022 18:58:45,4.0,11 Km,-13.2565,-70.9792,CUSCO,QUISPICANCHI,CAMANTI,3376.4229833411614,2668.0,0,0,0
29/04/2022 16:56:52,4.4,108 Km,-15.4598,-73.036,AREQUIPA,LA UNION,TORO,526.1374531165801,476.0,0,0,0
28/04/2022 17:29:27,4.3,129 Km,-14.9706,-71.814,AREQUIPA,CAYLLOMA,CAYLLOMA,1508.33264590118,3659.0,0,0,0
28/04/2022 09:29:47,3.8,20 Km,-4.26,-77.6381,AMAZONAS,CONDORCANQUI,RIO SANTIAGO,8088.7469214223365,18696.0,0,0,0
28/04/2022 06:58:52,3.7,15 Km,-15.6362,-71.8099,AREQUIPA,CAYLLOMA,MACA,237.26286538445896,677.0,3,0,1
27/04/2022 21:31:52,3.8,13 Km,-15.6484,-71.8092,AREQUIPA,CAYLLOMA,MACA,237.26286538445896,677.0,3,0,1
27/04/2022 16:10:46,4.0,14 Km,-4.8092,-79.1891,,,,,,1,0,0
27/04/2022 06:00:21,3.6,24 Km,-16.7589,-71.7012,AREQUIPA,ISLAY,MOLLENDO,933.9830468783583,26843.0,0,0,0
26/04/2022 01:08:34,3.5,19 Km,-16.7559,-71.5975,AREQUIPA,ISLAY,COCACHACRA,1553.6412565678545,8284.0,0,0,0
25/04/2022 17:04:58,4.3,40 Km,-10.7248,-78.4034,,,,,,0,0,0
25/04/2022 09:58:57,3.6,11 Km,-16.4139,-73.4629,,,,,,0,0,0
24/04/2022 17:15:56,3.6,12 Km,-15.1,-70.98,PUNO,LAMPA,OCUVIRI,883.4141730944201,2276.0,0,0,0
23/04/2022 05:55:13,4.0,46 Km,-13.9859,-75.8778,ICA,ICA,SALAS,657.4482682832802,31666.0,0,0,2
23/04/2022 05:02:07,4.4,17 Km,-8.7566,-74.1706,UCAYALI,CORONEL PORTILLO,MASISEA,14703.963010097246,12030.0,0,0,0
22/04/2022 23:39:33,4.6,122 Km,-5.0306,-76.8611,LORETO,DATEM DEL MARAÑON,CAHUAPANAS,4785.702362475397,8052.0,0,0,0
22/04/2022 09:47:33,3.9,14 Km,-15.6698,-71.8081,AREQUIPA,CAYLLOMA,MACA,237.26286538445896,677.0,3,0,1
21/04/2022 19:08:50,3.9,29 Km,-8.2369,-79.7601,,,,,,0,0,0
21/04/2022 11:20:30,3.8,22 Km,-16.29,-74.43,,,,,,0,0,0
21/04/2022 00:30:13,4.0,33 Km,-16.0319,-74.5208,,,,,,0,0,0
20/04/2022 20:15:00,4.0,35 Km,-18.5585,-71.032,,,,,,0,0,0
20/04/2022 12:49:21,4.0,56 Km,-3.5963,-80.187,,,,,,4,0,1
19/04/2022 13:57:06,4.0,96 Km,-14.2239,-73.5159,APURIMAC,ANDAHUAYLAS,PAMPACHIRI,590.579052491935,2256.0,0,0,0
19/04/2022 05:12:24,4.2,16 Km,-14.7369,-76.2279,,,,,,0,0,0
19/04/2022 03:21:00,4.2,194 Km,-7.7207,-73.8724,UCAYALI,CORONEL PORTILLO,CALLERIA,11645.766871791395,177751.0,0,0,0
18/04/2022 10:13:36,3.6,129 Km,-15.2998,-72.4724,AREQUIPA,CONDESUYOS,CAYARANI,1394.7690432236327,3251.0,0,0,0
18/04/2022 06:11:20,3.6,9 Km,-15.6371,-71.799,AREQUIPA,CAYLLOMA,MACA,237.26286538445896,677.0,3,0,1
18/04/2022 01:13:57,3.6,45 Km,-11.7501,-77.6077,,,,,,0,0,0
17/04/2022 12:32:44,3.5,45 Km,-12.506,-76.7474,LIMA,CAÑETE,CHILCA,483.2526256283216,25335.0,2,1,1
17/04/2022 10:59:45,3.6,63 Km,-12.0155,-77.0941,CALLAO,CALLAO,CALLAO,50.06451495087998,528405.0,228,23,76
17/04/2022 08:58:06,3.5,17 Km,-17.5221,-70.4357,TACNA,TACNA,INCLAN,1441.5926674600812,2484.0,0,0,0
17/04/2022 01:34:25,3.9,9 Km,-15.6234,-71.7994,AREQUIPA,CAYLLOMA,LARI,389.8791194758872,813.0,3,0,1
16/04/2022 14:54:18,4.2,186 Km,-16.7328,-69.5706,PUNO,EL COLLAO,SANTA ROSA,2712.1339805846847,2882.0,0,0,0
16/04/2022 02:30:54,3.6,14 Km,-13.6595,-71.6579,CUSCO,QUISPICANCHI,ANDAHUAYLILLAS,85.8709451589807,7245.0,0,0,5
14/04/2022 12:51:37,4.9,135 Km,-7.7152,-76.2349,SAN MARTIN,BELLAVISTA,ALTO BIAVO,5956.58747119889,10136.0,0,0,0
13/04/2022 19:54:57,3.9,83 Km,-8.566,-78.8606,,,,,,0,0,0
13/04/2022 11:21:25,4.4,131 Km,-19.5766,-69.3045,,,,,,0,0,0
12/04/2022 22:42:38,4.3,124 Km,-18.7825,-69.7651,,,,,,0,0,0
12/04/2022 13:43:58,4.0,14 Km,-11.8334,-75.0944,JUNIN,CONCEPCION,COMAS,948.3694290679983,5002.0,0,0,0
12/04/2022 03:32:03,3.9,12 Km,-11.8447,-75.1024,JUNIN,HUANCAYO,QUILCAS,159.53332982447662,4105.0,0,0,0
12/04/2022 01:28:58,4.6,140 Km,-8.7893,-74.8963,UCAYALI,CORONEL PORTILLO,CAMPOVERDE,1324.6762309011792,20601.0,0,0,0
11/04/2022 14:44:53,4.4,49 Km,-19.18,-70.13,,,,,,0,0,0
11/04/2022 00:06:44,4.0,87 Km,-17.7881,-70.5386,TACNA,TACNA,INCLAN,1441.5926674600812,2484.0,0,1,2
10/04/2022 08:33:11,3.8,9 Km,-15.6304,-71.8095,AREQUIPA,CAYLLOMA,MACA,237.26286538445896,677.0,3,0,1
09/04/2022 22:37:20,4.0,15 Km,-11.8228,-75.1198,JUNIN,CONCEPCION,COMAS,948.3694290679983,5002.0,0,0,0
09/04/2022 22:04:03,4.9,13 Km,-11.829,-75.0907,JUNIN,CONCEPCION,COMAS,948.3694290679983,5002.0,0,0,0
09/04/2022 20:08:20,3.9,13 Km,-11.8256,-75.1219,JUNIN,CONCEPCION,COMAS,948.3694290679983,5002.0,0,0,0
08/04/2022 06:13:08,3.5,14 Km,-13.6428,-72.872,APURIMAC,ABANCAY,ABANCAY,286.6981948838263,78681.0,3,2,7
08/04/2022 00:50:20,3.4,9 Km,-15.5811,-71.7855,AREQUIPA,CAYLLOMA,LARI,389.8791194758872,813.0,3,0,1
07/04/2022 08:05:11,3.8,15 Km,-16.4212,-71.8281,AREQUIPA,AREQUIPA,LA JOYA,697.0067549969054,41181.0,3,0,2
07/04/2022 02:25:53,3.5,45 Km,-12.7347,-76.8661,,,,,,0,0,0
06/04/2022 22:30:42,5.3,94 Km,-13.3927,-75.4825,HUANCAVELICA,CASTROVIRREYNA,MOLLEPAMPA,170.50313443238431,1138.0,0,0,0
06/04/2022 13:09:22,3.9,42 Km,-5.0981,-80.4879,PIURA,PIURA,CASTILLA,656.8755004378735,193225.0,0,0,0
05/04/2022 23:52:40,3.8,16 Km,-16.7405,-71.3654,MOQUEGUA,GENERAL SANCHEZ CERRO,LA CAPILLA,781.3442385322384,467.0,0,0,0
05/04/2022 22:52:57,3.9,48 Km,-9.8136,-78.9114,,,,,,0,0,0
05/04/2022 09:11:21,4.4,49 Km,-16.4639,-72.7991,AREQUIPA,CAMANA,MARISCAL CACERES,593.4546388978915,6562.0,0,0,0
05/04/2022 02:38:42,3.9,10 Km,-8.6618,-77.8067,ANCASH,CORONGO,LA PAMPA,94.83428685597286,1044.0,1,0,0
04/04/2022 19:52:33,3.9,11 Km,-15.6165,-71.8147,AREQUIPA,CAYLLOMA,MADRIGAL,159.5505301877042,656.0,3,0,1
04/04/2022 04:12:45,4.4,107 Km,-7.7621,-74.5447,LORETO,UCAYALI,PADRE MARQUEZ,2434.9195833576787,3239.0,0,0,0
03/04/2022 19:12:44,4.0,215 Km,-16.8132,-69.602,PUNO,EL COLLAO,SANTA ROSA,2712.1339805846847,2882.0,0,0,0
03/04/2022 18:22:30,3.5,11 Km,-16.2356,-71.8547,AREQUIPA,AREQUIPA,YURA,1923.1678382491139,45585.0,0,0,0
03/04/2022 12:29:30,4.7,108 Km,-4.4144,-76.9487,LORETO,DATEM DEL MARAÑON,BARRANCA,7390.874928637884,16355.0,0,0,0
01/04/2022 03:58:04,3.8,10 Km,-5.8344,-78.5942,AMAZONAS,UTCUBAMBA,BAGUA GRANDE,729.4867024694034,58947.0,0,0,0
31/03/2022 23:05:21,4.6,37 Km,-10.455,-78.5824,,,,,,0,0,0
31/03/2022 22:21:38,3.5,18 Km,-13.6346,-72.869,APURIMAC,ABANCAY,ABANCAY,286.6981948838263,78681.0,3,2,7
31/03/2022 20:23:46,3.8,19 Km,-5.3528,-80.8856,PIURA,PIURA,LA UNION,321.4019978244722,45471.0,1,0,0
31/03/2022 16:54:38,4.7,132 Km,-5.9213,-76.955,SAN MARTIN,MOYOBAMBA,MOYOBAMBA,2699.074096293949,88059.0,0,0,0
30/03/2022 20:01:02,4.0,154 Km,-8.059,-74.5299,UCAYALI,CORONEL PORTILLO,CALLERIA,11645.766871791395,177751.0,0,0,0
30/03/2022 19:11:42,5.2,27 Km,-11.2874,-78.4102,,,,,,0,0,0
29/03/2022 20:14:57,3.6,11 Km,-4.3481,-79.6592,,,,,,0,0,0
29/03/2022 11:37:48,4.0,134 Km,-15.131,-71.77,AREQUIPA,CAYLLOMA,CAYLLOMA,1508.33264590118,3659.0,1,0,1
29/03/2022 09:53:20,4.5,9 Km,-13.6419,-72.8453,APURIMAC,ABANCAY,ABANCAY,286.6981948838263,78681.0,3,2,7
29/03/2022 05:12:02,3.4,15 Km,-15.5925,-71.7912,AREQUIPA,CAYLLOMA,LARI,389.8791194758872,813.0,3,0,1
29/03/2022 04:24:49,3.7,63 Km,-5.23,-80.24,PIURA,MORROPON,CHULUCANAS,841.510100180599,91141.0,1,0,1
29/03/2022 01:31:46,3.5,45 Km,-12.5341,-77.0668,,,,,,0,0,0
28/03/2022 21:51:44,3.9,62 Km,-15.2196,-75.0554,ICA,NASCA,MARCONA,1943.8301700860184,19194.0,0,0,0
28/03/2022 07:26:41,3.9,71 Km,-16.3969,-72.4658,AREQUIPA,CAYLLOMA,MAJES,1648.4337671085377,74846.0,0,0,0
28/03/2022 01:54:18,3.6,47 Km,-11.997,-77.336,,,,,,0,0,0
27/03/2022 23:47:13,3.8,51 Km,-12.3102,-77.0758,,,,,,0,0,0
27/03/2022 03:32:54,4.0,111 Km,-7.1667,-75.5573,LORETO,UCAYALI,PAMPA HERMOSA,7471.991314098033,6078.0,0,0,0
26/03/2022 18:25:39,4.4,140 Km,-8.3681,-75.0007,UCAYALI,CORONEL PORTILLO,CAMPOVERDE,1324.6762309011792,20601.0,0,0,0
26/03/2022 10:15:41,4.0,10 Km,-12.1443,-73.173,CUSCO,LA CONVENCION,MEGANTONI,10713.82473732827,7427.0,0,0,0
25/03/2022 18:51:44,3.9,37 Km,-11.4335,-77.7927,,,,,,0,0,0
24/03/2022 22:01:28,3.6,11 Km,-15.684,-71.8316,AREQUIPA,CAYLLOMA,MACA,237.26286538445896,677.0,3,0,1
24/03/2022 19:56:23,5.1,141 Km,-15.6827,-71.8568,AREQUIPA,CAYLLOMA,CABANACONDE,462.305213456443,2059.0,3,0,1
24/03/2022 14:06:10,4.0,30 Km,-14.5789,-76.2395,,,,,,0,0,0
24/03/2022 00:23:58,3.9,6 Km,-15.6633,-71.8321,AREQUIPA,CAYLLOMA,CABANACONDE,462.305213456443,2059.0,3,0,1
23/03/2022 16:06:07,4.2,22 Km,-8.7603,-80.2026,,,,,,0,0,0
23/03/2022 10:30:24,3.7,26 Km,-7.1136,-80.1338,,,,,,0,0,0
22/03/2022 17:51:25,4.8,30 Km,-8.3152,-80.1513,,,,,,0,0,0
21/03/2022 08:55:17,3.6,7 Km,-15.6682,-71.8075,AREQUIPA,CAYLLOMA,MACA,237.26286538445896,677.0,3,0,1
21/03/2022 00:49:41,3.8,29 Km,-16.7665,-72.3626,,,,,,0,0,1
20/03/2022 09:39:47,4.5,17 Km,-13.5292,-70.5638,CUSCO,QUISPICANCHI,CAMANTI,3376.4229833411614,2668.0,0,0,0
20/03/2022 07:29:04,3.6,13 Km,-15.6664,-71.8059,AREQUIPA,CAYLLOMA,MACA,237.26286538445896,677.0,3,0,1
19/03/2022 21:24:04,3.5,10 Km,-15.611,-71.7859,AREQUIPA,CAYLLOMA,LARI,389.8791194758872,813.0,3,0,1
18/03/2022 20:52:39,4.0,12 Km,-15.6318,-71.8039,AREQUIPA,CAYLLOMA,MACA,237.26286538445896,677.0,3,0,1
18/03/2022 06:32:23,4.0,123 Km,-17.05,-70.9391,MOQUEGUA,MARISCAL NIETO,TORATA,1776.5735886061047,6736.0,1,0,2
18/03/2022 06:29:27,3.6,11 Km,-15.6258,-71.7964,AREQUIPA,CAYLLOMA,LARI,389.8791194758872,813.0,3,0,1
18/03/2022 04:59:04,3.4,11 Km,-15.6762,-71.8386,AREQUIPA,CAYLLOMA,CABANACONDE,462.305213456443,2059.0,3,0,1
18/03/2022 04:27:49,3.8,45 Km,-18.4861,-70.1111,,,,,,0,0,0
17/03/2022 21:37:44,3.3,12 Km,-15.6567,-71.8247,AREQUIPA,CAYLLOMA,CABANACONDE,462.305213456443,2059.0,3,0,1
17/03/2022 19:22:11,3.6,10 Km,-15.6295,-71.8038,AREQUIPA,CAYLLOMA,MACA,237.26286538445896,677.0,3,0,1
17/03/2022 15:45:18,3.6,9 Km,-15.6483,-71.8149,AREQUIPA,CAYLLOMA,MACA,237.26286538445896,677.0,3,0,1
17/03/2022 13:07:13,4.1,10 Km,-15.6574,-71.8035,AREQUIPA,CAYLLOMA,MACA,237.26286538445896,677.0,3,0,1
17/03/2022 08:36:40,3.5,11 Km,-15.68,-71.81,AREQUIPA,CAYLLOMA,MACA,237.26286538445896,677.0,3,0,1
17/03/2022 04:38:37,4.0,10 Km,-15.7038,-71.8707,AREQUIPA,CAYLLOMA,CABANACONDE,462.305213456443,2059.0,1,0,0
17/03/2022 03:05:13,3.7,10 Km,-15.6782,-71.8644,AREQUIPA,CAYLLOMA,CABANACONDE,462.305213456443,2059.0,2,0,1
17/03/2022 02:54:45,4.1,82 Km,-14.1669,-72.7831,APURIMAC,GRAU,CHUQUIBAMBILLA,425.67644790129685,5036.0,0,0,1
16/03/2022 22:52:44,4.0,116 Km,-13.663,-75.2303,HUANCAVELICA,HUAYTARA,TAMBO,227.44354168796127,862.0,0,0,0
16/03/2022 15:32:31,3.7,14 Km,-15.7153,-71.8556,AREQUIPA,CAYLLOMA,CABANACONDE,462.305213456443,2059.0,0,0,0
16/03/2022 12:22:32,3.4,15 Km,-15.6357,-71.802,AREQUIPA,CAYLLOMA,MACA,237.26286538445896,677.0,3,0,1
16/03/2022 06:41:14,3.6,14 Km,-15.6398,-71.7944,AREQUIPA,CAYLLOMA,MACA,237.26286538445896,677.0,3,0,1
16/03/2022 06:37:50,3.5,14 Km,-15.6587,-71.8302,AREQUIPA,CAYLLOMA,CABANACONDE,462.305213456443,2059.0,3,0,1
16/03/2022 03:45:59,3.6,13 Km,-15.6811,-71.842,AREQUIPA,CAYLLOMA,CABANACONDE,462.305213456443,2059.0,3,0,1
16/03/2022 03:17:51,3.7,11 Km,-15.6733,-71.8308,AREQUIPA,CAYLLOMA,CABANACONDE,462.305213456443,2059.0,3,0,1
16/03/2022 01:45:42,3.6,13 Km,-15.7009,-71.8463,AREQUIPA,CAYLLOMA,CABANACONDE,462.305213456443,2059.0,2,0,0
16/03/2022 01:06:32,5.5,12 Km,-15.6871,-71.8179,AREQUIPA,CAYLLOMA,MACA,237.26286538445896,677.0,3,0,1
15/03/2022 23:54:00,4.3,11 Km,-15.6272,-71.8059,AREQUIPA,CAYLLOMA,MACA,237.26286538445896,677.0,3,0,1
15/03/2022 23:51:11,4.1,12 Km,-15.6078,-71.8016,AREQUIPA,CAYLLOMA,MADRIGAL,159.5505301877042,656.0,3,0,1
15/03/2022 13:54:28,3.5,14 Km,-15.66,-71.81,AREQUIPA,CAYLLOMA,MACA,237.26286538445896,677.0,3,0,1
15/03/2022 12:37:54,3.9,52 Km,-18.583,-70.4697,,,,,,0,0,0
15/03/2022 12:09:46,3.6,9 Km,-15.6622,-71.8137,AREQUIPA,CAYLLOMA,MACA,237.26286538445896,677.0,3,0,1
15/03/2022 10:03:35,3.2,15 Km,-15.6675,-71.7877,AREQUIPA,CAYLLOMA,MACA,237.26286538445896,677.0,3,0,1
15/03/2022 08:49:56,3.4,13 Km,-15.6214,-71.823,AREQUIPA,CAYLLOMA,CABANACONDE,462.305213456443,2059.0,3,0,1
15/03/2022 07:19:06,3.4,8 Km,-15.6239,-71.8017,AREQUIPA,CAYLLOMA,LARI,389.8791194758872,813.0,3,0,1
15/03/2022 06:58:06,3.5,9 Km,-15.6287,-71.8067,AREQUIPA,CAYLLOMA,MACA,237.26286538445896,677.0,3,0,1
15/03/2022 06:17:00,4.0,100 Km,-11.428,-76.9015,LIMA,HUARAL,SUMBILCA,236.9053448168327,658.0,0,0,0
15/03/2022 06:07:40,3.7,7 Km,-15.6315,-71.814,AREQUIPA,CAYLLOMA,MACA,237.26286538445896,677.0,3,0,1
15/03/2022 06:00:16,3.4,8 Km,-15.6792,-71.72,AREQUIPA,CAYLLOMA,ACHOMA,366.1901216924418,815.0,2,0,1
15/03/2022 05:33:02,3.5,8 Km,-15.6566,-71.8045,AREQUIPA,CAYLLOMA,MACA,237.26286538445896,677.0,3,0,1
15/03/2022 05:20:04,4.7,9 Km,-15.655,-71.8051,AREQUIPA,CAYLLOMA,MACA,237.26286538445896,677.0,3,0,1
15/03/2022 00:44:23,3.7,7 Km,-15.679,-71.859,AREQUIPA,CAYLLOMA,CABANACONDE,462.305213456443,2059.0,3,0,1
14/03/2022 12:53:06,3.7,12 Km,-15.6291,-71.8109,AREQUIPA,CAYLLOMA,MACA,237.26286538445896,677.0,3,0,1
13/03/2022 14:14:00,4.1,91 Km,-13.6815,-74.9347,HUANCAVELICA,HUAYTARA,SANTIAGO DE CHOCORVOS,1019.5879610359309,1381.0,0,0,0
13/03/2022 06:47:25,4.0,33 Km,-6.1228,-80.6695,PIURA,SECHURA,SECHURA,5677.977347816637,53899.0,0,0,0
12/03/2022 09:30:33,4.1,233 Km,-15.5127,-70.3556,PUNO,LAMPA,CABANILLA,386.777586490619,5992.0,0,0,0
12/03/2022 08:41:38,4.0,35 Km,-12.8679,-76.9293,,,,,,0,0,0
11/03/2022 21:54:01,3.7,61 Km,-12.2412,-77.1142,,,,,,6,2,1
11/03/2022 15:02:27,4.9,160 Km,-8.3521,-74.2103,UCAYALI,CORONEL PORTILLO,CALLERIA,11645.766871791395,177751.0,0,0,0
11/03/2022 00:59:21,3.8,21 Km,-10.354,-75.5949,PASCO,OXAPAMPA,HUANCABAMBA,1134.2161266660814,7123.0,0,0,1
09/03/2022 13:18:14,5.0,35 Km,-14.3238,-76.4696,,,,,,0,0,0
07/03/2022 23:30:57,3.6,62 Km,-11.8633,-77.4653,,,,,,0,0,0
07/03/2022 15:12:45,4.2,13 Km,-5.7289,-78.6816,CAJAMARCA,JAEN,BELLAVISTA,869.4847753804847,16464.0,0,0,1
06/03/2022 23:02:25,4.1,92 Km,-14.7311,-74.7977,AYACUCHO,LUCANAS,LEONCIO PRADO,1109.8211190105028,1045.0,0,0,0
06/03/2022 20:54:14,4.2,127 Km,-15.294,-72.4592,AREQUIPA,CONDESUYOS,CAYARANI,1394.7690432236327,3251.0,0,0,0
06/03/2022 18:21:35,3.5,62 Km,-12.3991,-76.5683,LIMA,CAÑETE,CHILCA,483.2526256283216,25335.0,0,0,0
06/03/2022 18:01:03,3.8,163 Km,-17.7702,-69.6021,,,,,,0,0,0
05/03/2022 02:45:27,5.6,144 Km,-10.5489,-74.2725,PASCO,OXAPAMPA,PUERTO BERMUDEZ,7672.2762987020205,22387.0,0,0,0
04/03/2022 07:48:15,3.8,36 Km,-17.261,-71.8074,,,,,,1,0,1
03/03/2022 21:54:53,3.7,14 Km,-16.3875,-72.0156,AREQUIPA,AREQUIPA,VITOR,1534.435436497687,4915.0,2,0,1
03/03/2022 14:17:48,5.0,178 Km,-17.0703,-70.1007,TACNA,CANDARAVE,CANDARAVE,1389.0982243705678,2343.0,0,0,0
03/03/2022 02:36:27,3.5,15 Km,-15.7338,-72.0064,AREQUIPA,CAYLLOMA,CABANACONDE,462.305213456443,2059.0,0,0,0
02/03/2022 18:32:15,3.9,10 Km,-15.7431,-71.9966,AREQUIPA,CAYLLOMA,CABANACONDE,462.305213456443,2059.0,0,0,0
02/03/2022 09:38:50,4.2,68 Km,-13.9863,-76.0334,ICA,PISCO,PARACAS,1425.1806077941,10082.0,0,0,0
02/03/2022 06:11:15,4.2,28 Km,-5.8628,-81.4265,,,,,,0,0,0
02/03/2022 02:14:27,4.0,91 Km,-10.8132,-77.5275,LIMA,BARRANCA,SUPE,519.7188011253938,26709.0,0,0,0
02/03/2022 01:26:06,4.0,124 Km,-18.7276,-69.7726,,,,,,0,0,0
01/03/2022 23:16:47,4.5,20 Km,-14.277,-76.5162,,,,,,0,0,0
01/03/2022 20:03:00,3.9,28 Km,-10.6789,-78.3835,,,,,,0,0,0
01/03/2022 15:54:04,4.3,51 Km,-8.9846,-79.32,,,,,,0,0,0
01/03/2022 13:31:14,3.8,10 Km,-15.728,-72.2027,AREQUIPA,CAYLLOMA,HUAMBO,716.367191636351,649.0,0,0,0
28/02/2022 18:18:40,4.0,36 Km,-6.2775,-75.9521,SAN MARTIN,SAN MARTIN,EL PORVENIR,489.3106785861711,2615.0,0,0,0
27/02/2022 16:15:50,3.7,23 Km,-16.4289,-71.6739,AREQUIPA,AREQUIPA,UCHUMAYO,271.1145028615976,17404.0,4,0,3
27/02/2022 06:47:21,3.6,65 Km,-17.7971,-71.2344,,,,,,0,0,0
26/02/2022 17:55:33,3.5,13 Km,-15.7008,-71.7563,AREQUIPA,CAYLLOMA,MACA,237.26286538445896,677.0,2,0,0
26/02/2022 16:07:15,3.7,17 Km,-17.726,-70.3835,TACNA,TACNA,INCLAN,1441.5926674600812,2484.0,0,0,0
25/02/2022 07:36:10,3.8,50 Km,-12.6964,-76.7185,,,,,,2,1,1
24/02/2022 22:55:08,4.2,16 Km,-5.8467,-77.2012,SAN MARTIN,MOYOBAMBA,MOYOBAMBA,2699.074096293949,88059.0,0,0,0
24/02/2022 18:36:44,4.2,39 Km,-16.2726,-73.8124,,,,,,0,0,0
24/02/2022 11:44:41,3.8,68 Km,-9.22,-78.8746,,,,,,0,0,0
23/02/2022 17:26:27,3.6,7 Km,-15.672,-71.8217,AREQUIPA,CAYLLOMA,MACA,237.26286538445896,677.0,3,0,1
23/02/2022 04:00:28,3.9,31 Km,-13.1248,-76.9186,,,,,,0,0,0
22/02/2022 14:37:37,3.7,13 Km,-5.8853,-77.2574,SAN MARTIN,RIOJA,SAN FERNANDO,69.17108092018024,3660.0,1,1,0
22/02/2022 04:32:45,4.1,139 Km,-15.043,-71.9469,AREQUIPA,CAYLLOMA,CAYLLOMA,1508.33264590118,3659.0,0,0,0
22/02/2022 01:30:49,3.8,75 Km,-8.6328,-78.8795,,,,,,0,0,0
21/02/2022 19:57:29,4.3,26 Km,-6.5662,-80.9815,,,,,,0,0,0
20/02/2022 18:24:27,4.2,40 Km,-18.5038,-71.4197,,,,,,0,0,0
20/02/2022 15:07:34,3.6,12 Km,-15.6723,-71.8083,AREQUIPA,CAYLLOMA,MACA,237.26286538445896,677.0,3,0,1
20/02/2022 06:58:19,5.2,30 Km,-18.492,-71.3559,,,,,,0,0,0
19/02/2022 22:09:44,4.0,29 Km,-5.875,-81.0722,PIURA,SECHURA,SECHURA,5677.977347816637,53899.0,2,0,1
19/02/2022 16:29:42,3.4,45 Km,-12.7476,-76.8906,,,,,,0,0,0
19/02/2022 06:01:40,3.4,44 Km,-11.5236,-77.2003,LIMA,HUARAL,HUARAL,645.6003902230783,108647.0,5,2,3
18/02/2022 21:15:09,4.0,29 Km,-17.2397,-72.7165,,,,,,0,0,0
17/02/2022 23:58:30,4.2,55 Km,-14.3526,-75.7889,ICA,ICA,OCUCAJE,1399.7877454209577,5448.0,0,0,0
17/02/2022 18:42:55,3.6,64 Km,-4.814,-80.2427,PIURA,PIURA,TAMBO GRANDE,1496.1400593696376,128004.0,0,0,1
17/02/2022 13:01:57,4.0,107 Km,-14.28,-74.42,AYACUCHO,LUCANAS,SAN PEDRO DE PALCO,520.0889479235176,841.0,0,0,0
16/02/2022 21:27:47,3.6,36 Km,-11.7153,-77.6718,,,,,,0,0,0
16/02/2022 01:08:03,4.0,56 Km,-19.2538,-70.1278,,,,,,0,0,0
13/02/2022 15:40:45,4.0,22 Km,-5.9164,-76.9966,SAN MARTIN,MOYOBAMBA,MOYOBAMBA,2699.074096293949,88059.0,0,0,0
12/02/2022 01:56:48,4.0,37 Km,-18.7753,-70.3689,,,,,,0,0,0
11/02/2022 09:01:20,3.9,43 Km,-13.7895,-76.131,ICA,PISCO,SAN ANDRES,232.40235541071777,16471.0,9,2,4
11/02/2022 03:11:33,4.1,126 Km,-10.7021,-75.6345,PASCO,PASCO,HUACHON,828.1891350766925,4557.0,0,0,0
10/02/2022 02:38:56,3.7,10 Km,-15.2159,-70.9652,CUSCO,ESPINAR,CONDOROMA,517.0746687707144,839.0,0,0,0
09/02/2022 13:43:20,3.7,19 Km,-5.9471,-77.26,SAN MARTIN,RIOJA,YURACYACU,62.10182436894046,3724.0,1,1,0
09/02/2022 09:30:35,5.1,31 Km,-16.0334,-74.4696,,,,,,0,0,0
07/02/2022 02:43:54,4.2,48 Km,-9.5011,-79.213,,,,,,0,0,0
05/02/2022 05:04:38,4.3,51 Km,-10.857,-77.8225,,,,,,1,0,1
05/02/2022 02:15:42,3.7,71 Km,-11.9752,-77.0739,LIMA,LIMA,LOS OLIVOS,18.209407033365594,358910.0,206,18,76
04/02/2022 21:36:47,3.8,48 Km,-12.7464,-76.8934,,,,,,0,0,0
04/02/2022 07:03:58,3.9,36 Km,-4.9462,-80.7941,PIURA,SULLANA,MIGUEL CHECA,480.8689150982453,10587.0,7,1,3
03/02/2022 10:58:56,6.8,102 Km,-4.4349,-76.9517,LORETO,DATEM DEL MARAÑON,BARRANCA,7390.874928637884,16355.0,0,0,0
03/02/2022 02:02:27,4.5,96 Km,-3.764,-79.7525,,,,,,1,1,0
03/02/2022 02:00:42,4.0,42 Km,-8.7692,-79.3971,,,,,,0,0,0
02/02/2022 17:16:28,4.8,47 Km,-10.8136,-78.5286,,,,,,0,0,0
02/02/2022 14:28:46,4.6,122 Km,-7.9904,-74.4022,UCAYALI,CORONEL PORTILLO,CALLERIA,11645.766871791395,177751.0,0,0,0
02/02/2022 13:31:19,3.6,35 Km,-4.9316,-80.7571,PIURA,SULLANA,MIGUEL CHECA,480.8689150982453,10587.0,17,3,8
01/02/2022 23:43:56,3.7,29 Km,-4.8764,-80.837,PIURA,SULLANA,IGNACIO ESCUDERO,189.67792824819392,22210.0,6,0,2
01/02/2022 17:27:21,3.7,42 Km,-12.5944,-76.9704,,,,,,0,0,0
01/02/2022 14:01:16,4.5,48 Km,-15.2801,-75.3842,,,,,,0,0,0
31/01/2022 21:26:30,3.8,46 Km,-12.6395,-76.7895,,,,,,0,0,0
31/01/2022 01:48:12,4.0,29 Km,-11.1677,-73.383,UCAYALI,ATALAYA,SEPAHUA,7737.011857838997,8510.0,0,0,0
30/01/2022 21:05:15,4.0,132 Km,-11.46,-76.37,JUNIN,YAULI,MARCAPOMACOCHA,883.3270768531785,730.0,0,0,0
30/01/2022 19:08:17,5.0,114 Km,-14.9245,-73.9447,AYACUCHO,LUCANAS,CHAVIÑA,366.77632716591086,2279.0,0,0,0
30/01/2022 09:06:05,4.3,47 Km,-12.7673,-76.9805,,,,,,0,0,0
29/01/2022 17:37:41,4.4,139 Km,-7.9454,-74.549,UCAYALI,CORONEL PORTILLO,CALLERIA,11645.766871791395,177751.0,0,0,0
29/01/2022 16:18:19,4.2,25 Km,-9.4147,-75.4734,HUANUCO,PUERTO INCA,CODO DEL POZUZO,3221.2599690701472,8532.0,0,0,0
29/01/2022 15:04:53,4.1,32 Km,-5.5676,-80.921,,,,,,0,0,0
28/01/2022 08:43:27,5.0,124 Km,-18.811,-69.7297,,,,,,0,0,0
27/01/2022 19:31:25,5.5,109 Km,-19.276,-69.7501,,,,,,0,0,0
27/01/2022 09:21:00,4.5,126 Km,-10.8968,-73.8053,JUNIN,SATIPO,RIO TAMBO,10209.912281380044,29138.0,0,0,0
26/01/2022 15:47:51,4.2,52 Km,-14.8514,-75.5255,ICA,ICA,SANTIAGO,2767.922689745546,32245.0,0,0,0
26/01/2022 09:54:53,4.1,74 Km,-18.8399,-70.1077,,,,,,0,0,0
26/01/2022 00:30:35,3.6,56 Km,-13.2746,-76.5149,,,,,,0,0,0
25/01/2022 13:47:45,4.1,119 Km,-8.3557,-74.1167,UCAYALI,CORONEL PORTILLO,CALLERIA,11645.766871791395,177751.0,0,0,0
25/01/2022 05:19:07,4.3,10 Km,-10.5943,-80.538,,,,,,0,0,0
24/01/2022 11:37:06,4.3,102 Km,-16.068,-72.8268,AREQUIPA,CONDESUYOS,CHUQUIBAMBA,1186.5351513834737,3336.0,0,0,0
24/01/2022 07:17:51,4.0,27 Km,-5.3387,-78.8041,CAJAMARCA,SAN IGNACIO,CHIRINOS,357.11574336848486,16246.0,0,0,0
23/01/2022 21:16:26,3.2,55 Km,-12.3007,-76.8936,,,,,,14,3,7
23/01/2022 16:33:49,3.9,13 Km,-14.2191,-70.7336,PUNO,MELGAR,NUÑOA,2210.948522015652,7921.0,0,0,0
23/01/2022 06:13:09,4.2,72 Km,-9.3323,-78.9565,,,,,,0,0,0
22/01/2022 23:12:29,3.9,13 Km,-14.2194,-70.7277,PUNO,MELGAR,NUÑOA,2210.948522015652,7921.0,0,0,0
22/01/2022 19:17:06,3.7,15 Km,-14.2088,-70.7514,PUNO,MELGAR,NUÑOA,2210.948522015652,7921.0,0,0,0
22/01/2022 02:23:32,4.9,63 Km,-14.5845,-75.7354,ICA,ICA,OCUCAJE,1399.7877454209577,5448.0,0,0,0
21/01/2022 22:55:48,3.9,10 Km,-14.2363,-70.7162,PUNO,MELGAR,NUÑOA,2210.948522015652,7921.0,0,0,0
20/01/2022 22:42:59,4.0,154 Km,-8.2174,-74.2338,UCAYALI,CORONEL PORTILLO,CALLERIA,11645.766871791395,177751.0,0,0,0
20/01/2022 05:45:57,4.2,84 Km,-5.1217,-80.1891,PIURA,MORROPON,CHULUCANAS,841.510100180599,91141.0,7,1,3
20/01/2022 01:32:21,4.7,68 Km,-9.8578,-75.0198,PASCO,OXAPAMPA,CONSTITUCION,3050.8103885859873,17961.0,0,0,1
19/01/2022 06:17:22,4.1,34 Km,-7.3104,-75.7099,LORETO,UCAYALI,PAMPA HERMOSA,7471.991314098033,6078.0,0,0,0
19/01/2022 03:06:27,3.9,14 Km,-8.6808,-77.827,ANCASH,HUAYLAS,YURACMARCA,548.0217277388721,2239.0,0,0,0
18/01/2022 18:46:03,4.0,104 Km,-4.5235,-77.0388,LORETO,DATEM DEL MARAÑON,BARRANCA,7390.874928637884,16355.0,0,0,0
18/01/2022 09:45:54,4.0,32 Km,-18.4496,-70.9152,,,,,,0,0,0
18/01/2022 04:02:47,4.1,100 Km,-17.661,-70.517,TACNA,TACNA,INCLAN,1441.5926674600812,2484.0,0,0,0
18/01/2022 01:02:43,3.7,23 Km,-5.33,-78.82,CAJAMARCA,SAN IGNACIO,CHIRINOS,357.11574336848486,16246.0,0,0,1
17/01/2022 23:31:33,4.0,152 Km,-7.636,-76.3461,SAN MARTIN,BELLAVISTA,ALTO BIAVO,5956.58747119889,10136.0,0,0,0
17/01/2022 19:56:11,3.6,54 Km,-11.8141,-77.6579,,,,,,0,0,0
16/01/2022 11:36:46,4.2,136 Km,-15.1846,-71.9464,AREQUIPA,CASTILLA,CHOCO,904.4432006779886,618.0,0,0,0
15/01/2022 18:28:49,3.5,22 Km,-11.5123,-76.662,LIMA,CANTA,CANTA,134.1634734564115,2222.0,1,0,1
15/01/2022 16:54:18,4.0,171 Km,-17.6609,-69.6297,,,,,,1,0,0
13/01/2022 02:53:50,3.8,32 Km,-9.8137,-78.8227,,,,,,0,0,0
12/01/2022 19:06:58,3.6,15 Km,-14.1468,-71.4308,CUSCO,CANCHIS,TINTA,82.83928747477704,5462.0,1,0,5
12/01/2022 06:04:58,3.4,10 Km,-15.3716,-70.9382,PUNO,LAMPA,SANTA LUCIA,1595.2796984668987,7279.0,0,0,0
10/01/2022 23:27:13,3.9,63 Km,-8.9584,-78.7968,,,,,,0,0,0
10/01/2022 21:24:58,3.7,10 Km,-15.7957,-71.9348,AREQUIPA,CAYLLOMA,LLUTA,1228.7528929408177,687.0,0,0,0
10/01/2022 05:34:50,3.7,22 Km,-8.9708,-78.1262,ANCASH,SANTA,CACERES DEL PERU,529.2430043784253,4736.0,0,0,0
08/01/2022 18:36:00,3.7,13 Km,-11.3023,-74.6381,JUNIN,SATIPO,COVIRIALI,97.5406303928961,6711.0,1,1,0
08/01/2022 16:20:49,3.9,35 Km,-16.7972,-71.8499,AREQUIPA,ISLAY,MOLLENDO,933.9830468783583,26843.0,0,0,0
08/01/2022 11:47:10,3.9,36 Km,-12.7642,-76.8848,,,,,,0,0,0
08/01/2022 02:54:31,3.7,46 Km,-12.7787,-76.9083,,,,,,0,0,0
07/01/2022 21:13:09,3.7,16 Km,-17.4917,-69.8353,TACNA,TACNA,PALCA,1462.9568465577868,2384.0,0,0,0
07/01/2022 07:48:30,3.5,12 Km,-17.4972,-69.8482,TACNA,TACNA,PALCA,1462.9568465577868,2384.0,0,0,0
07/01/2022 05:27:05,5.6,105 Km,-11.9721,-76.8429,LIMA,LIMA,LURIGANCHO,245.57228324373938,302599.0,26,1,4
07/01/2022 02:48:41,4.0,139 Km,-4.7117,-76.9259,LORETO,DATEM DEL MARAÑON,BARRANCA,7390.874928637884,16355.0,0,0,0
07/01/2022 01:04:43,4.4,12 Km,-17.5233,-69.8723,TACNA,TARATA,ESTIQUE,296.91164005571846,218.0,0,0,0
06/01/2022 22:04:03,3.5,44 Km,-12.8041,-76.9879,,,,,,0,0,0
06/01/2022 16:24:08,4.0,108 Km,-11.4047,-76.3428,JUNIN,YAULI,MARCAPOMACOCHA,883.3270768531785,730.0,0,0,0
06/01/2022 10:35:56,4.0,39 Km,-5.6698,-77.2732,SAN MARTIN,MOYOBAMBA,MOYOBAMBA,2699.074096293949,88059.0,0,0,0
06/01/2022 10:19:25,3.7,19 Km,-9.5565,-75.5176,HUANUCO,PUERTO INCA,CODO DEL POZUZO,3221.2599690701472,8532.0,0,0,0
05/01/2022 10:26:04,4.1,56 Km,-4.7025,-80.3146,PIURA,PIURA,LAS LOMAS,556.8358126332955,29345.0,1,0,2
04/01/2022 22:32:53,4.0,22 Km,-12.6327,-77.2495,,,,,,0,0,0
03/01/2022 22:09:49,4.1,22 Km,-4.9246,-81.0421,PIURA,PAITA,COLAN,123.71602887640522,17379.0,6,0,6
03/01/2022 20:38:06,3.6,17 Km,-8.6863,-77.8341,ANCASH,HUAYLAS,YURACMARCA,548.0217277388721,2239.0,0,0,0
02/01/2022 23:20:19,4.0,31 Km,-5.8466,-80.8432,PIURA,SECHURA,SECHURA,5677.977347816637,53899.0,2,0,0
02/01/2022 20:51:38,4.3,97 Km,-12.7803,-73.6406,AYACUCHO,LA MAR,SAMUGARI,267.5313738454455,9020.0,0,0,0
02/01/2022 20:20:33,4.1,27 Km,-9.6246,-79.5228,,,,,,0,0,0
01/01/2022 12:04:52,4.2,24 Km,-4.939,-81.1582,,,,,,1,0,1
01/01/2022 10:26:36,3.8,25 Km,-4.8673,-80.7908,PIURA,SULLANA,MARCAVELICA,1662.4805053918735,33129.0,10,1,4
31/12/2021 21:34:08,3.8,10 Km,-15.6474,-71.8074,AREQUIPA,CAYLLOMA,MACA,237.26286538445896,683.0,3,0,1
31/12/2021 12:54:16,4.0,38 Km,-4.2185,-80.5715,PIURA,SULLANA,LANCONES,2153.5395627277157,13333.0,0,0,0
31/12/2021 12:17:59,4.5,127 Km,-5.5762,-76.3891,LORETO,ALTO AMAZONAS,BALSAPUERTO,3003.7284807880064,17190.0,0,0,0
31/12/2021 11:56:08,3.9,42 Km,-14.9097,-75.3355,ICA,NASCA,CHANGUILLO,954.7194269304609,2214.0,0,0,0
31/12/2021 10:35:29,4.6,140 Km,-8.0493,-74.458,UCAYALI,CORONEL PORTILLO,CALLERIA,11645.766871791395,174981.0,0,0,0
31/12/2021 10:04:17,3.7,33 Km,-12.6706,-76.9744,,,,,,0,0,0
31/12/2021 07:47:47,3.8,37 Km,-5.8173,-77.204,SAN MARTIN,MOYOBAMBA,MOYOBAMBA,2699.074096293949,86774.0,0,0,0
30/12/2021 21:33:12,4.0,21 Km,-9.486,-75.5815,HUANUCO,PUERTO INCA,CODO DEL POZUZO,3221.2599690701472,8400.0,0,0,0
30/12/2021 20:30:50,3.9,33 Km,-5.4455,-80.9701,,,,,,0,0,0
29/12/2021 21:31:21,3.4,12 Km,-10.6212,-76.1615,PASCO,PASCO,YANACANCHA,157.68846434418293,31225.0,2,0,1
29/12/2021 03:12:06,4.3,35 Km,-7.9554,-75.5877,LORETO,UCAYALI,CONTAMANA,11003.035429161104,28648.0,0,0,0
26/12/2021 08:35:22,3.8,42 Km,-7.5669,-79.7603,,,,,,0,0,0
24/12/2021 21:25:48,4.4,46 Km,-16.5706,-72.9577,,,,,,0,0,0
24/12/2021 17:10:47,4.9,42 Km,-9.2366,-79.3581,,,,,,0,0,0
24/12/2021 14:44:56,4.4,31 Km,-7.4486,-80.0076,,,,,,0,0,0
24/12/2021 13:56:10,4.0,44 Km,-17.4443,-71.6628,,,,,,0,0,0
23/12/2021 18:02:34,4.6,5 Km,-6.1297,-81.9684,,,,,,0,0,0
23/12/2021 03:07:20,3.6,14 Km,-16.7705,-71.0616,MOQUEGUA,MARISCAL NIETO,MOQUEGUA,3496.5014394191817,47073.0,0,0,0
22/12/2021 23:05:55,4.3,31 Km,-7.9299,-80.0815,,,,,,0,0,0
22/12/2021 14:16:03,4.2,105 Km,-15.3448,-73.8887,AYACUCHO,PARINACOCHAS,PULLO,1562.4932672058267,7424.0,0,0,0
22/12/2021 03:14:18,4.2,27 Km,-5.8621,-81.2652,,,,,,0,0,0
20/12/2021 16:19:41,3.8,65 Km,-11.8631,-77.4793,,,,,,0,0,0
20/12/2021 07:08:20,3.8,24 Km,-4.8779,-80.7718,PIURA,SULLANA,MARCAVELICA,1662.4805053918735,32747.0,14,2,7
20/12/2021 05:51:02,3.5,12 Km,-15.6413,-71.8091,AREQUIPA,CAYLLOMA,MACA,237.26286538445896,683.0,3,0,1
20/12/2021 02:51:31,4.2,60 Km,-2.865,-80.235,,,,,,0,0,0
20/12/2021 01:47:21,3.5,15 Km,-15.6442,-71.8064,AREQUIPA,CAYLLOMA,MACA,237.26286538445896,683.0,3,0,1
20/12/2021 00:28:53,3.4,14 Km,-15.6889,-72.047,AREQUIPA,CAYLLOMA,CABANACONDE,462.305213456443,2077.0,1,0,3
19/12/2021 22:10:53,4.0,51 Km,-13.3321,-76.5363,,,,,,0,0,0
19/12/2021 06:45:48,3.7,27 Km,-17.437,-70.9832,MOQUEGUA,MARISCAL NIETO,MOQUEGUA,3496.5014394191817,47073.0,0,0,0
19/12/2021 03:32:24,4.7,59 Km,-4.6231,-77.7594,AMAZONAS,CONDORCANQUI,NIEVA,4190.023558679058,20569.0,0,0,0
17/12/2021 09:42:43,4.0,140 Km,-8.848,-74.4913,UCAYALI,CORONEL PORTILLO,MASISEA,14703.963010097246,11997.0,0,0,0
17/12/2021 01:40:20,4.3,143 Km,-8.4808,-74.3199,UCAYALI,CORONEL PORTILLO,CALLERIA,11645.766871791395,174981.0,0,0,0
15/12/2021 12:25:29,3.8,45 Km,-14.6779,-75.4314,ICA,ICA,SANTIAGO,2767.922689745546,31591.0,0,0,0
15/12/2021 11:47:55,3.9,52 Km,-16.3491,-73.3654,,,,,,0,0,0
14/12/2021 12:33:13,3.7,9 Km,-17.5128,-69.8481,TACNA,TACNA,PALCA,1462.9568465577868,2309.0,0,0,0
13/12/2021 23:33:25,3.9,40 Km,-16.8955,-71.7754,AREQUIPA,ISLAY,MOLLENDO,933.9830468783583,26658.0,0,0,0
13/12/2021 17:05:27,3.9,56 Km,-13.3986,-76.529,,,,,,0,0,0
13/12/2021 12:51:36,4.6,33 Km,-15.7097,-74.6918,,,,,,0,0,0
13/12/2021 01:27:46,4.1,127 Km,-4.5628,-76.9909,LORETO,DATEM DEL MARAÑON,BARRANCA,7390.874928637884,16155.0,0,0,0
12/12/2021 23:55:47,4.0,134 Km,-14.9919,-71.8617,AREQUIPA,CAYLLOMA,CAYLLOMA,1508.33264590118,3677.0,0,0,0
12/12/2021 20:01:44,3.7,15 Km,-8.6569,-77.8527,ANCASH,CORONGO,LA PAMPA,94.83428685597286,1062.0,1,0,0
12/12/2021 09:05:52,3.7,11 Km,-17.5199,-69.8482,TACNA,TACNA,PALCA,1462.9568465577868,2309.0,0,0,0
12/12/2021 05:51:38,3.7,13 Km,-17.5257,-69.8576,TACNA,TACNA,PALCA,1462.9568465577868,2309.0,0,0,0
12/12/2021 02:48:03,3.8,37 Km,-17.8345,-71.7482,,,,,,0,0,0
12/12/2021 02:40:09,3.6,9 Km,-17.5333,-69.8698,TACNA,TARATA,ESTIQUE,296.91164005571846,218.0,0,0,0
12/12/2021 02:04:23,4.0,103 Km,-14.3135,-74.8401,AYACUCHO,LUCANAS,LARAMATE,779.360910458203,1658.0,0,0,1
11/12/2021 07:51:18,4.1,115 Km,-4.8753,-77.1182,LORETO,DATEM DEL MARAÑON,BARRANCA,7390.874928637884,16155.0,0,0,0
10/12/2021 13:59:34,4.0,71 Km,-17.687,-70.7135,TACNA,JORGE BASADRE,LOCUMBA,849.6462965669589,2732.0,1,1,1
10/12/2021 04:09:13,4.2,179 Km,-17.0256,-70.1114,TACNA,CANDARAVE,CANDARAVE,1389.0982243705678,2353.0,0,0,0
09/12/2021 16:40:40,4.6,130 Km,-10.4719,-74.6984,PASCO,OXAPAMPA,PUERTO BERMUDEZ,7672.2762987020205,22000.0,0,0,0
09/12/2021 16:12:54,4.0,38 Km,-18.5536,-71.1813,,,,,,0,0,0
09/12/2021 13:54:52,3.7,24 Km,-17.5458,-69.8529,TACNA,TACNA,PALCA,1462.9568465577868,2309.0,0,0,0
08/12/2021 23:48:59,4.3,140 Km,-15.875,-71.9521,AREQUIPA,CAYLLOMA,LLUTA,1228.7528929408177,695.0,0,0,0
08/12/2021 03:54:20,4.0,46 Km,-13.6492,-76.1216,ICA,PISCO,SAN CLEMENTE,136.8458168789453,29776.0,10,3,5
08/12/2021 01:03:51,4.3,206 Km,-16.7783,-69.6014,PUNO,EL COLLAO,SANTA ROSA,2712.1339805846847,3048.0,0,0,0
08/12/2021 00:03:00,3.8,37 Km,-9.2052,-79.284,,,,,,0,0,0
07/12/2021 23:23:55,3.4,34 Km,-16.7834,-71.5405,AREQUIPA,ISLAY,COCACHACRA,1553.6412565678545,8321.0,0,0,0
07/12/2021 20:44:19,3.9,39 Km,-14.1302,-75.7827,ICA,ICA,ICA,886.5000051633018,173261.0,33,2,12
07/12/2021 04:39:37,5.5,32 Km,-18.6774,-71.1667,,,,,,0,0,0
06/12/2021 01:30:48,5.1,103 Km,-2.5246,-77.4346,,,,,,0,0,0
06/12/2021 01:19:55,4.1,45 Km,-8.9641,-79.4237,,,,,,0,0,0
05/12/2021 15:36:15,4.1,95 Km,-11.3555,-77.21,LIMA,HUARAL,HUARAL,645.6003902230783,106821.0,0,0,0
05/12/2021 14:54:56,3.5,7 Km,-15.6845,-71.9517,AREQUIPA,CAYLLOMA,CABANACONDE,462.305213456443,2077.0,1,0,1
05/12/2021 03:59:54,4.1,60 Km,-6.4785,-79.9664,LAMBAYEQUE,LAMBAYEQUE,MORROPE,1061.5440661975024,57002.0,0,0,0
04/12/2021 16:57:20,3.6,36 Km,-12.7295,-76.9489,,,,,,0,0,0
04/12/2021 12:47:41,3.4,9 Km,-15.6695,-71.8598,AREQUIPA,CAYLLOMA,CABANACONDE,462.305213456443,2077.0,3,0,1
04/12/2021 06:41:28,4.6,129 Km,-5.7965,-77.3872,SAN MARTIN,RIOJA,AWAJUN,506.89002798791864,7990.0,0,0,0
03/12/2021 17:24:07,4.1,54 Km,-13.359,-76.5772,,,,,,0,0,0
03/12/2021 16:14:38,4.1,105 Km,-5.6923,-79.4186,PIURA,HUANCABAMBA,HUARMACA,1923.2389643228273,37380.0,0,0,0
03/12/2021 07:50:40,4.0,31 Km,-16.0739,-74.372,,,,,,0,0,0
03/12/2021 06:38:04,4.6,22 Km,-13.9528,-76.9615,,,,,,0,0,0
02/12/2021 18:31:28,4.2,20 Km,-16.1798,-74.5512,,,,,,0,0,0
02/12/2021 08:41:40,4.0,34 Km,-8.1665,-80.089,,,,,,0,0,0
01/12/2021 17:56:53,4.2,29 Km,-8.1322,-80.0543,,,,,,0,0,0
01/12/2021 13:25:43,4.7,108 Km,-19.3459,-69.4223,,,,,,0,0,0
01/12/2021 10:58:01,4.1,114 Km,-4.7789,-76.9751,LORETO,DATEM DEL MARAÑON,MORONA,11043.901372452485,4457.0,0,0,0
01/12/2021 06:36:50,4.0,11 Km,-15.7092,-71.968,AREQUIPA,CAYLLOMA,CABANACONDE,462.305213456443,2077.0,1,0,1
30/11/2021 21:29:00,4.0,44 Km,-13.5291,-76.1959,,,,,,1,0,1
30/11/2021 08:02:23,3.5,9 Km,-17.2956,-69.9975,TACNA,TARATA,TICACO,357.6626373728023,582.0,0,0,0
30/11/2021 04:16:51,3.4,30 Km,-12.5396,-77.0096,,,,,,0,0,0
28/11/2021 05:52:12,7.5,126 Km,-4.4251,-76.9396,LORETO,DATEM DEL MARAÑON,BARRANCA,7390.874928637884,16155.0,0,0,0
28/11/2021 01:32:30,5.2,64 Km,-12.0563,-77.5417,,,,,,0,0,0
27/11/2021 23:53:10,4.0,105 Km,-14.9746,-73.5804,AYACUCHO,PARINACOCHAS,CORACORA,1387.9643170964926,13414.0,0,0,0
27/11/2021 19:28:30,3.8,102 Km,-11.7102,-76.8406,LIMA,CANTA,SANTA ROSA DE QUIVES,409.49899343532076,5848.0,1,0,1
27/11/2021 02:15:37,4.6,31 Km,-15.282,-76.9737,,,,,,0,0,0
26/11/2021 20:46:45,4.2,135 Km,-14.9032,-71.9165,AREQUIPA,CAYLLOMA,CAYLLOMA,1508.33264590118,3677.0,0,0,0
26/11/2021 16:48:34,5.1,124 Km,-6.5374,-75.8744,SAN MARTIN,SAN MARTIN,CHAZUTA,951.7669769406931,10719.0,0,0,0
26/11/2021 11:26:05,4.0,147 Km,-10.2566,-75.1583,PASCO,OXAPAMPA,PALCAZU,2787.5742321471407,7987.0,0,0,0
25/11/2021 19:30:54,3.5,38 Km,-12.0554,-77.4767,,,,,,0,0,0
24/11/2021 23:55:58,4.1,17 Km,-8.8384,-79.8705,,,,,,0,0,0
24/11/2021 21:54:57,4.2,120 Km,-12.1329,-75.4928,JUNIN,CHUPACA,SAN JUAN DE JARPA,135.97343641669872,2528.0,0,0,0
24/11/2021 06:03:17,4.1,53 Km,-8.9325,-79.1874,,,,,,0,0,0
24/11/2021 03:40:25,3.8,12 Km,-10.1533,-75.7022,PASCO,OXAPAMPA,POZUZO,716.0790748858549,4377.0,0,0,0
24/11/2021 03:04:32,3.6,16 Km,-16.2898,-70.5501,MOQUEGUA,GENERAL SANCHEZ CERRO,LLOQUE,256.4559572894528,460.0,0,0,0
23/11/2021 15:05:17,4.0,83 Km,-8.9423,-78.6509,,,,,,3,0,0
22/11/2021 10:13:32,4.1,50 Km,-3.2621,-80.7202,,,,,,0,0,0
22/11/2021 09:29:59,3.6,13 Km,-15.6807,-71.8369,AREQUIPA,CAYLLOMA,MACA,237.26286538445896,683.0,3,0,1
22/11/2021 05:23:25,3.7,9 Km,-15.6562,-71.8506,AREQUIPA,CAYLLOMA,CABANACONDE,462.305213456443,2077.0,3,0,1
21/11/2021 17:22:16,4.7,58 Km,-16.9811,-72.0928,AREQUIPA,ISLAY,ISLAY,364.67867288461804,5237.0,3,2,2
21/11/2021 14:58:43,3.5,13 Km,-15.6247,-71.8229,AREQUIPA,CAYLLOMA,CABANACONDE,462.305213456443,2077.0,3,0,1
21/11/2021 05:57:22,4.4,121 Km,-6.8414,-75.9866,LORETO,UCAYALI,PAMPA HERMOSA,7471.991314098033,6144.0,0,0,0
21/11/2021 03:09:09,4.5,122 Km,-10.6667,-75.0575,JUNIN,CHANCHAMAYO,PERENE,1490.023593821885,60416.0,0,0,0
20/11/2021 22:59:33,4.0,97 Km,-11.6662,-76.6222,LIMA,HUAROCHIRI,HUACHUPAMPA,78.8042930120945,501.0,0,0,0
20/11/2021 14:37:35,3.8,36 Km,-12.2563,-77.4444,,,,,,0,0,0
20/11/2021 02:16:32,4.0,40 Km,-15.3958,-75.8778,,,,,,0,0,0
19/11/2021 06:47:41,4.1,23 Km,-10.4619,-78.6281,,,,,,0,0,0
19/11/2021 03:39:29,4.1,22 Km,-9.1798,-75.6455,UCAYALI,PADRE ABAD,PADRE ABAD,3573.6205002163974,29520.0,0,0,0
18/11/2021 04:41:23,3.8,43 Km,-4.8751,-80.6242,PIURA,SULLANA,SULLANA,529.7776083865725,191400.0,13,3,7
17/11/2021 14:08:28,4.3,152 Km,-8.0661,-74.5549,UCAYALI,CORONEL PORTILLO,CALLERIA,11645.766871791395,174981.0,0,0,0
17/11/2021 05:48:08,3.9,72 Km,-16.5236,-72.7741,AREQUIPA,CAMANA,MARISCAL CACERES,593.4546388978915,6512.0,3,0,5
15/11/2021 09:58:21,3.7,20 Km,-11.6774,-76.3741,LIMA,HUAROCHIRI,CARAMPOMA,231.83375409034852,308.0,1,0,1
14/11/2021 22:27:22,3.8,35 Km,-12.4901,-77.1209,,,,,,0,0,0
14/11/2021 22:24:10,4.1,99 Km,-14.3727,-72.8538,APURIMAC,ANTABAMBA,ANTABAMBA,602.9183098972784,2808.0,1,0,1
14/11/2021 11:17:35,4.0,88 Km,-13.0722,-76.4521,,,,,,7,1,3
13/11/2021 22:50:37,4.1,50 Km,-9.7311,-78.6113,,,,,,0,0,0
13/11/2021 08:30:48,4.0,103 Km,-14.3665,-72.3038,APURIMAC,COTABAMBAS,HAQUIRA,484.74699108486413,9511.0,0,0,0
12/11/2021 15:41:34,4.8,37 Km,-16.3088,-74.8015,,,,,,0,0,0
10/11/2021 23:33:17,4.2,93 Km,-14.2283,-72.9672,APURIMAC,ANTABAMBA,PACHACONAS,229.31721220228533,1061.0,0,0,1
10/11/2021 04:28:06,3.9,38 Km,-4.9436,-80.8156,PIURA,SULLANA,MIGUEL CHECA,480.8689150982453,10419.0,4,0,1
09/11/2021 07:54:25,3.4,12 Km,-15.652,-71.8778,AREQUIPA,CAYLLOMA,CABANACONDE,462.305213456443,2077.0,2,0,1
09/11/2021 00:20:11,4.1,52 Km,-16.1879,-73.38,AREQUIPA,CARAVELI,ATICO,3093.302390518557,6127.0,0,0,0
08/11/2021 18:17:55,3.7,44 Km,-9.1797,-79.3218,,,,,,0,0,0
08/11/2021 05:28:16,3.7,40 Km,-12.5965,-76.9111,,,,,,0,0,0
07/11/2021 11:00:35,4.0,27 Km,-15.4088,-75.5918,,,,,,0,0,0
06/11/2021 15:31:27,4.1,116 Km,-18.3409,-69.5508,,,,,,0,0,0
06/11/2021 14:00:33,4.5,31 Km,-11.8577,-73.4708,CUSCO,LA CONVENCION,ECHARATE,7603.557830337305,18650.0,0,0,0
05/11/2021 18:19:47,4.9,35 Km,-5.9821,-81.7157,,,,,,0,0,0
05/11/2021 13:48:21,4.0,87 Km,-19.2852,-69.9224,,,,,,0,0,0
04/11/2021 09:55:02,3.5,9 Km,-15.6646,-71.8744,AREQUIPA,CAYLLOMA,CABANACONDE,462.305213456443,2077.0,2,0,1
04/11/2021 08:19:17,4.1,94 Km,-15.8643,-73.2034,AREQUIPA,CONDESUYOS,RIO GRANDE,533.0363827711938,3456.0,1,0,1
03/11/2021 22:28:05,4.1,31 Km,-4.8812,-80.856,PIURA,SULLANA,IGNACIO ESCUDERO,189.67792824819392,21975.0,6,0,2
03/11/2021 21:52:51,3.8,18 Km,-4.8098,-80.8225,PIURA,SULLANA,MARCAVELICA,1662.4805053918735,32747.0,4,0,1
01/11/2021 19:02:58,4.6,130 Km,-2.9102,-76.4115,LORETO,DATEM DEL MARAÑON,ANDOAS,11788.441725974673,16142.0,0,0,0
01/11/2021 12:07:57,4.4,38 Km,-12.7838,-76.9612,,,,,,0,0,0
31/10/2021 03:23:46,4.1,38 Km,-15.2895,-75.0472,ICA,NASCA,MARCONA,1943.8301700860184,18634.0,0,0,0
30/10/2021 23:45:18,4.0,11 Km,-11.9423,-71.8073,MADRE DE DIOS,MANU,FITZCARRALD,10684.370669795631,1557.0,0,0,0
30/10/2021 06:39:22,3.6,37 Km,-17.7228,-70.982,TACNA,JORGE BASADRE,ITE,842.252395643569,3208.0,0,0,2
29/10/2021 17:43:48,4.2,103 Km,-15.1912,-74.1221,AYACUCHO,LUCANAS,SANCOS,1503.2004562375032,4817.0,0,0,0
29/10/2021 14:55:27,5.2,106 Km,-15.1713,-74.1412,AYACUCHO,LUCANAS,SANCOS,1503.2004562375032,4817.0,0,0,0
29/10/2021 04:19:29,4.2,128 Km,-15.2658,-72.3333,AREQUIPA,CASTILLA,ORCOPAMPA,729.6216610408102,8612.0,1,0,1
29/10/2021 01:08:29,3.9,78 Km,-8.0183,-78.9337,LA LIBERTAD,TRUJILLO,LAREDO,494.99805574215463,43750.0,17,3,3
28/10/2021 12:28:57,4.4,161 Km,-8.0812,-74.5083,UCAYALI,CORONEL PORTILLO,CALLERIA,11645.766871791395,174981.0,0,0,0
28/10/2021 00:40:18,3.8,17 Km,-13.5258,-76.1404,ICA,CHINCHA,CHINCHA BAJA,72.93971121690633,14783.0,1,0,3
28/10/2021 00:19:50,3.8,28 Km,-12.526,-77.0344,,,,,,0,0,0
27/10/2021 20:36:32,3.7,12 Km,-11.7135,-76.2469,LIMA,HUAROCHIRI,CHICLA,235.0528794763733,3095.0,1,0,2
26/10/2021 21:24:24,3.8,32 Km,-4.9239,-80.7336,PIURA,SULLANA,MIGUEL CHECA,480.8689150982453,10419.0,19,3,9
26/10/2021 09:48:10,4.1,100 Km,-12.0476,-76.434,LIMA,HUAROCHIRI,SAN DAMIAN,333.4814851434109,1110.0,2,0,0
24/10/2021 05:28:35,4.5,10 Km,-12.1758,-73.3728,CUSCO,LA CONVENCION,ECHARATE,7603.557830337305,18650.0,0,0,0
23/10/2021 11:34:53,4.0,31 Km,-16.1175,-74.0015,,,,,,0,0,0
22/10/2021 23:20:42,4.0,12 Km,-15.7155,-71.9919,AREQUIPA,CAYLLOMA,CABANACONDE,462.305213456443,2077.0,0,0,0
22/10/2021 23:14:12,4.0,15 Km,-15.7141,-71.991,AREQUIPA,CAYLLOMA,CABANACONDE,462.305213456443,2077.0,0,0,0
22/10/2021 13:06:26,4.1,119 Km,-11.0215,-74.6127,JUNIN,SATIPO,RIO NEGRO,488.12967762954406,34984.0,0,0,0
20/10/2021 00:19:01,3.9,35 Km,-7.1664,-80.2237,,,,,,0,0,0
19/10/2021 02:59:09,3.4,47 Km,-12.6873,-77.0739,,,,,,0,0,0
17/10/2021 19:13:16,3.9,16 Km,-16.3852,-71.9893,AREQUIPA,AREQUIPA,VITOR,1534.435436497687,4713.0,2,0,1
16/10/2021 07:53:39,4.5,47 Km,-11.6638,-77.852,,,,,,0,0,0
16/10/2021 01:18:07,3.9,99 Km,-12.2831,-76.5969,LIMA,HUAROCHIRI,SANTO DOMINGO DE LOS OLLEROS,577.7722537064287,3350.0,0,0,0
15/10/2021 09:51:58,4.1,23 Km,-14.3315,-76.7642,,,,,,0,0,0
15/10/2021 01:48:08,4.0,17 Km,-8.6758,-77.8129,ANCASH,HUAYLAS,YURACMARCA,548.0217277388721,2218.0,0,0,0
14/10/2021 23:48:15,3.5,6 Km,-15.6648,-71.8589,AREQUIPA,CAYLLOMA,CABANACONDE,462.305213456443,2077.0,3,0,1
14/10/2021 21:51:45,4.1,13 Km,-12.9816,-71.4961,CUSCO,PAUCARTAMBO,KOSÑIPATA,3275.945183600257,4903.0,0,0,1
14/10/2021 14:29:06,3.6,32 Km,-4.9859,-80.7687,PIURA,SULLANA,MIGUEL CHECA,480.8689150982453,10419.0,10,0,4
13/10/2021 22:22:01,4.6,54 Km,-16.3533,-73.1182,AREQUIPA,CAMANA,OCOÑA,1421.3956481234984,4005.0,1,0,1
13/10/2021 12:30:23,3.5,9 Km,-15.6605,-71.9082,AREQUIPA,CAYLLOMA,CABANACONDE,462.305213456443,2077.0,2,0,1
13/10/2021 04:07:40,4.8,56 Km,-9.2198,-79.1619,,,,,,0,0,0
11/10/2021 23:07:45,3.6,11 Km,-15.6516,-71.8749,AREQUIPA,CAYLLOMA,CABANACONDE,462.305213456443,2077.0,2,0,1
11/10/2021 23:05:59,3.7,12 Km,-15.6604,-71.8617,AREQUIPA,CAYLLOMA,CABANACONDE,462.305213456443,2077.0,2,0,1
11/10/2021 23:00:02,4.6,10 Km,-15.6889,-71.8644,AREQUIPA,CAYLLOMA,CABANACONDE,462.305213456443,2077.0,2,0,1
11/10/2021 20:52:47,3.4,6 Km,-15.6689,-71.8627,AREQUIPA,CAYLLOMA,CABANACONDE,462.305213456443,2077.0,2,0,1
11/10/2021 02:47:55,4.1,8 Km,-15.6737,-71.8668,AREQUIPA,CAYLLOMA,CABANACONDE,462.305213456443,2077.0,2,0,1
11/10/2021 00:53:30,3.9,12 Km,-15.6532,-71.951,AREQUIPA,CAYLLOMA,CABANACONDE,462.305213456443,2077.0,1,0,1
10/10/2021 19:09:19,3.4,8 Km,-15.6398,-71.9177,AREQUIPA,CAYLLOMA,CABANACONDE,462.305213456443,2077.0,2,0,1
10/10/2021 10:05:30,4.5,10 Km,-11.8177,-71.6784,MADRE DE DIOS,MANU,FITZCARRALD,10684.370669795631,1557.0,0,0,0
10/10/2021 09:32:45,3.5,8 Km,-15.693,-71.8651,AREQUIPA,CAYLLOMA,CABANACONDE,462.305213456443,2077.0,2,0,1
10/10/2021 04:56:54,3.6,9 Km,-15.6804,-71.8613,AREQUIPA,CAYLLOMA,CABANACONDE,462.305213456443,2077.0,2,0,1
10/10/2021 04:23:27,4.1,15 Km,-16.4261,-71.9851,AREQUIPA,AREQUIPA,VITOR,1534.435436497687,4713.0,2,0,1
09/10/2021 23:06:18,4.7,149 Km,-8.7628,-74.7172,HUANUCO,PUERTO INCA,HONORIA,948.5424258598349,4711.0,0,0,0
09/10/2021 21:15:34,3.7,10 Km,-15.6047,-71.8352,AREQUIPA,CAYLLOMA,CABANACONDE,462.305213456443,2077.0,3,0,1
09/10/2021 19:46:55,4.0,9 Km,-15.6719,-71.9377,AREQUIPA,CAYLLOMA,CABANACONDE,462.305213456443,2077.0,1,0,1
09/10/2021 19:39:43,3.9,12 Km,-15.667,-71.9237,AREQUIPA,CAYLLOMA,CABANACONDE,462.305213456443,2077.0,2,0,1
09/10/2021 19:20:41,5.5,21 Km,-11.7352,-71.787,MADRE DE DIOS,MANU,FITZCARRALD,10684.370669795631,1557.0,0,0,0
09/10/2021 18:11:00,4.1,10 Km,-15.6594,-71.9335,AREQUIPA,CAYLLOMA,CABANACONDE,462.305213456443,2077.0,1,0,1
09/10/2021 12:55:33,4.0,9 Km,-15.6869,-71.8529,AREQUIPA,CAYLLOMA,CABANACONDE,462.305213456443,2077.0,3,0,1
09/10/2021 09:46:45,3.9,11 Km,-15.6449,-71.9179,AREQUIPA,CAYLLOMA,CABANACONDE,462.305213456443,2077.0,2,0,1
09/10/2021 09:31:17,3.9,9 Km,-15.6843,-71.8768,AREQUIPA,CAYLLOMA,CABANACONDE,462.305213456443,2077.0,2,0,1
09/10/2021 08:23:23,3.8,9 Km,-15.6804,-71.8883,AREQUIPA,CAYLLOMA,CABANACONDE,462.305213456443,2077.0,3,0,2
09/10/2021 06:48:03,3.4,9 Km,-15.6611,-71.8865,AREQUIPA,CAYLLOMA,CABANACONDE,462.305213456443,2077.0,3,0,1
09/10/2021 06:25:09,3.5,9 Km,-15.6627,-71.9452,AREQUIPA,CAYLLOMA,CABANACONDE,462.305213456443,2077.0,1,0,1
09/10/2021 04:40:39,4.0,11 Km,-15.7346,-71.8928,AREQUIPA,CAYLLOMA,CABANACONDE,462.305213456443,2077.0,0,0,0
09/10/2021 04:33:47,3.4,8 Km,-15.6536,-71.8792,AREQUIPA,CAYLLOMA,CABANACONDE,462.305213456443,2077.0,2,0,1
09/10/2021 04:16:10,3.4,11 Km,-15.6773,-71.8665,AREQUIPA,CAYLLOMA,CABANACONDE,462.305213456443,2077.0,2,0,1
09/10/2021 03:02:50,4.3,57 Km,-12.5738,-76.8823,,,,,,0,0,0
09/10/2021 02:41:22,4.0,10 Km,-15.7,-71.8571,AREQUIPA,CAYLLOMA,CABANACONDE,462.305213456443,2077.0,2,0,0
09/10/2021 01:25:06,3.8,13 Km,-15.6649,-71.9386,AREQUIPA,CAYLLOMA,CABANACONDE,462.305213456443,2077.0,1,0,1
09/10/2021 01:12:51,3.8,13 Km,-15.6828,-71.9097,AREQUIPA,CAYLLOMA,CABANACONDE,462.305213456443,2077.0,2,0,1
09/10/2021 00:49:58,4.2,10 Km,-15.6119,-71.9295,AREQUIPA,CAYLLOMA,CABANACONDE,462.305213456443,2077.0,2,0,1
09/10/2021 00:20:56,4.3,11 Km,-15.6599,-71.9161,AREQUIPA,CAYLLOMA,CABANACONDE,462.305213456443,2077.0,2,0,1
08/10/2021 23:47:45,5.5,10 Km,-15.6679,-71.9428,AREQUIPA,CAYLLOMA,CABANACONDE,462.305213456443,2077.0,1,0,1
08/10/2021 23:20:42,3.9,20 Km,-17.076,-72.8911,,,,,,0,0,0
08/10/2021 20:14:07,3.4,7 Km,-15.6557,-71.9396,AREQUIPA,CAYLLOMA,CABANACONDE,462.305213456443,2077.0,1,0,1
08/10/2021 18:14:24,3.6,10 Km,-15.6397,-71.8805,AREQUIPA,CAYLLOMA,CABANACONDE,462.305213456443,2077.0,2,0,1
08/10/2021 16:00:05,4.3,67 Km,-11.3756,-78.0244,,,,,,0,0,0
08/10/2021 12:05:27,3.8,9 Km,-15.6525,-71.8977,AREQUIPA,CAYLLOMA,CABANACONDE,462.305213456443,2077.0,3,0,2
08/10/2021 08:31:28,3.4,6 Km,-15.6607,-71.9075,AREQUIPA,CAYLLOMA,CABANACONDE,462.305213456443,2077.0,2,0,1
08/10/2021 08:11:38,3.6,9 Km,-15.6755,-71.9221,AREQUIPA,CAYLLOMA,CABANACONDE,462.305213456443,2077.0,2,0,1
08/10/2021 06:33:56,3.8,12 Km,-15.68,-71.9022,AREQUIPA,CAYLLOMA,CABANACONDE,462.305213456443,2077.0,2,0,1
08/10/2021 04:59:30,3.6,11 Km,-15.6624,-71.9034,AREQUIPA,CAYLLOMA,CABANACONDE,462.305213456443,2077.0,2,0,1
08/10/2021 04:41:49,4.1,106 Km,-14.1026,-74.5095,AYACUCHO,HUANCA SANCOS,SANCOS,1356.0502633523972,3156.0,0,0,0
08/10/2021 04:27:57,4.2,8 Km,-15.6584,-71.9038,AREQUIPA,CAYLLOMA,CABANACONDE,462.305213456443,2077.0,2,0,1
08/10/2021 02:22:58,4.0,54 Km,-16.0587,-73.7612,AREQUIPA,CARAVELI,ATICO,3093.302390518557,6127.0,0,0,0
07/10/2021 15:43:39,4.0,140 Km,-15.2684,-72.0978,AREQUIPA,CASTILLA,CHOCO,904.4432006779886,641.0,0,0,0
06/10/2021 06:16:54,3.8,40 Km,-4.9458,-80.8028,PIURA,SULLANA,MIGUEL CHECA,480.8689150982453,10419.0,5,0,2
04/10/2021 16:32:37,5.0,148 Km,-9.493,-74.8316,HUANUCO,PUERTO INCA,YUYAPICHIS,2065.0800207990987,6772.0,0,0,0
04/10/2021 07:27:30,3.5,22 Km,-15.7004,-72.1654,AREQUIPA,CAYLLOMA,HUAMBO,716.367191636351,655.0,0,0,2
04/10/2021 06:35:57,3.3,11 Km,-15.6982,-71.5113,AREQUIPA,CAYLLOMA,CHIVAY,243.11338103258214,5877.0,2,0,1
03/10/2021 23:39:27,3.8,45 Km,-16.204,-73.667,AREQUIPA,CARAVELI,ATICO,3093.302390518557,6127.0,1,0,1
03/10/2021 05:02:48,3.5,16 Km,-15.8728,-70.6173,PUNO,SAN ROMAN,CABANILLAS,1274.3359267376352,4412.0,0,0,0
03/10/2021 01:39:04,4.1,102 Km,-13.1196,-75.1336,HUANCAVELICA,CASTROVIRREYNA,SANTA ANA,643.0185246164637,783.0,0,0,0
02/10/2021 21:17:15,3.7,12 Km,-15.6811,-71.5262,AREQUIPA,CAYLLOMA,CHIVAY,243.11338103258214,5877.0,2,0,1
02/10/2021 20:17:50,4.3,226 Km,-16.2741,-69.7681,PUNO,EL COLLAO,ILAVE,896.6111947575706,48331.0,0,0,0
02/10/2021 07:52:32,5.9,585 Km,-9.4838,-71.1994,,,,,,0,0,0
02/10/2021 04:21:02,3.7,35 Km,-17.0031,-71.7271,AREQUIPA,ISLAY,COCACHACRA,1553.6412565678545,8321.0,1,1,1
01/10/2021 01:13:23,4.1,37 Km,-4.1618,-80.8903,TUMBES,CONTRALMIRANTE VILLAR,CANOAS DE PUNTA SAL,631.7423134062946,7923.0,0,0,0
01/10/2021 00:34:23,3.6,57 Km,-16.5205,-72.9057,AREQUIPA,CAMANA,MARISCAL CACERES,593.4546388978915,6512.0,0,0,0
30/09/2021 22:06:32,4.6,163 Km,-8.2144,-74.8406,UCAYALI,CORONEL PORTILLO,NUEVA REQUENA,2059.982910936714,5794.0,0,0,0
30/09/2021 21:14:15,3.2,9 Km,-15.6492,-71.7523,AREQUIPA,CAYLLOMA,MACA,237.26286538445896,683.0,3,0,1
30/09/2021 15:19:54,4.6,33 Km,-19.3272,-70.2834,,,,,,0,0,0
29/09/2021 17:40:41,3.6,29 Km,-11.0667,-78.0753,,,,,,0,0,0
28/09/2021 19:15:59,4.0,129 Km,-10.1621,-75.1179,PASCO,OXAPAMPA,PALCAZU,2787.5742321471407,7987.0,0,0,0
28/09/2021 18:15:07,3.6,18 Km,-4.5763,-80.8257,PIURA,SULLANA,MARCAVELICA,1662.4805053918735,32747.0,0,0,0
28/09/2021 15:50:47,4.0,165 Km,-16.2635,-70.7945,MOQUEGUA,GENERAL SANCHEZ CERRO,UBINAS,883.724234014067,1485.0,1,0,1
27/09/2021 15:32:36,4.3,42 Km,-9.5828,-79.0223,,,,,,0,0,0
26/09/2021 20:14:45,4.0,38 Km,-9.3291,-79.3778,,,,,,0,0,0
26/09/2021 17:06:55,4.0,46 Km,-6.9484,-76.6579,SAN MARTIN,BELLAVISTA,BELLAVISTA,259.38675716576995,18949.0,0,0,0
26/09/2021 12:23:00,3.9,40 Km,-12.7146,-76.8595,,,,,,0,0,0
26/09/2021 11:04:53,3.5,10 Km,-15.7156,-71.7951,AREQUIPA,CAYLLOMA,MACA,237.26286538445896,683.0,0,0,0
26/09/2021 01:59:38,4.7,139 Km,-9.1099,-75.2912,UCAYALI,PADRE ABAD,IRAZOLA,1876.8509496375284,12431.0,0,0,0
25/09/2021 17:58:34,3.4,13 Km,-16.3785,-71.9978,AREQUIPA,AREQUIPA,VITOR,1534.435436497687,4713.0,2,0,0
24/09/2021 20:42:50,3.8,33 Km,-7.1908,-76.8528,SAN MARTIN,MARISCAL CACERES,JUANJUI,447.6919096028432,34568.0,0,0,0
24/09/2021 04:42:24,3.8,13 Km,-8.6833,-77.821,ANCASH,HUAYLAS,YURACMARCA,548.0217277388721,2218.0,0,0,0
23/09/2021 20:20:59,3.4,9 Km,-13.6165,-72.796,APURIMAC,ABANCAY,ABANCAY,286.6981948838263,77767.0,3,2,6
23/09/2021 17:54:26,4.2,17 Km,-15.6464,-75.2207,,,,,,0,0,0
23/09/2021 02:56:38,4.1,41 Km,-7.0588,-80.7385,,,,,,0,0,0
22/09/2021 23:06:07,4.5,28 Km,-7.0798,-80.8009,,,,,,0,0,0
21/09/2021 03:18:41,4.0,25 Km,-17.4461,-72.2082,,,,,,0,0,0
20/09/2021 07:43:49,4.1,51 Km,-18.227,-71.1078,,,,,,0,0,0
20/09/2021 02:53:01,4.2,146 Km,-15.2789,-71.7456,AREQUIPA,CAYLLOMA,CAYLLOMA,1508.33264590118,3677.0,0,0,0
19/09/2021 15:02:13,4.0,22 Km,-8.6889,-77.838,ANCASH,HUAYLAS,YURACMARCA,548.0217277388721,2218.0,0,0,0
19/09/2021 07:23:13,4.6,19 Km,-3.0362,-78.2517,,,,,,0,0,0
19/09/2021 00:47:34,4.3,218 Km,-16.2995,-69.8695,PUNO,PUNO,ACORA,1929.806047368683,22703.0,0,0,0
18/09/2021 22:59:35,3.6,17 Km,-15.7313,-71.7939,AREQUIPA,CAYLLOMA,MACA,237.26286538445896,683.0,0,0,0
18/09/2021 22:51:49,3.8,13 Km,-15.7451,-71.7949,AREQUIPA,CAYLLOMA,MACA,237.26286538445896,683.0,0,0,0
18/09/2021 22:21:25,4.5,9 Km,-15.7503,-71.7846,AREQUIPA,CAYLLOMA,MACA,237.26286538445896,683.0,0,0,0
18/09/2021 21:53:16,3.5,9 Km,-15.7298,-71.8037,AREQUIPA,CAYLLOMA,MACA,237.26286538445896,683.0,0,0,0
18/09/2021 01:25:33,3.8,23 Km,-16.56,-71.6639,AREQUIPA,AREQUIPA,YARABAMBA,486.8475301150486,1584.0,0,0,0
17/09/2021 22:39:26,3.6,10 Km,-15.712,-71.7504,AREQUIPA,CAYLLOMA,MACA,237.26286538445896,683.0,1,0,0
17/09/2021 17:26:36,4.2,31 Km,-4.8973,-80.7521,PIURA,SULLANA,MIGUEL CHECA,480.8689150982453,10419.0,17,3,8
16/09/2021 13:58:24,4.1,28 Km,-9.0665,-79.3026,,,,,,0,0,0
16/09/2021 07:37:56,3.7,15 Km,-17.3989,-69.9036,TACNA,TARATA,TARATA,886.2480505659898,3583.0,0,0,0
16/09/2021 07:06:51,4.3,45 Km,-3.5852,-80.2755,TUMBES,ZARUMILLA,PAPAYAL,204.00816561796472,7245.0,3,1,2
16/09/2021 05:14:00,4.2,29 Km,-4.8544,-80.857,PIURA,SULLANA,IGNACIO ESCUDERO,189.67792824819392,21975.0,6,0,2
16/09/2021 00:13:59,4.1,12 Km,-12.4809,-73.9826,AYACUCHO,HUANTA,LLOCHEGUA,515.6743692564555,11622.0,0,0,0
14/09/2021 03:43:19,3.8,78 Km,-11.4083,-77.2998,LIMA,HUARAL,HUARAL,645.6003902230783,106821.0,1,1,2
13/09/2021 21:33:54,4.1,21 Km,-16.4909,-73.6804,,,,,,0,0,0
13/09/2021 19:03:05,4.5,103 Km,-15.384,-73.9554,AYACUCHO,PARINACOCHAS,PULLO,1562.4932672058267,7424.0,0,0,0
13/09/2021 11:33:11,4.6,233 Km,-15.5541,-70.2435,PUNO,SAN ROMAN,JULIACA,396.54153687421274,256093.0,1,0,0
13/09/2021 02:56:02,3.7,8 Km,-15.7447,-71.7933,AREQUIPA,CAYLLOMA,MACA,237.26286538445896,683.0,0,0,0
13/09/2021 02:53:10,3.6,8 Km,-15.7431,-71.7796,AREQUIPA,CAYLLOMA,MACA,237.26286538445896,683.0,0,0,0
12/09/2021 05:59:56,4.7,20 Km,-8.5417,-80.6036,,,,,,0,0,0
11/09/2021 16:24:24,4.5,20 Km,-8.553,-80.5879,,,,,,0,0,0
11/09/2021 14:41:16,3.9,30 Km,-3.6346,-80.7573,,,,,,2,0,1
11/09/2021 11:41:22,4.1,36 Km,-18.464,-71.4019,,,,,,0,0,0
11/09/2021 09:08:21,4.3,23 Km,-9.9652,-78.8258,,,,,,0,0,0
11/09/2021 07:26:14,4.1,37 Km,-18.4621,-71.4502,,,,,,0,0,0
11/09/2021 05:01:48,4.0,27 Km,-18.4936,-71.4888,,,,,,0,0,0
11/09/2021 01:52:15,4.3,33 Km,-11.0461,-79.2427,,,,,,0,0,0
10/09/2021 08:17:54,3.7,44 Km,-12.1243,-77.9256,,,,,,0,0,0
10/09/2021 07:47:23,3.8,53 Km,-8.5585,-79.2141,,,,,,0,0,0
09/09/2021 22:25:40,4.5,91 Km,-18.2597,-70.0099,TACNA,TACNA,TACNA,1919.688086384588,105248.0,0,0,0
09/09/2021 12:58:18,4.4,31 Km,-9.9203,-80.0111,,,,,,0,0,0
08/09/2021 19:11:26,3.6,32 Km,-4.9444,-80.778,PIURA,SULLANA,MIGUEL CHECA,480.8689150982453,10419.0,10,2,5
08/09/2021 13:09:20,3.5,8 Km,-15.44,-72.08,AREQUIPA,CASTILLA,CHOCO,904.4432006779886,641.0,0,0,0
08/09/2021 08:25:37,3.6,29 Km,-12.6195,-76.9318,,,,,,0,0,0
07/09/2021 10:43:27,3.8,65 Km,-8.8455,-79.1864,,,,,,0,0,0
07/09/2021 08:22:13,4.5,182 Km,-17.4915,-69.564,TACNA,TACNA,PALCA,1462.9568465577868,2309.0,0,0,0
06/09/2021 23:51:06,3.5,48 Km,-8.8986,-79.1617,,,,,,0,0,0
06/09/2021 21:12:20,3.9,50 Km,-9.1062,-79.1025,,,,,,0,0,0
06/09/2021 16:42:51,4.9,133 Km,-8.1568,-76.0172,SAN MARTIN,BELLAVISTA,ALTO BIAVO,5956.58747119889,9880.0,0,0,0
05/09/2021 04:47:27,3.6,12 Km,-15.7237,-71.8071,AREQUIPA,CAYLLOMA,MACA,237.26286538445896,683.0,0,0,0
05/09/2021 03:59:13,4.0,31 Km,-4.888,-80.7913,PIURA,SULLANA,MARCAVELICA,1662.4805053918735,32747.0,9,1,4
05/09/2021 00:41:41,3.6,16 Km,-8.6773,-77.8369,ANCASH,HUAYLAS,YURACMARCA,548.0217277388721,2218.0,0,0,0
04/09/2021 06:48:17,3.9,10 Km,-15.763,-71.8288,AREQUIPA,CAYLLOMA,MACA,237.26286538445896,683.0,0,0,0
04/09/2021 05:34:18,3.8,10 Km,-15.8012,-71.7224,AREQUIPA,CAYLLOMA,ACHOMA,366.1901216924418,817.0,0,0,0
04/09/2021 04:07:28,4.1,14 Km,-15.8212,-71.7336,AREQUIPA,CAYLLOMA,ACHOMA,366.1901216924418,817.0,0,0,0
04/09/2021 03:04:15,3.7,10 Km,-15.8049,-71.7253,AREQUIPA,CAYLLOMA,ACHOMA,366.1901216924418,817.0,0,0,0
03/09/2021 17:37:53,4.0,28 Km,-3.4867,-80.4473,TUMBES,TUMBES,TUMBES,163.35961485667306,115148.0,9,1,6
03/09/2021 15:19:46,3.8,28 Km,-4.8415,-80.8419,PIURA,SULLANA,IGNACIO ESCUDERO,189.67792824819392,21975.0,5,0,2
03/09/2021 14:36:29,3.7,13 Km,-15.8028,-71.7197,AREQUIPA,CAYLLOMA,ACHOMA,366.1901216924418,817.0,0,0,0
03/09/2021 00:06:18,5.1,14 Km,-14.3981,-76.6834,,,,,,0,0,0
02/09/2021 22:33:19,3.2,39 Km,-9.3206,-78.569,,,,,,0,0,0
02/09/2021 07:53:51,3.6,12 Km,-7.5939,-78.2462,CAJAMARCA,CAJABAMBA,CACHACHI,819.3858953254967,25589.0,0,0,0
02/09/2021 03:42:17,5.1,110 Km,-3.8818,-76.4696,LORETO,DATEM DEL MARAÑON,ANDOAS,11788.441725974673,16142.0,0,0,0
01/09/2021 16:21:53,4.2,35 Km,-4.9125,-80.8104,PIURA,SULLANA,MIGUEL CHECA,480.8689150982453,10419.0,6,0,3
31/08/2021 06:44:28,4.5,80 Km,-13.5477,-76.086,ICA,CHINCHA,EL CARMEN,754.9442379039873,14093.0,1,0,1
31/08/2021 04:11:02,5.0,27 Km,-3.34,-78.1963,,,,,,0,0,0
30/08/2021 04:06:13,3.9,16 Km,-8.675,-77.8435,ANCASH,CORONGO,LA PAMPA,94.83428685597286,1062.0,0,0,0
29/08/2021 04:25:11,3.7,13 Km,-10.6448,-75.0916,PASCO,OXAPAMPA,VILLA RICA,822.56671167192,18534.0,0,0,0
27/08/2021 17:23:10,3.7,8 Km,-15.9526,-70.6323,PUNO,SAN ROMAN,CABANILLAS,1274.3359267376352,4412.0,0,0,0
27/08/2021 16:00:15,4.2,10 Km,-15.9012,-70.6054,PUNO,SAN ROMAN,CABANILLAS,1274.3359267376352,4412.0,0,0,0
26/08/2021 23:07:11,3.4,64 Km,-12.6762,-76.9108,,,,,,0,0,0
26/08/2021 15:27:33,3.6,15 Km,-15.8177,-70.5763,PUNO,SAN ROMAN,CABANILLAS,1274.3359267376352,4412.0,0,0,0
25/08/2021 02:15:09,5.0,31 Km,-12.4127,-77.5699,,,,,,0,0,0
25/08/2021 01:01:50,3.6,52 Km,-12.6136,-76.7239,,,,,,1,1,1
24/08/2021 21:45:10,4.1,30 Km,-4.8786,-80.8107,PIURA,SULLANA,MARCAVELICA,1662.4805053918735,32747.0,7,0,3
24/08/2021 14:39:36,4.4,46 Km,-12.2651,-77.4349,,,,,,0,0,0
24/08/2021 03:16:54,4.2,109 Km,-17.8503,-70.2129,TACNA,TACNA,CIUDAD NUEVA,179.474573049792,32530.0,0,1,1
22/08/2021 23:33:41,4.1,114 Km,-11.1665,-76.4241,JUNIN,YAULI,SANTA BARBARA DE CARHUACAYAN,680.3227272730651,952.0,0,0,0
22/08/2021 13:44:16,3.4,11 Km,-15.7163,-72.085,AREQUIPA,CAYLLOMA,HUAMBO,716.367191636351,655.0,0,0,2
22/08/2021 10:34:14,4.6,24 Km,-8.5883,-80.2828,,,,,,0,0,0
22/08/2021 03:28:08,5.0,166 Km,-8.2241,-74.3218,UCAYALI,CORONEL PORTILLO,CALLERIA,11645.766871791395,174981.0,0,0,0
22/08/2021 01:57:55,3.6,12 Km,-15.6935,-72.0391,AREQUIPA,CAYLLOMA,CABANACONDE,462.305213456443,2077.0,1,0,3
21/08/2021 17:07:49,4.6,41 Km,-18.4546,-70.4272,,,,,,0,0,0
20/08/2021 15:44:21,4.4,149 Km,-7.9818,-74.6795,UCAYALI,CORONEL PORTILLO,NUEVA REQUENA,2059.982910936714,5794.0,0,0,0
20/08/2021 13:33:34,4.0,31 Km,-4.885,-80.7629,PIURA,SULLANA,MARCAVELICA,1662.4805053918735,32747.0,16,3,8
19/08/2021 22:11:08,3.8,29 Km,-9.6467,-74.4301,UCAYALI,CORONEL PORTILLO,IPARIA,7368.483783638121,12481.0,0,0,0
19/08/2021 19:44:30,3.6,12 Km,-8.678,-77.8573,ANCASH,CORONGO,LA PAMPA,94.83428685597286,1062.0,0,0,0
19/08/2021 01:14:37,4.3,65 Km,-13.2676,-76.4791,,,,,,0,0,0
18/08/2021 08:11:10,3.6,16 Km,-8.6746,-77.8449,ANCASH,CORONGO,LA PAMPA,94.83428685597286,1062.0,0,0,0
18/08/2021 06:12:20,3.9,126 Km,-16.1722,-71.6496,AREQUIPA,AREQUIPA,YURA,1923.1678382491139,44322.0,0,0,1
18/08/2021 01:29:20,4.0,113 Km,-18.2645,-69.9961,TACNA,TACNA,TACNA,1919.688086384588,105248.0,0,0,0
17/08/2021 13:59:35,4.4,34 Km,-4.9139,-80.7683,PIURA,SULLANA,MIGUEL CHECA,480.8689150982453,10419.0,13,3,8
17/08/2021 08:12:22,3.9,10 Km,-15.7255,-72.0848,AREQUIPA,CAYLLOMA,HUAMBO,716.367191636351,655.0,0,0,2
17/08/2021 05:14:01,3.6,38 Km,-16.65,-71.99,AREQUIPA,AREQUIPA,VITOR,1534.435436497687,4713.0,1,0,1
16/08/2021 16:06:02,4.2,38 Km,-15.0895,-75.964,,,,,,0,0,0
16/08/2021 01:50:00,4.8,35 Km,-4.9327,-80.7933,PIURA,SULLANA,MIGUEL CHECA,480.8689150982453,10419.0,9,1,4
15/08/2021 12:09:27,3.6,8 Km,-14.5114,-73.1447,APURIMAC,AYMARAES,COTARUSE,1735.3753103825304,2380.0,0,0,0
15/08/2021 05:14:05,3.9,35 Km,-4.5689,-80.0629,PIURA,AYABACA,SUYO,1077.147562786378,12037.0,2,0,1
15/08/2021 00:40:01,5.5,119 Km,-3.7145,-77.2255,LORETO,DATEM DEL MARAÑON,MORONA,11043.901372452485,4457.0,0,0,0
12/08/2021 14:34:32,4.3,89 Km,-14.2363,-73.4828,APURIMAC,ANDAHUAYLAS,PAMPACHIRI,590.579052491935,2267.0,0,0,0
11/08/2021 18:35:07,4.2,17 Km,-14.7808,-76.1903,,,,,,0,0,0
11/08/2021 16:49:04,3.5,29 Km,-4.9058,-80.81,PIURA,SULLANA,MIGUEL CHECA,480.8689150982453,10419.0,6,0,3
11/08/2021 14:44:02,3.5,37 Km,-4.8999,-80.8004,PIURA,SULLANA,MIGUEL CHECA,480.8689150982453,10419.0,8,0,3
11/08/2021 13:24:37,3.7,32 Km,-4.9481,-80.7677,PIURA,SULLANA,MIGUEL CHECA,480.8689150982453,10419.0,13,3,7
11/08/2021 12:09:45,4.3,41 Km,-4.8981,-80.7982,PIURA,SULLANA,MIGUEL CHECA,480.8689150982453,10419.0,8,0,3
11/08/2021 02:21:41,4.3,35 Km,-4.8736,-80.8127,PIURA,SULLANA,MARCAVELICA,1662.4805053918735,32747.0,7,0,3
10/08/2021 10:20:21,4.7,21 Km,-14.7151,-76.1709,,,,,,0,0,0
10/08/2021 09:37:03,4.6,20 Km,-14.7307,-76.1902,,,,,,0,0,0
10/08/2021 09:15:49,4.9,23 Km,-14.7485,-76.2269,,,,,,0,0,0
10/08/2021 06:24:37,4.1,64 Km,-4.6685,-80.3423,PIURA,PIURA,LAS LOMAS,556.8358126332955,29290.0,0,0,0
09/08/2021 16:21:38,4.4,151 Km,-8.03,-74.5276,UCAYALI,CORONEL PORTILLO,CALLERIA,11645.766871791395,174981.0,0,0,0
09/08/2021 16:03:23,5.2,15 Km,-14.7661,-76.1888,,,,,,0,0,0
09/08/2021 15:08:00,3.6,42 Km,-12.7191,-76.8906,,,,,,0,0,0
09/08/2021 04:52:30,3.6,32 Km,-5.0204,-80.7229,PIURA,SULLANA,MIGUEL CHECA,480.8689150982453,10419.0,3,0,0
08/08/2021 10:41:25,4.7,40 Km,-14.8461,-76.3513,,,,,,0,0,0
07/08/2021 04:36:37,4.0,29 Km,-8.8114,-75.0771,UCAYALI,PADRE ABAD,ALEXANDER VON HUMBOLDT,205.1259399902673,6272.0,0,0,0
07/08/2021 02:02:50,4.4,95 Km,-13.2447,-74.669,HUANCAVELICA,ANGARAES,LIRCAY,825.2713615007079,25649.0,0,0,0
06/08/2021 19:59:03,3.6,44 Km,-12.7717,-76.8301,,,,,,0,0,0
06/08/2021 04:57:54,3.7,35 Km,-4.9128,-80.7873,PIURA,SULLANA,MIGUEL CHECA,480.8689150982453,10419.0,9,1,5
06/08/2021 00:07:56,3.6,8 Km,-7.8219,-77.9951,LA LIBERTAD,SANCHEZ CARRION,HUAMACHUCO,416.07642453397426,82085.0,1,0,0
05/08/2021 17:36:08,4.1,38 Km,-4.9094,-80.8447,PIURA,PAITA,LA HUACA,580.5982972685473,14345.0,5,0,2
04/08/2021 22:04:40,3.5,7 Km,-15.6605,-71.767,AREQUIPA,CAYLLOMA,MACA,237.26286538445896,683.0,3,0,1
04/08/2021 12:51:37,4.0,12 Km,-17.2266,-69.9892,TACNA,TARATA,SUSAPAYA,361.3305341025724,488.0,0,0,0
04/08/2021 08:02:19,4.0,140 Km,-10.0033,-75.9654,HUANUCO,PACHITEA,PANAO,1609.1340808707403,17963.0,0,0,0
04/08/2021 01:16:53,4.6,126 Km,-18.4873,-69.536,,,,,,0,0,0
03/08/2021 22:40:48,4.2,43 Km,-4.552,-76.8683,LORETO,DATEM DEL MARAÑON,BARRANCA,7390.874928637884,16155.0,0,0,0
03/08/2021 22:30:03,3.8,36 Km,-4.9007,-80.7893,PIURA,SULLANA,MIGUEL CHECA,480.8689150982453,10419.0,9,1,4
03/08/2021 06:03:24,3.7,30 Km,-4.9674,-80.7738,PIURA,SULLANA,MIGUEL CHECA,480.8689150982453,10419.0,10,2,5
03/08/2021 02:35:14,4.2,33 Km,-4.9476,-80.7868,PIURA,SULLANA,MIGUEL CHECA,480.8689150982453,10419.0,7,1,4
03/08/2021 01:31:21,3.8,35 Km,-4.9123,-80.8021,PIURA,SULLANA,MIGUEL CHECA,480.8689150982453,10419.0,7,0,3
01/08/2021 22:34:22,3.6,35 Km,-4.9089,-80.8054,PIURA,SULLANA,MIGUEL CHECA,480.8689150982453,10419.0,7,0,3
01/08/2021 19:19:22,4.0,37 Km,-6.3898,-80.711,,,,,,0,0,0
01/08/2021 17:18:08,5.3,159 Km,-8.2321,-74.4785,UCAYALI,CORONEL PORTILLO,CALLERIA,11645.766871791395,174981.0,0,0,0
01/08/2021 12:48:34,3.7,47 Km,-12.7758,-76.9074,,,,,,0,0,0
01/08/2021 06:51:10,3.8,29 Km,-4.9121,-80.7292,PIURA,SULLANA,MIGUEL CHECA,480.8689150982453,10419.0,18,3,9
01/08/2021 05:42:48,3.9,35 Km,-4.9286,-80.8125,PIURA,SULLANA,MIGUEL CHECA,480.8689150982453,10419.0,6,0,3
01/08/2021 02:07:12,4.3,37 Km,-4.9382,-80.8061,PIURA,SULLANA,MIGUEL CHECA,480.8689150982453,10419.0,5,0,2
01/08/2021 01:42:00,4.0,33 Km,-4.9799,-80.7668,PIURA,SULLANA,MIGUEL CHECA,480.8689150982453,10419.0,11,2,5
01/08/2021 01:22:23,3.8,36 Km,-4.9194,-80.8116,PIURA,SULLANA,MIGUEL CHECA,480.8689150982453,10419.0,6,0,3
31/07/2021 19:06:01,3.7,31 Km,-4.9389,-80.7846,PIURA,SULLANA,MIGUEL CHECA,480.8689150982453,10419.0,9,1,4
31/07/2021 16:04:47,3.9,28 Km,-4.8773,-80.8027,PIURA,SULLANA,MARCAVELICA,1662.4805053918735,32747.0,8,0,3
31/07/2021 15:54:48,3.8,32 Km,-4.8617,-80.796,PIURA,SULLANA,MARCAVELICA,1662.4805053918735,32747.0,10,1,4
31/07/2021 08:46:17,4.1,198 Km,-17.0796,-69.7702,PUNO,EL COLLAO,CAPAZO,1048.672808297165,1066.0,0,0,0
31/07/2021 08:00:46,3.8,34 Km,-4.9483,-80.7676,PIURA,SULLANA,MIGUEL CHECA,480.8689150982453,10419.0,13,3,7
31/07/2021 04:31:09,4.0,33 Km,-4.9251,-80.7812,PIURA,SULLANA,MIGUEL CHECA,480.8689150982453,10419.0,11,1,4
31/07/2021 04:07:38,3.8,32 Km,-4.9436,-80.7562,PIURA,SULLANA,MIGUEL CHECA,480.8689150982453,10419.0,17,3,8
31/07/2021 02:10:09,4.3,135 Km,-9.841,-76.426,HUANUCO,HUANUCO,QUISQUI (KICHKI),174.43819932910344,3108.0,0,0,0
30/07/2021 23:33:01,4.1,35 Km,-4.9103,-80.8278,PIURA,PAITA,LA HUACA,580.5982972685473,14345.0,5,0,2
30/07/2021 15:14:08,4.4,34 Km,-4.922,-80.7819,PIURA,SULLANA,MIGUEL CHECA,480.8689150982453,10419.0,11,1,4
30/07/2021 14:33:28,3.8,29 Km,-4.9091,-80.7847,PIURA,SULLANA,MIGUEL CHECA,480.8689150982453,10419.0,11,1,5
30/07/2021 12:10:18,6.1,32 Km,-4.8503,-80.841,PIURA,SULLANA,IGNACIO ESCUDERO,189.67792824819392,21975.0,5,0,2
29/07/2021 23:18:42,4.6,105 Km,-15.5793,-73.8661,AREQUIPA,CARAVELI,CHAPARRA,1501.5147884944192,3567.0,0,0,0
28/07/2021 19:54:10,4.6,25 Km,-8.5035,-80.2783,,,,,,0,0,0
28/07/2021 19:46:08,4.9,25 Km,-8.4187,-80.1469,,,,,,0,0,0
28/07/2021 19:32:12,5.8,32 Km,-8.3571,-80.1332,,,,,,0,0,0
28/07/2021 09:09:18,4.1,51 Km,-13.59,-76.3,,,,,,0,0,0
28/07/2021 06:09:52,4.4,45 Km,-18.5751,-70.6557,,,,,,0,0,0
28/07/2021 04:45:19,4.3,42 Km,-12.53,-76.93,,,,,,0,0,0
28/07/2021 03:46:27,4.2,131 Km,-15.7035,-72.3339,AREQUIPA,CASTILLA,AYO,285.6535177288028,223.0,0,0,0
27/07/2021 11:58:36,4.1,45 Km,-13.6429,-76.4184,,,,,,0,0,0
26/07/2021 02:34:55,4.4,9 Km,-11.1156,-74.6331,JUNIN,SATIPO,SATIPO,815.0776898883915,43048.0,0,0,0
25/07/2021 17:45:23,3.9,11 Km,-15.8108,-71.8967,AREQUIPA,CAYLLOMA,LLUTA,1228.7528929408177,695.0,0,0,0
24/07/2021 17:31:08,3.8,16 Km,-17.2917,-69.9785,TACNA,TARATA,TICACO,357.6626373728023,582.0,0,0,0
24/07/2021 14:49:23,4.0,32 Km,-3.7773,-80.4068,TUMBES,TUMBES,PAMPAS DE HOSPITAL,731.530661873473,7643.0,1,0,1
24/07/2021 07:29:52,4.0,92 Km,-12.9181,-76.1834,LIMA,CAÑETE,LUNAHUANA,493.4396188236092,4044.0,0,0,1
24/07/2021 04:14:34,3.4,8 Km,-15.79,-71.74,AREQUIPA,CAYLLOMA,ACHOMA,366.1901216924418,817.0,0,0,0
23/07/2021 14:59:03,3.2,7 Km,-15.7242,-71.7198,AREQUIPA,CAYLLOMA,ACHOMA,366.1901216924418,817.0,0,0,0
23/07/2021 12:03:51,3.9,23 Km,-13.6821,-76.8856,,,,,,0,0,0
23/07/2021 02:59:22,4.0,28 Km,-15.0127,-74.778,ICA,NASCA,MARCONA,1943.8301700860184,18634.0,0,0,0
21/07/2021 10:07:31,5.2,18 Km,-5.1753,-79.1888,CAJAMARCA,SAN IGNACIO,NAMBALLE,635.682209116982,9885.0,0,0,0
20/07/2021 00:35:46,3.6,40 Km,-12.6155,-77.0551,,,,,,0,0,0
19/07/2021 13:08:15,4.1,50 Km,-11.597,-77.728,,,,,,0,0,0
19/07/2021 01:17:51,4.3,117 Km,-17.2773,-70.9563,MOQUEGUA,MARISCAL NIETO,SAN ANTONIO,461.82540051212715,28592.0,8,2,4
18/07/2021 05:10:50,4.1,20 Km,-15.653,-71.688,AREQUIPA,CAYLLOMA,ICHUPAMPA,74.54492436254685,572.0,3,0,1
18/07/2021 04:40:40,3.3,10 Km,-16.5485,-71.4758,AREQUIPA,AREQUIPA,YARABAMBA,486.8475301150486,1584.0,4,0,4
17/07/2021 22:33:43,4.7,152 Km,-14.8705,-71.6544,CUSCO,ESPINAR,SUYCKUTAMBO,629.2923203380552,1498.0,0,0,0
17/07/2021 11:21:00,4.2,45 Km,-12.7561,-76.9581,,,,,,0,0,0
17/07/2021 09:47:30,3.6,11 Km,-15.6487,-71.851,AREQUIPA,CAYLLOMA,CABANACONDE,462.305213456443,2077.0,3,0,1
17/07/2021 01:44:35,4.4,51 Km,-5.119,-80.8154,PIURA,SULLANA,MIGUEL CHECA,480.8689150982453,10419.0,0,0,0
16/07/2021 15:42:44,5.2,30 Km,-3.5642,-77.3355,LORETO,DATEM DEL MARAÑON,MORONA,11043.901372452485,4457.0,0,0,0
11/07/2021 16:09:55,4.0,105 Km,-11.989,-76.5909,LIMA,HUAROCHIRI,ANTIOQUIA,417.6077434271619,1209.0,1,0,1
11/07/2021 14:53:34,3.9,22 Km,-17.5854,-70.3694,TACNA,TACNA,INCLAN,1441.5926674600812,2586.0,0,0,0
11/07/2021 12:40:51,4.3,122 Km,-7.7015,-74.9676,LORETO,UCAYALI,PADRE MARQUEZ,2434.9195833576787,3372.0,0,0,0
11/07/2021 09:46:30,4.7,153 Km,-15.7007,-71.4718,AREQUIPA,CAYLLOMA,YANQUE,1114.9445709373017,2150.0,0,0,0
11/07/2021 04:32:10,4.3,163 Km,-7.949,-74.5164,UCAYALI,CORONEL PORTILLO,CALLERIA,11645.766871791395,174981.0,0,0,0
10/07/2021 12:49:27,3.6,10 Km,-11.6252,-75.2012,JUNIN,JAUJA,MONOBAMBA,934.6942490900154,1964.0,0,0,0
09/07/2021 11:07:01,5.0,87 Km,-12.8546,-73.9939,AYACUCHO,LA MAR,TAMBO,309.0100186341446,8733.0,0,0,0
09/07/2021 04:26:01,3.8,14 Km,-11.7928,-75.5932,JUNIN,JAUJA,CURICACA,65.50295593877306,1427.0,0,0,0
09/07/2021 02:08:09,4.0,34 Km,-15.9739,-73.893,AREQUIPA,CARAVELI,CHAPARRA,1501.5147884944192,3567.0,0,0,0
09/07/2021 00:05:31,5.2,109 Km,-20.5096,-69.0011,,,,,,0,0,0
08/07/2021 15:42:41,3.9,12 Km,-15.7115,-71.7996,AREQUIPA,CAYLLOMA,MACA,237.26286538445896,683.0,1,0,0
08/07/2021 05:30:36,5.1,46 Km,-18.4814,-71.4169,,,,,,0,0,0
07/07/2021 23:53:07,3.7,42 Km,-18.1426,-70.3119,TACNA,TACNA,CORONEL GREGORIO ALBARRACIN LANCHIPA,188.34143365547206,139270.0,3,3,0
07/07/2021 23:13:21,4.0,152 Km,-18.1013,-69.7885,,,,,,0,0,0
07/07/2021 07:43:22,3.6,32 Km,-12.6549,-76.8625,,,,,,0,0,0
07/07/2021 01:38:49,3.7,34 Km,-12.6767,-76.8809,,,,,,0,0,0
05/07/2021 09:41:03,3.7,39 Km,-12.6678,-76.8988,,,,,,0,0,0
05/07/2021 03:03:56,4.5,22 Km,-14.7039,-76.1983,,,,,,0,0,0
05/07/2021 00:41:08,4.0,37 Km,-16.8583,-71.7208,AREQUIPA,ISLAY,MOLLENDO,933.9830468783583,26658.0,0,0,0
04/07/2021 17:12:22,3.5,13 Km,-15.8153,-71.9577,AREQUIPA,CAYLLOMA,LLUTA,1228.7528929408177,695.0,0,0,0
04/07/2021 16:00:39,4.1,61 Km,-15.3307,-75.2104,,,,,,5,1,1
04/07/2021 12:25:53,3.5,27 Km,-16.4399,-71.8561,AREQUIPA,AREQUIPA,LA JOYA,697.0067549969054,39668.0,5,0,4
03/07/2021 23:28:45,4.2,8 Km,-15.7949,-72.1069,AREQUIPA,CAYLLOMA,HUAMBO,716.367191636351,655.0,0,0,2
02/07/2021 15:56:47,4.0,30 Km,-12.6958,-76.8777,,,,,,0,0,0
02/07/2021 10:17:03,4.0,30 Km,-6.2222,-80.7008,PIURA,SECHURA,SECHURA,5677.977347816637,52436.0,0,0,0
02/07/2021 09:47:51,3.7,12 Km,-15.8042,-72.0797,AREQUIPA,CAYLLOMA,HUAMBO,716.367191636351,655.0,0,0,2
02/07/2021 01:41:32,4.1,28 Km,-18.0201,-72.0169,,,,,,0,0,0
01/07/2021 08:18:57,4.1,133 Km,-8.4551,-75.0331,UCAYALI,PADRE ABAD,CURIMANA,1877.6509837698943,10588.0,0,0,0
30/06/2021 17:23:30,4.1,29 Km,-5.3111,-78.8084,CAJAMARCA,SAN IGNACIO,CHIRINOS,357.11574336848486,16121.0,0,0,1
30/06/2021 16:17:14,4.1,95 Km,-16.0973,-73.3118,AREQUIPA,CARAVELI,ATICO,3093.302390518557,6127.0,0,0,0
30/06/2021 03:42:07,4.1,108 Km,-14.5923,-74.3947,AYACUCHO,LUCANAS,LEONCIO PRADO,1109.8211190105028,1067.0,0,0,0
29/06/2021 01:05:18,3.5,46 Km,-12.7395,-76.8973,,,,,,0,0,0
28/06/2021 15:54:01,3.6,11 Km,-15.6902,-71.9766,AREQUIPA,CAYLLOMA,CABANACONDE,462.305213456443,2077.0,1,0,1
28/06/2021 10:07:18,4.0,50 Km,-13.7179,-76.3805,,,,,,0,0,0
28/06/2021 07:41:19,4.0,43 Km,-12.7627,-76.8919,,,,,,0,0,0
28/06/2021 03:00:46,3.9,50 Km,-12.6078,-76.7696,,,,,,0,0,0
27/06/2021 22:33:45,3.2,9 Km,-17.5132,-69.8583,TACNA,TARATA,ESTIQUE,296.91164005571846,218.0,0,0,0
27/06/2021 21:47:09,4.5,109 Km,-11.5869,-76.8539,LIMA,CANTA,HUAMANTANGA,493.40833618578426,629.0,0,0,0
27/06/2021 03:56:02,4.2,59 Km,-13.3938,-76.4621,,,,,,0,0,0
25/06/2021 21:35:28,4.6,130 Km,-18.5333,-69.4079,,,,,,0,0,0
25/06/2021 09:27:55,3.7,42 Km,-12.7263,-76.8964,,,,,,0,0,0
24/06/2021 18:02:57,4.0,140 Km,-15.502,-71.9465,AREQUIPA,CAYLLOMA,TAPAY,414.4813615721575,844.0,0,0,0
24/06/2021 16:51:02,3.4,48 Km,-12.6982,-76.8441,,,,,,0,0,0
24/06/2021 09:50:30,4.2,153 Km,-8.2065,-74.5239,UCAYALI,CORONEL PORTILLO,CALLERIA,11645.766871791395,174981.0,0,0,0
24/06/2021 06:50:32,3.4,75 Km,-11.7,-77.3527,,,,,,0,0,0
24/06/2021 04:55:53,3.5,47 Km,-12.7388,-76.8556,,,,,,0,0,0
24/06/2021 01:21:35,3.7,26 Km,-16.7,-71.65,AREQUIPA,ISLAY,COCACHACRA,1553.6412565678545,8321.0,0,0,0
23/06/2021 20:44:47,3.6,48 Km,-12.4611,-76.865,,,,,,1,0,4
23/06/2021 14:31:08,3.7,17 Km,-17.4767,-69.8648,TACNA,TARATA,TARATA,886.2480505659898,3583.0,0,0,0
23/06/2021 07:02:28,4.7,46 Km,-12.7388,-76.9302,,,,,,0,0,0
23/06/2021 02:05:21,3.8,14 Km,-13.11,-74.46,HUANCAVELICA,ANGARAES,SANTO TOMAS DE PATA,139.09720527410266,1460.0,0,0,0
23/06/2021 01:33:35,3.5,47 Km,-12.6814,-76.8186,,,,,,0,0,0
22/06/2021 21:54:17,6.0,45 Km,-12.7668,-77.0052,,,,,,0,0,0
21/06/2021 10:54:00,3.4,10 Km,-16.7711,-70.6449,MOQUEGUA,MARISCAL NIETO,CUCHUMBAYA,69.16432060288568,703.0,5,0,2
21/06/2021 08:23:03,4.8,156 Km,-3.0842,-76.5553,LORETO,DATEM DEL MARAÑON,ANDOAS,11788.441725974673,16142.0,0,0,0
21/06/2021 05:19:19,4.0,28 Km,-16.5466,-74.0722,,,,,,0,0,0
20/06/2021 22:11:22,3.5,16 Km,-16.7837,-70.6594,MOQUEGUA,MARISCAL NIETO,CUCHUMBAYA,69.16432060288568,703.0,5,0,2
20/06/2021 10:08:34,4.0,131 Km,-9.0903,-75.3608,UCAYALI,PADRE ABAD,IRAZOLA,1876.8509496375284,12431.0,0,0,0
20/06/2021 02:46:03,3.9,31 Km,-11.3281,-78.1586,,,,,,0,0,0
19/06/2021 23:34:16,3.6,11 Km,-17.3368,-70.0324,TACNA,TARATA,TICACO,357.6626373728023,582.0,0,0,0
18/06/2021 21:39:48,4.0,14 Km,-17.4897,-69.8787,TACNA,TARATA,TARUCACHI,107.39773112697364,309.0,0,0,0
18/06/2021 12:19:48,4.0,18 Km,-4.1105,-81.1066,,,,,,3,0,3
18/06/2021 09:15:21,3.8,45 Km,-12.2988,-77.0948,,,,,,0,0,0
18/06/2021 06:01:20,4.2,23 Km,-13.0942,-76.8407,,,,,,0,0,0
17/06/2021 03:27:49,4.0,12 Km,-13.729,-71.9952,CUSCO,PARURO,HUANOQUITE,361.6383311108189,5057.0,0,0,2
16/06/2021 23:33:53,3.5,12 Km,-15.5453,-72.0061,AREQUIPA,CASTILLA,CHOCO,904.4432006779886,641.0,1,0,1
15/06/2021 18:19:39,4.1,46 Km,-9.9556,-78.8563,,,,,,0,0,0
15/06/2021 16:48:22,3.4,10 Km,-16.81,-70.7,MOQUEGUA,MARISCAL NIETO,CARUMAS,2275.7527968803915,2177.0,5,0,2
15/06/2021 15:25:16,3.5,11 Km,-16.8098,-70.6996,MOQUEGUA,MARISCAL NIETO,CARUMAS,2275.7527968803915,2177.0,5,0,2
15/06/2021 09:10:00,4.6,119 Km,-4.0406,-76.8106,LORETO,DATEM DEL MARAÑON,PASTAZA,9100.182512461359,6151.0,0,0,0
14/06/2021 19:47:51,4.5,120 Km,-14.7044,-72.6504,AREQUIPA,LA UNION,HUAYNACOTAS,935.7759991525745,1832.0,0,0,0
13/06/2021 12:15:38,3.8,48 Km,-12.5094,-76.9129,,,,,,0,0,0
13/06/2021 02:31:40,4.8,156 Km,-16.1127,-71.6731,AREQUIPA,AREQUIPA,YURA,1923.1678382491139,44322.0,0,0,0
12/06/2021 23:35:26,4.1,106 Km,-18.5383,-70.1685,,,,,,0,0,0
08/06/2021 09:07:59,4.7,31 Km,-16.672,-74.0487,,,,,,0,0,0
08/06/2021 02:21:44,5.0,23 Km,-16.8165,-74.2006,,,,,,0,0,0
07/06/2021 22:46:38,4.1,36 Km,-6.6154,-81.4505,,,,,,0,0,0
07/06/2021 20:47:39,3.6,44 Km,-12.6953,-77.0571,,,,,,0,0,0
07/06/2021 17:00:49,4.0,97 Km,-11.8483,-76.5812,LIMA,HUAROCHIRI,SAN MATEO DE OTAO,134.51493160550237,1313.0,0,0,1
07/06/2021 04:59:13,4.3,132 Km,-8.82,-74.54,UCAYALI,CORONEL PORTILLO,IPARIA,7368.483783638121,12481.0,0,0,0
06/06/2021 13:50:10,4.3,116 Km,-4.4616,-78.3322,AMAZONAS,CONDORCANQUI,EL CENEPA,5623.536025537718,12854.0,0,0,0
05/06/2021 21:44:36,4.1,8 Km,-10.3067,-74.4851,PASCO,OXAPAMPA,PUERTO BERMUDEZ,7672.2762987020205,22000.0,0,0,0
05/06/2021 08:58:50,3.4,61 Km,-12.4674,-76.7134,LIMA,CAÑETE,CHILCA,483.2526256283216,24436.0,2,1,4
04/06/2021 17:36:54,4.5,38 Km,-15.73,-75.3,,,,,,0,0,0
04/06/2021 12:54:03,4.3,163 Km,-7.8656,-74.5544,UCAYALI,CORONEL PORTILLO,CALLERIA,11645.766871791395,174981.0,0,0,0
04/06/2021 09:19:48,3.7,15 Km,-17.4565,-69.8345,TACNA,TARATA,TARATA,886.2480505659898,3583.0,0,0,0
03/06/2021 22:35:38,4.0,37 Km,-15.0591,-75.7387,,,,,,0,0,0
03/06/2021 12:09:32,4.6,27 Km,-15.7411,-75.3858,,,,,,0,0,0
01/06/2021 17:48:44,3.6,15 Km,-17.2697,-69.9877,TACNA,TARATA,SUSAPAYA,361.3305341025724,488.0,0,0,0
31/05/2021 22:56:20,4.1,105 Km,-13.9933,-74.6214,AYACUCHO,HUANCA SANCOS,SANCOS,1356.0502633523972,3156.0,0,0,0
31/05/2021 04:31:20,4.3,29 Km,-16.341,-74.2031,,,,,,0,0,0
30/05/2021 19:01:13,4.0,135 Km,-18.3486,-69.9059,,,,,,0,0,0
30/05/2021 16:13:42,3.5,11 Km,-17.4386,-69.8763,TACNA,TARATA,TARATA,886.2480505659898,3583.0,0,0,0
30/05/2021 15:51:08,5.0,41 Km,-16.0808,-73.8125,AREQUIPA,CARAVELI,ATICO,3093.302390518557,6127.0,0,0,0
30/05/2021 04:20:51,3.6,11 Km,-8.1087,-78.1398,LA LIBERTAD,SANTIAGO DE CHUCO,SANTA CRUZ DE CHUCA,167.96886615314355,3043.0,1,0,0
29/05/2021 04:04:15,4.4,14 Km,-17.4544,-69.8702,TACNA,TARATA,TARATA,886.2480505659898,3583.0,0,0,0
28/05/2021 13:59:51,3.6,8 Km,-15.8,-71.71,AREQUIPA,CAYLLOMA,ACHOMA,366.1901216924418,817.0,0,0,0
28/05/2021 05:32:12,3.7,9 Km,-15.8162,-71.7198,AREQUIPA,CAYLLOMA,ACHOMA,366.1901216924418,817.0,0,0,0
28/05/2021 00:23:28,3.5,8 Km,-15.7302,-72.0706,AREQUIPA,CAYLLOMA,HUAMBO,716.367191636351,655.0,0,0,2
27/05/2021 13:42:04,4.0,29 Km,-9.4852,-79.1332,,,,,,0,0,0
27/05/2021 03:34:39,3.9,19 Km,-17.2699,-69.9895,TACNA,TARATA,SUSAPAYA,361.3305341025724,488.0,0,0,0
27/05/2021 01:56:18,4.1,22 Km,-9.1982,-75.7378,UCAYALI,PADRE ABAD,BOQUERON,548.764923770197,5209.0,0,0,0
26/05/2021 18:57:34,3.6,13 Km,-15.7281,-72.0613,AREQUIPA,CAYLLOMA,HUAMBO,716.367191636351,655.0,0,0,2
26/05/2021 11:17:47,3.8,12 Km,-10.0988,-75.7307,HUANUCO,PACHITEA,PANAO,1609.1340808707403,17963.0,0,0,0
26/05/2021 08:24:33,3.5,18 Km,-13.9225,-72.0169,CUSCO,PARURO,CCAPI,326.0978080883845,3087.0,0,0,2
26/05/2021 07:10:29,4.5,55 Km,-14.73,-75.45,ICA,ICA,SANTIAGO,2767.922689745546,31591.0,0,0,0
25/05/2021 19:25:56,3.4,10 Km,-15.69,-71.77,AREQUIPA,CAYLLOMA,MACA,237.26286538445896,683.0,3,0,1
24/05/2021 03:09:44,4.2,37 Km,-8.709,-79.4941,,,,,,0,0,0
23/05/2021 02:28:58,4.0,88 Km,-15.2144,-74.1111,AYACUCHO,LUCANAS,SANCOS,1503.2004562375032,4817.0,0,0,0
22/05/2021 14:45:12,4.8,108 Km,-3.9333,-77.4678,LORETO,DATEM DEL MARAÑON,MORONA,11043.901372452485,4457.0,0,0,0
22/05/2021 09:35:50,4.6,28 Km,-16.9848,-71.2777,MOQUEGUA,MARISCAL NIETO,MOQUEGUA,3496.5014394191817,47073.0,0,0,0
22/05/2021 02:42:18,4.5,14 Km,-17.4297,-69.8627,TACNA,TARATA,TARATA,886.2480505659898,3583.0,0,0,0
21/05/2021 13:00:11,4.2,19 Km,-5.8945,-80.851,PIURA,SECHURA,SECHURA,5677.977347816637,52436.0,0,0,0
21/05/2021 04:58:04,3.7,9 Km,-17.3423,-69.9653,TACNA,TARATA,TICACO,357.6626373728023,582.0,0,0,0
20/05/2021 23:04:43,3.6,13 Km,-17.3072,-69.9938,TACNA,TARATA,TICACO,357.6626373728023,582.0,0,0,0
19/05/2021 02:59:14,4.5,119 Km,-10.9463,-74.0428,UCAYALI,ATALAYA,RAIMONDI,14539.205149323814,40699.0,0,0,0
18/05/2021 21:13:51,4.0,15 Km,-17.2607,-69.9627,TACNA,TARATA,TICACO,357.6626373728023,582.0,0,0,0
18/05/2021 18:16:15,4.0,57 Km,-15.14,-75.04,ICA,NASCA,MARCONA,1943.8301700860184,18634.0,0,0,0
18/05/2021 15:23:30,4.2,13 Km,-17.2822,-70.0358,TACNA,TARATA,SUSAPAYA,361.3305341025724,488.0,0,0,0
18/05/2021 14:49:25,4.4,32 Km,-16.0531,-74.5638,,,,,,0,0,0
18/05/2021 10:19:27,4.3,22 Km,-9.0754,-80.2277,,,,,,0,0,0
18/05/2021 06:20:44,3.7,14 Km,-17.4943,-69.8569,TACNA,TARATA,TARUCACHI,107.39773112697364,309.0,0,0,0
18/05/2021 04:17:23,4.1,24 Km,-16.0386,-72.4544,AREQUIPA,CASTILLA,HUANCARQUI,798.0699393391853,1602.0,4,0,1
18/05/2021 00:51:05,3.8,11 Km,-13.5581,-72.5187,CUSCO,ANTA,LIMATAMBO,506.51401052865253,7681.0,0,0,2
17/05/2021 21:01:14,3.4,9 Km,-13.5611,-72.5184,CUSCO,ANTA,LIMATAMBO,506.51401052865253,7681.0,0,0,2
17/05/2021 09:42:49,4.2,8 Km,-10.7129,-75.1161,PASCO,OXAPAMPA,VILLA RICA,822.56671167192,18534.0,0,0,0
16/05/2021 14:47:40,4.0,66 Km,-4.6571,-80.2023,PIURA,PIURA,LAS LOMAS,556.8358126332955,29290.0,1,0,3
16/05/2021 08:28:17,4.0,10 Km,-17.4617,-69.9016,TACNA,TARATA,TARATA,886.2480505659898,3583.0,0,0,0
15/05/2021 20:28:32,3.7,10 Km,-17.4402,-69.8962,TACNA,TARATA,TARATA,886.2480505659898,3583.0,0,0,0
14/05/2021 21:27:56,3.3,7 Km,-15.7006,-71.7691,AREQUIPA,CAYLLOMA,MACA,237.26286538445896,683.0,2,0,0
14/05/2021 15:02:13,3.7,15 Km,-15.726,-71.8898,AREQUIPA,CAYLLOMA,CABANACONDE,462.305213456443,2077.0,0,0,0
13/05/2021 23:17:10,3.7,14 Km,-17.4305,-69.9042,TACNA,TARATA,TARATA,886.2480505659898,3583.0,0,0,0
13/05/2021 12:03:20,4.5,53 Km,-14.2102,-75.785,ICA,ICA,ICA,886.5000051633018,173261.0,3,0,2
13/05/2021 10:18:13,3.7,20 Km,-11.6953,-76.3693,LIMA,HUAROCHIRI,CARAMPOMA,231.83375409034852,308.0,1,0,1
13/05/2021 06:43:26,3.8,30 Km,-9.4105,-79.267,,,,,,0,0,0
12/05/2021 21:53:48,3.8,10 Km,-15.6879,-71.7739,AREQUIPA,CAYLLOMA,MACA,237.26286538445896,683.0,3,0,1
12/05/2021 20:51:02,3.6,11 Km,-15.6332,-71.7792,AREQUIPA,CAYLLOMA,MACA,237.26286538445896,683.0,3,0,1
12/05/2021 19:07:53,3.4,8 Km,-15.7472,-72.0971,AREQUIPA,CAYLLOMA,HUAMBO,716.367191636351,655.0,0,0,2
12/05/2021 19:00:18,3.8,8 Km,-15.7322,-72.0884,AREQUIPA,CAYLLOMA,HUAMBO,716.367191636351,655.0,0,0,2
12/05/2021 10:56:57,5.8,59 Km,-14.2742,-75.904,ICA,ICA,ICA,886.5000051633018,173261.0,0,0,0
12/05/2021 06:27:08,3.1,11 Km,-15.65,-71.76,AREQUIPA,CAYLLOMA,MACA,237.26286538445896,683.0,3,0,1
12/05/2021 02:53:23,5.0,17 Km,-17.2926,-69.9848,TACNA,TARATA,TICACO,357.6626373728023,582.0,0,0,0
11/05/2021 19:27:36,3.8,16 Km,-17.4456,-69.9154,TACNA,TARATA,TARATA,886.2480505659898,3583.0,0,0,0
11/05/2021 03:43:48,4.5,53 Km,-9.8498,-75.3634,HUANUCO,PUERTO INCA,CODO DEL POZUZO,3221.2599690701472,8400.0,0,0,0
10/05/2021 12:04:32,3.9,16 Km,-17.4071,-69.9113,TACNA,TARATA,TARATA,886.2480505659898,3583.0,0,0,0
10/05/2021 10:36:15,4.8,22 Km,-10.1132,-75.6488,PASCO,OXAPAMPA,POZUZO,716.0790748858549,4377.0,0,0,0
10/05/2021 04:22:20,4.0,36 Km,-4.7731,-81.0145,PIURA,TALARA,LA BREA,833.1169406336685,13250.0,1,0,0
10/05/2021 03:13:07,4.1,16 Km,-17.2874,-70.0034,TACNA,TARATA,SUSAPAYA,361.3305341025724,488.0,0,0,0
10/05/2021 01:30:17,4.3,136 Km,-8.2232,-76.4088,SAN MARTIN,TOCACHE,TOCACHE,1006.4661283797178,30566.0,0,0,0
09/05/2021 16:58:03,4.0,38 Km,-7.7817,-74.1708,UCAYALI,CORONEL PORTILLO,CALLERIA,11645.766871791395,174981.0,0,0,0
08/05/2021 22:14:14,4.5,44 Km,-8.7012,-79.3422,,,,,,0,0,0
08/05/2021 14:42:04,4.8,27 Km,-8.8858,-80.0167,,,,,,0,0,0
08/05/2021 06:28:19,4.0,13 Km,-10.7404,-75.484,PASCO,OXAPAMPA,CHONTABAMBA,437.57683479050365,6615.0,0,0,0
08/05/2021 04:56:48,3.6,17 Km,-17.3124,-69.9716,TACNA,TARATA,TICACO,357.6626373728023,582.0,0,0,0
07/05/2021 22:28:14,3.6,22 Km,-16.4056,-71.6806,AREQUIPA,AREQUIPA,UCHUMAYO,271.1145028615976,16812.0,5,0,4
07/05/2021 21:55:37,3.7,18 Km,-16.3626,-71.6924,AREQUIPA,AREQUIPA,YURA,1923.1678382491139,44322.0,4,0,3
07/05/2021 16:46:27,4.5,41 Km,-4.9225,-80.7649,PIURA,SULLANA,MIGUEL CHECA,480.8689150982453,10419.0,16,3,8
07/05/2021 11:53:40,3.8,21 Km,-16.6346,-71.7942,AREQUIPA,AREQUIPA,LA JOYA,697.0067549969054,39668.0,0,0,2
06/05/2021 22:30:10,3.6,9 Km,-15.8102,-71.7145,AREQUIPA,CAYLLOMA,ACHOMA,366.1901216924418,817.0,0,0,0
06/05/2021 01:45:00,3.5,18 Km,-16.775,-71.323,MOQUEGUA,GENERAL SANCHEZ CERRO,LA CAPILLA,781.3442385322384,504.0,1,0,0
06/05/2021 00:22:45,4.0,83 Km,-14.453,-75.3908,ICA,ICA,SANTIAGO,2767.922689745546,31591.0,0,0,0
05/05/2021 23:27:09,3.8,12 Km,-17.2888,-69.9626,TACNA,TARATA,TICACO,357.6626373728023,582.0,0,0,0
05/05/2021 11:38:56,3.6,14 Km,-17.2729,-69.9496,TACNA,TARATA,TICACO,357.6626373728023,582.0,0,0,0
05/05/2021 02:47:09,4.5,175 Km,-7.9992,-74.5562,UCAYALI,CORONEL PORTILLO,CALLERIA,11645.766871791395,174981.0,0,0,0
04/05/2021 11:04:06,4.3,38 Km,-15.854,-75.3596,,,,,,0,0,0
04/05/2021 10:15:34,4.1,139 Km,-7.5607,-74.8597,LORETO,UCAYALI,CONTAMANA,11003.035429161104,28648.0,0,0,0
04/05/2021 03:01:45,4.9,137 Km,-4.8472,-76.7147,LORETO,DATEM DEL MARAÑON,BARRANCA,7390.874928637884,16155.0,0,0,0
03/05/2021 21:44:01,4.0,97 Km,-14.2639,-72.8322,APURIMAC,GRAU,PATAYPAMPA,146.50679981233625,769.0,0,0,0
03/05/2021 15:47:22,4.3,126 Km,-15.1679,-72.5028,AREQUIPA,LA UNION,PUYCA,1504.7986040169815,2314.0,0,0,0
03/05/2021 10:12:35,3.7,8 Km,-15.8052,-71.6851,AREQUIPA,CAYLLOMA,ACHOMA,366.1901216924418,817.0,0,0,0
03/05/2021 08:52:32,3.6,10 Km,-15.7898,-71.7049,AREQUIPA,CAYLLOMA,ACHOMA,366.1901216924418,817.0,0,0,0
03/05/2021 08:25:37,3.9,46 Km,-12.654,-76.8737,,,,,,0,0,0
03/05/2021 06:46:44,4.4,14 Km,-6.0944,-81.6523,,,,,,0,0,0
03/05/2021 05:26:50,3.7,22 Km,-16.7474,-71.6939,AREQUIPA,ISLAY,MOLLENDO,933.9830468783583,26658.0,0,0,0
03/05/2021 02:47:22,3.7,51 Km,-11.4974,-77.6635,,,,,,0,0,0
01/05/2021 11:28:43,4.0,50 Km,-13.0014,-76.7019,,,,,,0,0,0
01/05/2021 04:44:50,3.6,8 Km,-15.7955,-71.6994,AREQUIPA,CAYLLOMA,ACHOMA,366.1901216924418,817.0,0,0,0
30/04/2021 08:31:58,3.9,15 Km,-17.2735,-69.9232,TACNA,TARATA,TICACO,357.6626373728023,582.0,0,0,0
30/04/2021 08:02:30,4.0,44 Km,-16.7194,-72.7398,,,,,,0,0,0
30/04/2021 06:40:21,3.6,14 Km,-17.3103,-69.9308,TACNA,TARATA,TICACO,357.6626373728023,582.0,0,0,0
30/04/2021 05:08:11,3.6,18 Km,-17.29,-69.95,TACNA,TARATA,TICACO,357.6626373728023,582.0,0,0,0
30/04/2021 05:02:30,3.8,17 Km,-17.2952,-69.9561,TACNA,TARATA,TICACO,357.6626373728023,582.0,0,0,0
29/04/2021 12:21:06,3.9,58 Km,-13.2454,-76.5825,,,,,,0,0,0
29/04/2021 02:08:13,3.7,13 Km,-17.3226,-69.9591,TACNA,TARATA,TICACO,357.6626373728023,582.0,0,0,0
29/04/2021 00:06:56,3.8,13 Km,-16.4309,-71.8208,AREQUIPA,AREQUIPA,LA JOYA,697.0067549969054,39668.0,3,0,2
28/04/2021 21:49:39,4.7,13 Km,-17.2588,-69.9342,TACNA,TARATA,TICACO,357.6626373728023,582.0,0,0,0
28/04/2021 21:47:46,3.7,15 Km,-17.2781,-70.0052,TACNA,TARATA,SUSAPAYA,361.3305341025724,488.0,0,0,0
28/04/2021 19:02:30,3.7,13 Km,-17.2475,-69.968,TACNA,TARATA,SUSAPAYA,361.3305341025724,488.0,0,0,0
28/04/2021 18:46:07,3.6,9 Km,-17.2701,-69.9867,TACNA,TARATA,SUSAPAYA,361.3305341025724,488.0,0,0,0
27/04/2021 14:38:50,3.7,22 Km,-16.73,-71.4741,AREQUIPA,AREQUIPA,POLOBAYA,399.12609982044626,771.0,0,0,0
27/04/2021 12:31:59,3.8,9 Km,-10.7191,-75.318,PASCO,OXAPAMPA,VILLA RICA,822.56671167192,18534.0,1,1,1
27/04/2021 09:35:38,3.6,9 Km,-15.7696,-72.067,AREQUIPA,CAYLLOMA,HUAMBO,716.367191636351,655.0,0,0,2
27/04/2021 06:18:58,4.4,115 Km,-13.6856,-74.7097,AYACUCHO,VICTOR FAJARDO,VILCANCHOS,499.6279368395852,2368.0,0,0,0
26/04/2021 19:28:22,3.2,14 Km,-15.8108,-72.0792,AREQUIPA,CAYLLOMA,HUAMBO,716.367191636351,655.0,0,0,2
26/04/2021 14:54:16,4.6,151 Km,-15.6991,-71.469,AREQUIPA,CAYLLOMA,YANQUE,1114.9445709373017,2150.0,0,0,0
25/04/2021 20:18:20,3.9,90 Km,-8.6838,-78.7842,,,,,,0,0,0
25/04/2021 18:50:32,5.3,50 Km,-15.7295,-74.7059,,,,,,0,0,0
25/04/2021 05:37:58,3.7,14 Km,-17.2789,-69.9432,TACNA,TARATA,TICACO,357.6626373728023,582.0,0,0,0
25/04/2021 00:02:33,3.7,14 Km,-17.2713,-69.9351,TACNA,TARATA,TICACO,357.6626373728023,582.0,0,0,0
24/04/2021 22:25:26,3.7,13 Km,-17.2682,-69.9303,TACNA,TARATA,TICACO,357.6626373728023,582.0,0,0,0
24/04/2021 10:28:23,4.4,57 Km,-16.4389,-72.9549,AREQUIPA,CAMANA,OCOÑA,1421.3956481234984,4005.0,0,0,0
24/04/2021 00:01:39,4.7,36 Km,-8.3554,-79.8779,,,,,,0,0,0
23/04/2021 11:58:15,3.6,11 Km,-7.8895,-77.9828,LA LIBERTAD,SANCHEZ CARRION,CURGOS,98.39334590455412,8865.0,1,0,0
23/04/2021 03:59:02,3.7,9 Km,-15.6645,-71.913,AREQUIPA,CAYLLOMA,CABANACONDE,462.305213456443,2077.0,2,0,1
22/04/2021 20:20:43,4.5,25 Km,-10.3204,-78.7778,,,,,,0,0,0
22/04/2021 02:27:37,4.3,127 Km,-15.4087,-72.5439,AREQUIPA,CONDESUYOS,CAYARANI,1394.7690432236327,3263.0,0,0,0
21/04/2021 12:24:53,3.8,62 Km,-11.8157,-77.2888,,,,,,0,0,0
21/04/2021 11:11:09,4.0,63 Km,-12.4116,-77.1026,,,,,,0,0,0
21/04/2021 08:19:13,3.6,9 Km,-15.652,-71.8138,AREQUIPA,CAYLLOMA,MACA,237.26286538445896,683.0,3,0,1
20/04/2021 14:41:44,3.7,33 Km,-12.3604,-77.7007,,,,,,0,0,0
20/04/2021 06:01:46,3.8,40 Km,-16.748,-72.31,AREQUIPA,CAMANA,QUILCA,897.152176474595,1093.0,0,0,0
20/04/2021 03:34:27,4.0,51 Km,-16.7884,-72.3062,AREQUIPA,CAMANA,QUILCA,897.152176474595,1093.0,0,0,0
19/04/2021 23:53:29,5.0,44 Km,-12.648,-76.8788,,,,,,0,0,0
19/04/2021 19:17:13,4.3,30 Km,-15.4588,-75.3971,,,,,,0,0,0
19/04/2021 17:47:01,3.9,10 Km,-15.8042,-71.7178,AREQUIPA,CAYLLOMA,ACHOMA,366.1901216924418,817.0,0,0,0
19/04/2021 15:31:51,4.0,93 Km,-17.6069,-70.7727,TACNA,JORGE BASADRE,LOCUMBA,849.6462965669589,2732.0,1,1,1
19/04/2021 13:38:21,3.4,7 Km,-15.8036,-71.7177,AREQUIPA,CAYLLOMA,ACHOMA,366.1901216924418,817.0,0,0,0
18/04/2021 22:15:20,3.2,17 Km,-16.3341,-71.6833,AREQUIPA,AREQUIPA,YURA,1923.1678382491139,44322.0,3,0,3
18/04/2021 19:27:33,4.7,24 Km,-17.7449,-70.5484,TACNA,TACNA,INCLAN,1441.5926674600812,2586.0,0,0,1
18/04/2021 09:51:57,4.3,19 Km,-12.5326,-76.0711,LIMA,YAUYOS,ALLAUCA,517.7219577824086,1034.0,0,0,0
18/04/2021 04:02:22,3.9,33 Km,-16.8086,-72.3378,,,,,,0,0,0
17/04/2021 23:55:28,3.9,12 Km,-15.8329,-71.7343,AREQUIPA,CAYLLOMA,ACHOMA,366.1901216924418,817.0,0,0,0
17/04/2021 19:51:36,3.9,12 Km,-15.8153,-71.7221,AREQUIPA,CAYLLOMA,ACHOMA,366.1901216924418,817.0,0,0,0
17/04/2021 18:47:40,4.3,42 Km,-16.7282,-72.3179,AREQUIPA,CAMANA,QUILCA,897.152176474595,1093.0,0,0,0
17/04/2021 18:45:28,4.9,40 Km,-16.7781,-72.3126,AREQUIPA,CAMANA,QUILCA,897.152176474595,1093.0,0,0,0
17/04/2021 14:07:37,3.8,13 Km,-15.7951,-71.7248,AREQUIPA,CAYLLOMA,ACHOMA,366.1901216924418,817.0,0,0,0
17/04/2021 13:52:23,3.7,10 Km,-15.8081,-71.7084,AREQUIPA,CAYLLOMA,ACHOMA,366.1901216924418,817.0,0,0,0
17/04/2021 13:12:14,3.4,11 Km,-15.7965,-71.7109,AREQUIPA,CAYLLOMA,ACHOMA,366.1901216924418,817.0,0,0,0
15/04/2021 14:16:26,4.8,27 Km,-8.8249,-80.2478,,,,,,0,0,0
15/04/2021 05:05:50,4.5,38 Km,-15.7657,-74.6356,,,,,,0,0,0
14/04/2021 22:13:26,4.8,139 Km,-3.1454,-75.8211,LORETO,LORETO,TROMPETEROS,12565.554565892075,11071.0,0,0,0
12/04/2021 19:11:52,4.0,35 Km,-15.7782,-75.4137,,,,,,0,0,0
10/04/2021 20:50:08,4.0,47 Km,-7.035,-80.3418,,,,,,0,0,0
08/04/2021 04:27:35,3.3,7 Km,-13.9504,-71.9932,CUSCO,CHUMBIVILCAS,CAPACMARCA,268.28824967115554,4097.0,0,0,1
08/04/2021 02:59:43,4.7,144 Km,-7.4175,-74.6522,LORETO,UCAYALI,CONTAMANA,11003.035429161104,28648.0,0,0,0
07/04/2021 16:18:34,4.4,46 Km,-10.8322,-78.3669,,,,,,0,0,0
07/04/2021 14:33:16,4.1,188 Km,-16.2863,-70.3679,MOQUEGUA,GENERAL SANCHEZ CERRO,ICHUÑA,1003.869801819972,2950.0,0,0,0
06/04/2021 14:36:18,4.2,37 Km,-5.8469,-81.1097,PIURA,SECHURA,SECHURA,5677.977347816637,52436.0,2,0,1
05/04/2021 19:15:29,4.4,141 Km,-8.1219,-74.6349,UCAYALI,CORONEL PORTILLO,YARINACOCHA,661.1835318305746,121443.0,0,0,0
05/04/2021 11:41:57,4.3,28 Km,-3.4952,-80.8204,,,,,,0,0,0
05/04/2021 01:48:34,4.1,149 Km,-15.2333,-71.6764,AREQUIPA,CAYLLOMA,CAYLLOMA,1508.33264590118,3677.0,0,0,0
04/04/2021 10:08:30,3.6,8 Km,-15.6551,-71.9589,AREQUIPA,CAYLLOMA,CABANACONDE,462.305213456443,2077.0,1,0,1
04/04/2021 05:17:54,4.0,132 Km,-9.0252,-75.1356,HUANUCO,PUERTO INCA,TOURNAVISTA,1739.5610777174197,6642.0,0,0,0
03/04/2021 22:27:54,3.8,13 Km,-6.0885,-76.9433,SAN MARTIN,MOYOBAMBA,JEPELACIO,386.19684689082254,15771.0,4,1,1
02/04/2021 22:00:21,3.4,16 Km,-13.9111,-72.0,CUSCO,PARURO,CCAPI,326.0978080883845,3087.0,0,0,2
01/04/2021 17:35:40,3.9,85 Km,-16.8203,-71.7943,AREQUIPA,ISLAY,MOLLENDO,933.9830468783583,26658.0,0,0,0
01/04/2021 05:50:14,4.3,86 Km,-13.9193,-72.6914,APURIMAC,GRAU,CURPAHUASI,310.40005322287607,1918.0,0,0,1
31/03/2021 07:04:12,4.0,147 Km,-8.7227,-74.5781,HUANUCO,PUERTO INCA,HONORIA,948.5424258598349,4711.0,0,0,0
31/03/2021 06:20:36,4.0,63 Km,-3.0391,-80.0845,,,,,,0,0,0
31/03/2021 02:26:09,4.6,85 Km,-16.5115,-72.395,AREQUIPA,CAYLLOMA,MAJES,1648.4337671085377,72859.0,0,0,0
30/03/2021 04:17:18,4.8,29 Km,-10.6132,-78.7168,,,,,,0,0,0
30/03/2021 01:12:43,4.1,133 Km,-7.5678,-76.3146,SAN MARTIN,BELLAVISTA,ALTO BIAVO,5956.58747119889,9880.0,0,0,0
28/03/2021 09:22:16,3.8,43 Km,-12.3645,-76.8936,,,,,,4,0,1
28/03/2021 02:14:21,4.6,146 Km,-15.3239,-72.0639,AREQUIPA,CASTILLA,CHOCO,904.4432006779886,641.0,0,0,0
28/03/2021 01:07:54,3.9,20 Km,-16.6428,-73.457,,,,,,0,0,0
27/03/2021 15:40:01,3.5,14 Km,-15.7631,-72.0901,AREQUIPA,CAYLLOMA,HUAMBO,716.367191636351,655.0,0,0,2
26/03/2021 15:17:47,3.6,14 Km,-15.7704,-72.1096,AREQUIPA,CAYLLOMA,HUAMBO,716.367191636351,655.0,0,0,2
26/03/2021 00:19:30,4.3,165 Km,-15.6714,-71.6379,AREQUIPA,CAYLLOMA,YANQUE,1114.9445709373017,2150.0,2,0,1
25/03/2021 08:45:46,3.0,5 Km,-13.1015,-72.9314,CUSCO,LA CONVENCION,VILCABAMBA,2366.6330657449657,10146.0,0,0,1
25/03/2021 01:51:51,4.0,72 Km,-13.6913,-75.9984,ICA,PISCO,INDEPENDENCIA,268.59181318652395,14733.0,0,0,1
24/03/2021 08:27:18,5.1,12 Km,-17.8138,-77.0503,,,,,,0,0,0
24/03/2021 05:39:42,4.2,32 Km,-11.0533,-78.2198,,,,,,0,0,0
23/03/2021 01:42:55,4.9,28 Km,-9.8606,-78.8932,,,,,,0,0,0
23/03/2021 00:41:26,4.0,51 Km,-14.3375,-76.0166,ICA,PISCO,PARACAS,1425.1806077941,9546.0,0,0,0
22/03/2021 16:58:40,4.3,56 Km,-15.8833,-74.179,AREQUIPA,CARAVELI,CHAPARRA,1501.5147884944192,3567.0,2,0,2
21/03/2021 18:23:13,3.6,7 Km,-15.6878,-71.9208,AREQUIPA,CAYLLOMA,CABANACONDE,462.305213456443,2077.0,2,0,1
20/03/2021 08:03:52,3.7,23 Km,-16.7982,-71.4923,AREQUIPA,ISLAY,COCACHACRA,1553.6412565678545,8321.0,0,0,0
19/03/2021 10:03:36,4.3,107 Km,-6.7113,-75.8376,SAN MARTIN,SAN MARTIN,HUIMBAYOC,1712.957314221571,5624.0,0,0,0
18/03/2021 23:29:27,4.3,153 Km,-8.8367,-74.5062,UCAYALI,CORONEL PORTILLO,IPARIA,7368.483783638121,12481.0,0,0,0
16/03/2021 17:16:38,4.0,51 Km,-5.963,-80.4701,PIURA,SECHURA,SECHURA,5677.977347816637,52436.0,0,0,0
16/03/2021 14:52:51,3.5,12 Km,-17.4615,-69.9094,TACNA,TARATA,TARATA,886.2480505659898,3583.0,0,0,0
16/03/2021 00:39:33,4.3,49 Km,-15.7797,-74.4469,,,,,,1,0,0
15/03/2021 12:39:16,4.2,89 Km,-15.0016,-74.7611,ICA,NASCA,MARCONA,1943.8301700860184,18634.0,0,0,0
14/03/2021 13:46:23,3.7,36 Km,-17.0203,-71.6625,AREQUIPA,ISLAY,COCACHACRA,1553.6412565678545,8321.0,0,0,0
13/03/2021 22:21:14,4.4,239 Km,-15.6413,-70.2284,PUNO,SAN ROMAN,CABANA,193.94593956929276,5547.0,0,0,0
13/03/2021 16:25:20,3.7,8 Km,-10.6359,-75.3665,PASCO,OXAPAMPA,OXAPAMPA,401.887863014689,17466.0,2,1,1
13/03/2021 10:36:11,4.0,119 Km,-3.9988,-77.2804,LORETO,DATEM DEL MARAÑON,MORONA,11043.901372452485,4457.0,0,0,0
12/03/2021 09:10:57,3.6,21 Km,-16.3639,-71.9994,AREQUIPA,AREQUIPA,VITOR,1534.435436497687,4713.0,0,0,0
12/03/2021 06:43:44,3.5,12 Km,-10.1309,-75.8612,HUANUCO,PACHITEA,PANAO,1609.1340808707403,17963.0,0,0,0
12/03/2021 04:55:41,4.0,18 Km,-4.2678,-77.4836,LORETO,DATEM DEL MARAÑON,MANSERICHE,3570.0437779945487,9482.0,0,0,0
11/03/2021 06:36:08,3.6,11 Km,-15.7567,-72.0947,AREQUIPA,CAYLLOMA,HUAMBO,716.367191636351,655.0,0,0,2
11/03/2021 05:29:11,4.0,26 Km,-16.6624,-73.3341,,,,,,0,0,0
11/03/2021 01:35:35,4.0,62 Km,-15.4642,-74.5997,AREQUIPA,CARAVELI,ACARI,1156.6737277356124,5283.0,1,0,2
10/03/2021 05:57:01,4.2,11 Km,-14.3649,-71.3448,CUSCO,CANAS,LANGUI,171.66149265446927,2079.0,0,0,1
09/03/2021 14:16:31,5.4,128 Km,-8.9163,-75.8867,UCAYALI,PADRE ABAD,PADRE ABAD,3573.6205002163974,29520.0,0,0,0
09/03/2021 02:47:45,4.6,17 Km,-8.6741,-79.8808,,,,,,0,0,0
07/03/2021 18:36:32,3.7,8 Km,-15.7336,-71.9849,AREQUIPA,CAYLLOMA,CABANACONDE,462.305213456443,2077.0,0,0,0
07/03/2021 13:30:39,4.4,138 Km,-9.6463,-75.0891,HUANUCO,PUERTO INCA,YUYAPICHIS,2065.0800207990987,6772.0,0,0,0
07/03/2021 08:47:55,3.6,11 Km,-15.7116,-72.0756,AREQUIPA,CAYLLOMA,HUAMBO,716.367191636351,655.0,0,0,2
07/03/2021 04:21:58,3.5,21 Km,-16.7159,-71.4989,AREQUIPA,AREQUIPA,YARABAMBA,486.8475301150486,1584.0,0,0,0
07/03/2021 01:49:31,3.9,17 Km,-17.5194,-69.8289,TACNA,TACNA,PALCA,1462.9568465577868,2309.0,0,0,0
06/03/2021 21:32:41,3.4,10 Km,-15.6281,-71.7908,AREQUIPA,CAYLLOMA,LARI,389.8791194758872,830.0,3,0,1
06/03/2021 21:27:50,3.5,10 Km,-15.7222,-71.9826,AREQUIPA,CAYLLOMA,CABANACONDE,462.305213456443,2077.0,0,0,0
06/03/2021 20:45:35,3.6,9 Km,-15.7327,-71.9873,AREQUIPA,CAYLLOMA,CABANACONDE,462.305213456443,2077.0,0,0,0
06/03/2021 17:47:44,3.6,9 Km,-15.7775,-72.0952,AREQUIPA,CAYLLOMA,HUAMBO,716.367191636351,655.0,0,0,2
06/03/2021 16:07:27,3.8,12 Km,-15.7161,-71.9881,AREQUIPA,CAYLLOMA,CABANACONDE,462.305213456443,2077.0,0,0,0
06/03/2021 12:23:37,4.2,7 Km,-15.7766,-72.1009,AREQUIPA,CAYLLOMA,HUAMBO,716.367191636351,655.0,0,0,2
06/03/2021 12:19:10,4.6,8 Km,-15.7793,-72.0879,AREQUIPA,CAYLLOMA,HUAMBO,716.367191636351,655.0,0,0,2
06/03/2021 05:54:56,4.0,31 Km,-7.5018,-80.0282,,,,,,0,0,0
06/03/2021 01:39:57,4.2,127 Km,-10.8234,-73.9636,UCAYALI,ATALAYA,RAIMONDI,14539.205149323814,40699.0,0,0,0
06/03/2021 01:18:59,3.6,11 Km,-15.7894,-71.7656,AREQUIPA,CAYLLOMA,ACHOMA,366.1901216924418,817.0,0,0,0
06/03/2021 00:19:48,4.0,23 Km,-14.6095,-76.126,,,,,,0,0,0
05/03/2021 19:09:48,5.0,33 Km,-9.2369,-79.2022,,,,,,0,0,0
05/03/2021 15:05:24,3.8,104 Km,-18.3728,-69.9648,,,,,,0,0,0
05/03/2021 08:42:13,4.1,24 Km,-4.7581,-81.0166,PIURA,TALARA,LA BREA,833.1169406336685,13250.0,0,0,0
04/03/2021 16:31:08,4.2,44 Km,-15.2071,-75.0751,ICA,NASCA,MARCONA,1943.8301700860184,18634.0,0,0,0
03/03/2021 14:30:22,4.0,38 Km,-14.8893,-76.0341,,,,,,0,0,0
02/03/2021 20:30:56,4.9,39 Km,-5.6215,-80.962,,,,,,0,0,0
02/03/2021 16:02:26,3.6,10 Km,-15.6694,-71.8269,AREQUIPA,CAYLLOMA,MACA,237.26286538445896,683.0,3,0,1
02/03/2021 12:50:46,3.7,15 Km,-17.2813,-69.9528,TACNA,TARATA,TICACO,357.6626373728023,582.0,0,0,0
02/03/2021 09:44:36,3.7,13 Km,-12.2945,-75.2126,JUNIN,HUANCAYO,COLCA,110.80708196193184,1014.0,0,0,0
28/02/2021 22:41:36,4.1,96 Km,-18.4669,-69.8453,,,,,,0,0,0
28/02/2021 20:40:51,4.5,28 Km,-17.601,-72.6153,,,,,,0,0,0
27/02/2021 21:16:03,5.7,25 Km,-17.633,-72.613,,,,,,0,0,0
27/02/2021 19:13:05,3.7,17 Km,-9.3727,-77.6993,ANCASH,CARHUAZ,CARHUAZ,195.58314779568514,16804.0,2,0,0
26/02/2021 03:09:48,4.2,101 Km,-3.5362,-77.1682,LORETO,DATEM DEL MARAÑON,MORONA,11043.901372452485,4457.0,0,0,0
25/02/2021 22:57:13,3.4,14 Km,-15.6351,-71.9646,AREQUIPA,CAYLLOMA,CABANACONDE,462.305213456443,2077.0,1,0,1
25/02/2021 11:28:33,4.0,124 Km,-11.9773,-76.1177,LIMA,HUAROCHIRI,SAN JUAN DE TANTARANCHE,138.83021147264873,339.0,0,0,0
24/02/2021 17:07:32,4.0,43 Km,-12.408,-77.0608,,,,,,0,0,0
23/02/2021 10:51:30,3.6,52 Km,-12.954,-76.8012,,,,,,0,0,0
22/02/2021 14:31:55,4.4,19 Km,-9.2381,-74.8899,HUANUCO,PUERTO INCA,PUERTO INCA,2389.4306144477373,10781.0,0,0,0
22/02/2021 14:08:28,4.4,130 Km,-9.6294,-74.8746,HUANUCO,PUERTO INCA,YUYAPICHIS,2065.0800207990987,6772.0,0,0,0
22/02/2021 10:21:31,4.6,38 Km,-15.3852,-75.8775,,,,,,0,0,0
22/02/2021 07:41:47,4.0,53 Km,-17.1134,-71.6705,AREQUIPA,ISLAY,PUNTA DE BOMBON,758.3866319326527,6458.0,1,0,1
21/02/2021 18:52:03,4.0,19 Km,-9.2505,-74.9101,HUANUCO,PUERTO INCA,PUERTO INCA,2389.4306144477373,10781.0,0,0,0
21/02/2021 13:09:34,4.5,29 Km,-9.1833,-74.887,HUANUCO,PUERTO INCA,PUERTO INCA,2389.4306144477373,10781.0,0,0,0
20/02/2021 14:49:46,5.0,27 Km,-9.1755,-74.8175,HUANUCO,PUERTO INCA,PUERTO INCA,2389.4306144477373,10781.0,0,0,0
19/02/2021 10:15:51,3.8,14 Km,-9.0077,-77.953,ANCASH,HUAYLAS,PAMPAROMAS,501.0092613968977,8580.0,3,0,0
18/02/2021 05:51:27,5.0,111 Km,-3.9874,-79.003,,,,,,3,1,1
16/02/2021 20:08:34,3.5,14 Km,-16.8107,-71.3762,MOQUEGUA,GENERAL SANCHEZ CERRO,LA CAPILLA,781.3442385322384,504.0,0,0,0
16/02/2021 12:16:39,3.6,14 Km,-17.4306,-69.8842,TACNA,TARATA,TARATA,886.2480505659898,3583.0,0,0,0
16/02/2021 12:04:41,4.0,74 Km,-16.3292,-72.8996,AREQUIPA,CAMANA,OCOÑA,1421.3956481234984,4005.0,0,0,0
15/02/2021 15:48:54,4.6,104 Km,-4.0057,-77.4557,LORETO,DATEM DEL MARAÑON,MORONA,11043.901372452485,4457.0,0,0,0
15/02/2021 12:31:14,3.9,104 Km,-14.986,-73.1191,AYACUCHO,PAUCAR DEL SARA SARA,OYOLO,793.8825009992133,1682.0,0,0,0
15/02/2021 08:44:16,3.7,11 Km,-17.4507,-69.8764,TACNA,TARATA,TARATA,886.2480505659898,3583.0,0,0,0
15/02/2021 07:12:48,4.4,164 Km,-8.5731,-74.4152,UCAYALI,CORONEL PORTILLO,MASISEA,14703.963010097246,11997.0,0,0,0
15/02/2021 05:32:44,4.8,49 Km,-8.6645,-80.6921,,,,,,0,0,0
15/02/2021 04:17:41,4.4,110 Km,-3.4755,-76.8544,LORETO,DATEM DEL MARAÑON,ANDOAS,11788.441725974673,16142.0,0,0,0
13/02/2021 00:48:23,3.6,9 Km,-17.4798,-69.9166,TACNA,TARATA,TARUCACHI,107.39773112697364,309.0,0,0,0
13/02/2021 00:18:31,5.4,75 Km,-4.1493,-80.4579,PIURA,SULLANA,LANCONES,2153.5395627277157,13333.0,0,0,0
12/02/2021 23:41:57,3.6,7 Km,-17.4485,-69.9045,TACNA,TARATA,TARATA,886.2480505659898,3583.0,0,0,0
12/02/2021 15:14:54,4.4,37 Km,-11.2463,-78.2051,,,,,,0,0,0
12/02/2021 10:34:11,4.0,131 Km,-15.1712,-72.3753,AREQUIPA,CONDESUYOS,CAYARANI,1394.7690432236327,3263.0,0,0,0
11/02/2021 02:04:40,4.0,26 Km,-9.7003,-78.9547,,,,,,0,0,0
10/02/2021 01:20:11,3.9,59 Km,-8.7933,-79.0748,,,,,,0,0,0
09/02/2021 22:10:33,4.2,160 Km,-15.4398,-71.6607,AREQUIPA,CAYLLOMA,TUTI,239.98972993939353,590.0,0,0,0
09/02/2021 06:28:21,4.8,93 Km,-18.6277,-69.9875,,,,,,0,0,0
08/02/2021 20:40:57,5.1,36 Km,-5.4435,-77.4638,LORETO,DATEM DEL MARAÑON,BARRANCA,7390.874928637884,16155.0,0,0,0
08/02/2021 16:11:01,4.9,111 Km,-16.4588,-71.9266,AREQUIPA,AREQUIPA,VITOR,1534.435436497687,4713.0,3,0,2
07/02/2021 07:50:51,3.6,8 Km,-15.7083,-71.7902,AREQUIPA,CAYLLOMA,MACA,237.26286538445896,683.0,1,0,0
05/02/2021 20:23:07,4.5,45 Km,-6.1151,-75.471,LORETO,UCAYALI,SARAYACU,6244.4583735259985,15288.0,0,0,0
05/02/2021 18:55:15,4.8,36 Km,-11.0763,-78.2306,,,,,,0,0,0
05/02/2021 05:08:11,4.3,121 Km,-10.2473,-74.9909,PASCO,OXAPAMPA,PUERTO BERMUDEZ,7672.2762987020205,22000.0,0,0,0
04/02/2021 01:46:31,4.0,15 Km,-10.6204,-75.2033,PASCO,OXAPAMPA,VILLA RICA,822.56671167192,18534.0,0,0,0
03/02/2021 12:20:22,3.3,14 Km,-15.6356,-71.7877,AREQUIPA,CAYLLOMA,MACA,237.26286538445896,683.0,3,0,1
03/02/2021 06:41:51,4.7,90 Km,-2.9858,-77.533,LORETO,DATEM DEL MARAÑON,MORONA,11043.901372452485,4457.0,0,0,0
02/02/2021 20:00:12,4.0,28 Km,-16.5278,-73.8837,,,,,,0,0,0
02/02/2021 17:57:54,4.5,23 Km,-15.2158,-75.9369,,,,,,0,0,0
02/02/2021 16:44:11,4.3,36 Km,-15.1939,-75.8782,,,,,,0,0,0
02/02/2021 04:01:57,4.2,139 Km,-14.8671,-71.9162,AREQUIPA,CAYLLOMA,CAYLLOMA,1508.33264590118,3677.0,0,0,0
02/02/2021 03:25:11,3.6,52 Km,-17.0983,-72.075,,,,,,2,2,1
01/02/2021 10:20:17,4.0,106 Km,-17.321,-70.99,MOQUEGUA,MARISCAL NIETO,SAN ANTONIO,461.82540051212715,28592.0,0,0,0
01/02/2021 09:36:08,4.1,135 Km,-7.5351,-76.5483,SAN MARTIN,BELLAVISTA,HUALLAGA,256.29489046146443,2734.0,0,0,0
01/02/2021 08:12:12,4.7,139 Km,-5.8992,-77.0798,SAN MARTIN,MOYOBAMBA,MOYOBAMBA,2699.074096293949,86774.0,0,0,0
31/01/2021 23:39:46,3.7,23 Km,-16.7717,-71.5498,AREQUIPA,ISLAY,COCACHACRA,1553.6412565678545,8321.0,0,0,0
31/01/2021 17:36:55,3.6,50 Km,-11.9106,-77.4207,,,,,,0,0,0
30/01/2021 08:24:57,5.1,31 Km,-19.891,-70.5124,,,,,,0,0,0
30/01/2021 03:35:44,3.9,24 Km,-4.9971,-78.5156,AMAZONAS,BAGUA,IMAZA,4597.423308657608,32789.0,0,0,0
30/01/2021 03:22:05,4.4,123 Km,-18.2831,-69.7948,,,,,,0,0,0
29/01/2021 10:46:03,4.4,157 Km,-8.3283,-74.3484,UCAYALI,CORONEL PORTILLO,CALLERIA,11645.766871791395,174981.0,0,0,0
29/01/2021 05:56:59,4.4,132 Km,-14.9788,-72.0532,AREQUIPA,CASTILLA,CHACHAS,1197.603383152886,1611.0,0,0,0
28/01/2021 23:58:02,4.3,109 Km,-13.4867,-74.9395,HUANCAVELICA,HUAYTARA,PILPICHACA,2177.7816332040456,2799.0,0,0,0
28/01/2021 16:16:31,4.0,35 Km,-16.4953,-74.0804,,,,,,0,0,0
24/01/2021 20:46:04,3.8,18 Km,-15.0594,-71.168,CUSCO,ESPINAR,OCORURO,360.4848622525986,962.0,0,0,0
24/01/2021 09:19:19,3.7,51 Km,-12.1333,-77.2088,,,,,,11,6,6
23/01/2021 06:23:55,4.2,55 Km,-13.9943,-76.044,ICA,PISCO,PARACAS,1425.1806077941,9546.0,0,0,0
21/01/2021 07:57:45,3.8,75 Km,-18.1027,-70.7614,,,,,,0,0,1
21/01/2021 05:50:50,4.0,12 Km,-7.2548,-80.8309,,,,,,0,0,0
21/01/2021 05:15:32,4.8,73 Km,-2.2996,-79.701,,,,,,0,0,0
20/01/2021 19:27:47,5.2,32 Km,-14.9737,-75.5767,,,,,,0,0,0
20/01/2021 18:09:15,5.5,23 Km,-15.1073,-75.79,,,,,,0,0,0
20/01/2021 17:59:13,5.1,42 Km,-15.0621,-75.6662,,,,,,0,0,0
20/01/2021 17:49:29,4.7,33 Km,-15.0279,-75.5881,,,,,,0,0,0
20/01/2021 17:27:43,5.5,41 Km,-15.1498,-75.7829,,,,,,0,0,0
20/01/2021 01:58:44,4.1,131 Km,-9.7114,-75.4651,HUANUCO,PUERTO INCA,CODO DEL POZUZO,3221.2599690701472,8400.0,0,0,0
19/01/2021 19:26:48,3.7,21 Km,-11.4012,-75.9082,JUNIN,YAULI,PACCHA,322.71267234431235,1623.0,0,0,0
19/01/2021 03:51:35,4.0,52 Km,-15.8334,-74.3299,AREQUIPA,CARAVELI,ATIQUIPA,423.06368687249454,466.0,3,0,2
18/01/2021 20:41:30,4.1,64 Km,-17.0572,-72.3286,,,,,,0,0,0
17/01/2021 23:13:29,4.0,34 Km,-15.1272,-75.7619,,,,,,0,0,0
17/01/2021 04:58:12,3.6,22 Km,-11.8615,-77.8184,,,,,,0,0,0
17/01/2021 02:15:01,3.8,73 Km,-8.15,-79.1401,,,,,,8,1,3
17/01/2021 01:09:31,4.0,106 Km,-13.5512,-74.8169,HUANCAVELICA,HUAYTARA,PILPICHACA,2177.7816332040456,2799.0,0,0,0
16/01/2021 20:05:08,4.6,39 Km,-14.7413,-76.1022,,,,,,0,0,0
16/01/2021 14:44:19,4.5,21 Km,-10.7254,-78.527,,,,,,0,0,0
15/01/2021 23:46:59,4.5,29 Km,-13.8529,-76.7581,,,,,,0,0,0
15/01/2021 18:51:16,4.5,51 Km,-12.6995,-77.1242,,,,,,0,0,0
15/01/2021 10:13:44,4.6,45 Km,-3.9402,-81.2469,,,,,,0,0,0
15/01/2021 00:47:50,4.0,16 Km,-10.2711,-75.5307,PASCO,OXAPAMPA,POZUZO,716.0790748858549,4377.0,0,0,0
12/01/2021 20:12:06,4.0,25 Km,-15.0003,-75.6142,,,,,,0,0,0
12/01/2021 13:48:32,4.1,47 Km,-12.452,-76.9323,,,,,,0,0,0
11/01/2021 03:22:20,4.2,52 Km,-14.6113,-75.6962,ICA,ICA,OCUCAJE,1399.7877454209577,5297.0,0,0,0
11/01/2021 01:05:50,4.7,152 Km,-3.6921,-74.8913,LORETO,LORETO,TIGRE,20113.783761806637,7597.0,0,0,0
10/01/2021 23:00:11,4.4,42 Km,-12.7169,-78.1989,,,,,,0,0,0
09/01/2021 01:40:59,3.5,36 Km,-17.2285,-71.3018,MOQUEGUA,MARISCAL NIETO,MOQUEGUA,3496.5014394191817,47073.0,0,0,0
08/01/2021 17:55:06,3.6,12 Km,-16.4913,-71.9079,AREQUIPA,AREQUIPA,VITOR,1534.435436497687,4713.0,5,0,4
08/01/2021 03:25:07,3.9,17 Km,-6.3476,-78.7238,CAJAMARCA,CUTERVO,SOCOTA,155.26096697802885,9072.0,0,0,0
07/01/2021 18:53:00,4.4,146 Km,-4.721,-75.9001,LORETO,ALTO AMAZONAS,LAGUNAS,6056.455317810317,13713.0,0,0,0
06/01/2021 18:00:04,3.4,7 Km,-15.7106,-72.0329,AREQUIPA,CAYLLOMA,CABANACONDE,462.305213456443,2077.0,0,0,3
06/01/2021 11:38:41,5.0,108 Km,-19.6883,-69.4649,,,,,,0,0,0
04/01/2021 11:24:24,4.1,55 Km,-15.5917,-74.857,,,,,,1,0,1
03/01/2021 09:51:31,3.5,11 Km,-17.5621,-70.04,TACNA,TARATA,ESTIQUE-PAMPA,148.42092233113792,322.0,1,1,2
03/01/2021 07:06:59,3.9,61 Km,-15.8968,-74.2001,,,,,,2,0,2
03/01/2021 05:14:19,4.6,31 Km,-7.2251,-80.9195,,,,,,0,0,0
02/01/2021 22:42:51,4.1,38 Km,-16.2533,-73.7271,,,,,,0,0,0
01/01/2021 08:15:40,4.4,37 Km,-8.2573,-79.7605,,,,,,0,0,0
31/12/2020 22:09:38,4.3,90 Km,-15.6684,-73.8533,AREQUIPA,CARAVELI,QUICACHA,1035.95685117263,1902.0,0,0,0
31/12/2020 06:20:39,4.0,94 Km,-15.0872,-74.5657,AYACUCHO,LUCANAS,SANTA LUCIA,1033.282033745887,1455.0,0,0,0
30/12/2020 22:40:31,3.5,13 Km,-15.7166,-71.8202,AREQUIPA,CAYLLOMA,MACA,237.26286538445896,687.0,0,0,0
30/12/2020 21:28:28,4.2,18 Km,-15.7803,-75.0419,,,,,,0,0,0
30/12/2020 19:10:36,4.0,44 Km,-16.1055,-74.4257,,,,,,0,0,0
30/12/2020 15:22:40,3.7,12 Km,-11.3012,-75.6121,JUNIN,TARMA,HUASAHUASI,636.8727985044351,9768.0,1,0,0
30/12/2020 03:13:01,4.2,44 Km,-5.1335,-80.7949,PIURA,SULLANA,MIGUEL CHECA,480.8689150982453,10210.0,0,0,0
29/12/2020 22:49:33,4.0,133 Km,-5.6122,-77.2993,SAN MARTIN,MOYOBAMBA,MOYOBAMBA,2699.074096293949,85365.0,0,0,0
29/12/2020 03:20:50,4.0,37 Km,-16.0895,-74.3887,,,,,,0,0,0
29/12/2020 00:45:02,4.0,32 Km,-18.5814,-71.0856,,,,,,0,0,0
27/12/2020 16:12:30,3.6,8 Km,-11.6639,-76.3317,LIMA,HUAROCHIRI,CARAMPOMA,231.83375409034852,312.0,0,0,1
27/12/2020 08:55:20,5.2,121 Km,-19.1226,-69.7226,,,,,,0,0,0
27/12/2020 02:11:09,6.0,41 Km,-16.1402,-74.4222,,,,,,0,0,0
26/12/2020 18:32:44,4.9,26 Km,-11.3444,-73.3573,CUSCO,LA CONVENCION,MEGANTONI,10713.82473732827,7499.0,0,0,0
26/12/2020 06:10:40,3.7,23 Km,-16.5453,-71.821,AREQUIPA,AREQUIPA,LA JOYA,697.0067549969054,38103.0,1,0,3
26/12/2020 02:19:19,3.4,10 Km,-15.7048,-71.7497,AREQUIPA,CAYLLOMA,MACA,237.26286538445896,687.0,1,0,0
25/12/2020 18:52:13,4.5,44 Km,-17.4713,-71.2867,MOQUEGUA,ILO,EL ALGARROBAL,749.6978318141943,7257.0,0,0,0
25/12/2020 10:57:56,4.1,67 Km,-13.5123,-76.2932,,,,,,0,0,0
25/12/2020 10:48:41,3.6,50 Km,-12.5543,-76.7565,,,,,,2,1,1
25/12/2020 03:13:50,4.1,128 Km,-11.3742,-76.0006,JUNIN,YAULI,PACCHA,322.71267234431235,1644.0,0,0,0
24/12/2020 03:15:34,3.5,17 Km,-16.7179,-71.4853,AREQUIPA,AREQUIPA,YARABAMBA,486.8475301150486,1528.0,0,0,0
23/12/2020 22:20:07,3.7,69 Km,-12.482,-76.5698,LIMA,CAÑETE,CALANGO,526.8947797883505,2409.0,0,0,0
23/12/2020 07:01:14,4.2,59 Km,-3.5701,-80.2156,TUMBES,ZARUMILLA,PAPAYAL,204.00816561796472,7133.0,7,3,4
23/12/2020 02:08:43,4.3,31 Km,-9.424,-79.3579,,,,,,0,0,0
22/12/2020 18:21:22,3.6,14 Km,-16.9536,-71.1297,MOQUEGUA,MARISCAL NIETO,MOQUEGUA,3496.5014394191817,74486.0,0,0,0
22/12/2020 11:16:46,4.1,36 Km,-9.8189,-78.8111,,,,,,0,0,0
22/12/2020 05:46:14,4.0,147 Km,-3.5681,-77.5214,LORETO,DATEM DEL MARAÑON,MORONA,11043.901372452485,4557.0,0,0,0
21/12/2020 11:30:18,4.5,28 Km,-3.6381,-77.8651,AMAZONAS,CONDORCANQUI,RIO SANTIAGO,8088.7469214223365,17960.0,0,0,0
20/12/2020 10:55:05,4.8,20 Km,-16.351,-73.781,,,,,,0,0,0
19/12/2020 15:57:50,3.8,31 Km,-17.3157,-71.8292,,,,,,0,0,0
18/12/2020 21:22:39,3.9,14 Km,-10.227,-75.5954,PASCO,OXAPAMPA,POZUZO,716.0790748858549,4580.0,0,0,0
18/12/2020 17:08:38,3.5,12 Km,-15.7145,-72.0127,AREQUIPA,CAYLLOMA,CABANACONDE,462.305213456443,2094.0,0,0,0
18/12/2020 08:03:43,3.4,7 Km,-13.4643,-71.882,CUSCO,CALCA,TARAY,54.9707968378599,4880.0,24,4,7
17/12/2020 16:54:55,4.1,115 Km,-15.9297,-72.8061,AREQUIPA,CONDESUYOS,ANDARAY,811.1622466037838,685.0,0,0,0
17/12/2020 09:29:58,3.6,10 Km,-15.7449,-71.9659,AREQUIPA,CAYLLOMA,CABANACONDE,462.305213456443,2094.0,0,0,0
17/12/2020 02:24:59,3.5,7 Km,-15.7336,-71.9638,AREQUIPA,CAYLLOMA,CABANACONDE,462.305213456443,2094.0,0,0,0
16/12/2020 20:35:15,4.2,178 Km,-16.5911,-70.3692,MOQUEGUA,MARISCAL NIETO,CARUMAS,2275.7527968803915,2197.0,1,0,0
16/12/2020 13:28:24,3.9,88 Km,-16.717,-71.8115,AREQUIPA,AREQUIPA,LA JOYA,697.0067549969054,38103.0,0,0,1
16/12/2020 12:48:45,5.5,93 Km,-16.7226,-71.7838,AREQUIPA,ISLAY,MOLLENDO,933.9830468783583,26453.0,0,0,0
15/12/2020 14:18:41,4.0,47 Km,-8.5326,-79.5802,,,,,,0,0,0
15/12/2020 09:23:51,4.0,20 Km,-9.318,-76.1503,HUANUCO,LEONCIO PRADO,MARIANO DAMASO BERAUN,746.1763353545026,11187.0,0,0,1
14/12/2020 10:20:47,5.9,146 Km,-21.8302,-69.2749,,,,,,0,0,0
13/12/2020 09:14:24,3.4,8 Km,-15.7204,-71.8984,AREQUIPA,CAYLLOMA,CABANACONDE,462.305213456443,2094.0,0,0,0
13/12/2020 08:48:08,3.6,32 Km,-12.9352,-77.1618,,,,,,0,0,0
13/12/2020 01:38:27,3.3,11 Km,-14.4596,-72.9514,APURIMAC,ANTABAMBA,JUAN ESPINOZA MEDRANO,632.6482594657435,1738.0,0,0,0
12/12/2020 08:51:40,4.2,52 Km,-12.5986,-76.7474,,,,,,0,1,0
12/12/2020 06:09:20,3.9,24 Km,-15.9663,-74.4846,,,,,,0,0,0
12/12/2020 02:20:34,4.1,78 Km,-11.8995,-77.0818,LIMA,LIMA,PUENTE PIEDRA,50.58258009755598,395819.0,97,8,25
11/12/2020 23:43:24,3.6,15 Km,-15.7182,-71.7488,AREQUIPA,CAYLLOMA,MACA,237.26286538445896,687.0,0,0,0
11/12/2020 17:11:38,4.4,56 Km,-19.2434,-70.2686,,,,,,0,0,0
11/12/2020 08:38:23,4.0,9 Km,-8.9311,-79.9911,,,,,,0,0,0
10/12/2020 18:04:57,4.0,45 Km,-14.9483,-75.3455,ICA,NASCA,CHANGUILLO,954.7194269304609,2175.0,0,0,0
09/12/2020 22:58:18,4.2,27 Km,-10.0799,-74.8566,PASCO,OXAPAMPA,PUERTO BERMUDEZ,7672.2762987020205,21511.0,0,0,0
09/12/2020 08:45:02,3.8,15 Km,-17.2929,-69.9366,TACNA,TARATA,TICACO,357.6626373728023,582.0,0,0,0
08/12/2020 12:10:00,3.5,30 Km,-16.9326,-72.1952,,,,,,0,0,0
08/12/2020 01:09:02,3.8,20 Km,-16.4618,-71.8491,AREQUIPA,AREQUIPA,LA JOYA,697.0067549969054,38103.0,5,0,4
07/12/2020 14:53:11,4.1,59 Km,-19.2308,-70.4989,,,,,,0,0,0
07/12/2020 10:10:46,4.0,31 Km,-8.9549,-79.3446,,,,,,0,0,0
06/12/2020 11:47:41,6.2,123 Km,-20.5325,-69.4245,,,,,,2,1,0
05/12/2020 05:50:44,3.9,24 Km,-10.6974,-73.7287,UCAYALI,ATALAYA,RAIMONDI,14539.205149323814,39732.0,1,1,1
04/12/2020 10:42:54,4.0,126 Km,-7.5276,-74.6114,UCAYALI,CORONEL PORTILLO,CALLERIA,11645.766871791395,172052.0,0,0,0
03/12/2020 00:15:56,4.3,119 Km,-14.9718,-72.5819,AREQUIPA,LA UNION,PUYCA,1504.7986040169815,2346.0,0,0,0
02/12/2020 23:02:10,3.3,43 Km,-12.5367,-76.8824,,,,,,1,0,1
02/12/2020 02:37:12,4.0,54 Km,-17.8719,-71.2983,,,,,,0,0,0
01/12/2020 22:27:16,4.8,21 Km,-12.8928,-77.226,,,,,,0,0,0
01/12/2020 21:42:32,3.9,17 Km,-9.0361,-74.9526,HUANUCO,PUERTO INCA,TOURNAVISTA,1739.5610777174197,6543.0,0,0,0
01/12/2020 07:31:58,4.2,59 Km,-14.5204,-75.7069,ICA,ICA,OCUCAJE,1399.7877454209577,5141.0,0,0,0
30/11/2020 20:38:41,3.9,11 Km,-15.7246,-72.0864,AREQUIPA,CAYLLOMA,HUAMBO,716.367191636351,660.0,0,0,2
30/11/2020 07:57:19,4.3,15 Km,-11.2016,-73.2016,UCAYALI,ATALAYA,SEPAHUA,7737.011857838997,8264.0,0,0,0
30/11/2020 04:31:07,3.9,29 Km,-15.1897,-75.8921,,,,,,0,0,0
29/11/2020 05:37:03,4.8,18 Km,-5.1916,-79.2652,CAJAMARCA,SAN IGNACIO,NAMBALLE,635.682209116982,9945.0,0,0,0
28/11/2020 12:44:48,3.5,14 Km,-15.6983,-72.0032,AREQUIPA,CAYLLOMA,CABANACONDE,462.305213456443,2094.0,1,0,1
28/11/2020 03:03:15,3.9,39 Km,-5.1133,-81.0119,PIURA,PAITA,PAITA,707.9133323255332,101905.0,3,0,1
28/11/2020 02:29:30,3.8,15 Km,-9.1469,-75.7419,UCAYALI,PADRE ABAD,PADRE ABAD,3573.6205002163974,38100.0,0,0,0
28/11/2020 00:08:08,4.0,41 Km,-18.856,-70.1169,,,,,,0,0,0
27/11/2020 15:13:24,4.1,17 Km,-14.768,-76.141,,,,,,0,0,0
27/11/2020 10:05:28,3.8,56 Km,-13.0509,-76.7105,,,,,,0,0,0
26/11/2020 20:41:12,3.8,18 Km,-10.3949,-74.0839,UCAYALI,ATALAYA,RAIMONDI,14539.205149323814,39732.0,0,0,0
26/11/2020 20:34:36,4.0,104 Km,-15.0566,-72.7872,AREQUIPA,LA UNION,HUAYNACOTAS,935.7759991525745,1867.0,2,0,1
26/11/2020 16:19:32,4.0,42 Km,-12.6632,-76.8686,,,,,,0,0,0
26/11/2020 10:21:11,3.6,13 Km,-15.7471,-71.7095,AREQUIPA,CAYLLOMA,ACHOMA,366.1901216924418,817.0,0,0,0
26/11/2020 00:37:20,4.4,41 Km,-11.1227,-77.9483,,,,,,0,0,0
24/11/2020 17:14:34,3.8,59 Km,-13.9455,-76.291,,,,,,0,0,0
24/11/2020 15:21:02,4.7,28 Km,-16.2922,-73.7086,,,,,,0,0,0
23/11/2020 22:30:54,4.0,49 Km,-14.7465,-75.5364,ICA,ICA,SANTIAGO,2767.922689745546,30933.0,0,0,0
23/11/2020 04:13:42,4.0,107 Km,-15.1562,-73.036,AREQUIPA,LA UNION,CHARCANA,162.2817050601114,586.0,0,0,1
23/11/2020 03:38:05,3.5,47 Km,-11.7214,-77.6577,,,,,,0,0,0
23/11/2020 03:22:03,3.9,51 Km,-15.1235,-74.9521,ICA,NASCA,MARCONA,1943.8301700860184,18046.0,0,0,0
22/11/2020 23:13:32,3.7,10 Km,-9.989,-74.9483,PASCO,OXAPAMPA,CONSTITUCION,3050.8103885859873,17089.0,0,0,0
22/11/2020 19:01:23,3.6,31 Km,-12.6447,-76.9451,,,,,,0,0,0
21/11/2020 17:43:46,3.6,41 Km,-12.6116,-76.9411,,,,,,0,0,0
21/11/2020 03:10:54,3.7,54 Km,-12.7642,-76.7149,,,,,,0,0,0
20/11/2020 21:52:24,4.3,32 Km,-7.3212,-80.4111,,,,,,0,0,0
20/11/2020 20:35:50,3.4,10 Km,-15.6307,-71.7858,AREQUIPA,CAYLLOMA,LARI,389.8791194758872,847.0,3,0,1
20/11/2020 15:48:51,4.6,152 Km,-7.541,-74.7439,LORETO,UCAYALI,CONTAMANA,11003.035429161104,28258.0,0,0,0
20/11/2020 12:02:40,5.0,133 Km,-18.2632,-70.0352,TACNA,TACNA,TACNA,1919.688086384588,104314.0,0,0,0
19/11/2020 19:11:10,4.2,175 Km,-14.9223,-71.2568,CUSCO,ESPINAR,ESPINAR,740.5374354078001,38886.0,0,0,0
19/11/2020 12:27:21,3.2,14 Km,-15.7483,-71.7611,AREQUIPA,CAYLLOMA,MACA,237.26286538445896,687.0,0,0,0
18/11/2020 05:31:48,4.2,68 Km,-15.6268,-74.758,,,,,,1,0,1
18/11/2020 01:27:51,4.2,139 Km,-8.612,-74.7813,UCAYALI,CORONEL PORTILLO,CAMPOVERDE,1324.6762309011792,19598.0,0,0,0
17/11/2020 19:49:01,4.6,120 Km,-4.0073,-77.0665,LORETO,DATEM DEL MARAÑON,PASTAZA,9100.182512461359,6170.0,0,0,0
17/11/2020 00:12:57,3.7,12 Km,-8.7319,-76.9645,HUANUCO,MARAÑON,CHOLON,2201.9181273376357,5629.0,0,0,0
16/11/2020 12:09:08,4.0,23 Km,-9.9453,-74.8257,PASCO,OXAPAMPA,CONSTITUCION,3050.8103885859873,17089.0,0,0,0
15/11/2020 15:02:18,4.1,23 Km,-16.3478,-74.363,,,,,,0,0,0
15/11/2020 12:40:14,4.1,149 Km,-8.1226,-74.4867,UCAYALI,CORONEL PORTILLO,CALLERIA,11645.766871791395,172052.0,0,0,0
15/11/2020 03:28:56,4.0,74 Km,-10.7596,-77.9146,,,,,,0,0,0
15/11/2020 01:10:32,3.9,41 Km,-12.99,-76.9383,,,,,,0,0,0
15/11/2020 01:01:03,3.7,8 Km,-15.5928,-72.6546,AREQUIPA,CASTILLA,PAMPACOLCA,266.0522878957746,1862.0,0,0,0
13/11/2020 22:56:16,3.9,52 Km,-12.0211,-77.5516,,,,,,0,0,0
12/11/2020 23:38:12,4.5,49 Km,-15.8974,-74.676,,,,,,0,0,0
12/11/2020 19:28:56,4.7,30 Km,-8.9634,-74.9215,HUANUCO,PUERTO INCA,TOURNAVISTA,1739.5610777174197,6543.0,0,0,0
12/11/2020 12:55:50,3.7,15 Km,-15.7071,-71.7463,AREQUIPA,CAYLLOMA,MACA,237.26286538445896,687.0,1,0,0
12/11/2020 11:33:11,4.1,39 Km,-10.7821,-78.5519,,,,,,0,0,0
12/11/2020 10:57:02,4.0,18 Km,-9.823,-78.9797,,,,,,0,0,0
12/11/2020 08:21:52,4.1,143 Km,-8.6809,-74.7543,HUANUCO,PUERTO INCA,HONORIA,948.5424258598349,4782.0,0,0,0
12/11/2020 06:21:51,4.4,60 Km,-15.7636,-74.7028,,,,,,0,0,0
12/11/2020 03:43:03,4.4,120 Km,-4.7742,-77.3983,LORETO,DATEM DEL MARAÑON,MANSERICHE,3570.0437779945487,9451.0,0,0,0
11/11/2020 21:43:54,3.9,50 Km,-12.1758,-77.5252,,,,,,0,0,0
11/11/2020 21:18:30,4.5,125 Km,-15.175,-72.5572,AREQUIPA,LA UNION,PUYCA,1504.7986040169815,2346.0,0,0,0
11/11/2020 06:59:13,4.0,38 Km,-4.3274,-80.7271,PIURA,SULLANA,LANCONES,2153.5395627277157,13286.0,0,0,0
11/11/2020 03:08:20,3.7,60 Km,-16.9682,-71.8469,AREQUIPA,ISLAY,MEJIA,103.02650782851683,1240.0,0,0,0
10/11/2020 15:37:33,4.3,116 Km,-2.8323,-77.0978,LORETO,DATEM DEL MARAÑON,ANDOAS,11788.441725974673,15800.0,0,0,0
10/11/2020 08:27:58,4.0,106 Km,-3.9641,-77.5426,AMAZONAS,CONDORCANQUI,RIO SANTIAGO,8088.7469214223365,17960.0,0,0,0
09/11/2020 16:16:48,4.0,46 Km,-6.7071,-80.5902,,,,,,0,0,0
09/11/2020 11:02:35,3.4,43 Km,-12.3592,-76.9709,,,,,,0,0,0
08/11/2020 23:00:29,4.0,38 Km,-5.0588,-80.7932,PIURA,SULLANA,MIGUEL CHECA,480.8689150982453,10210.0,0,0,0
08/11/2020 05:46:00,4.6,32 Km,-5.6152,-76.7346,LORETO,ALTO AMAZONAS,BALSAPUERTO,3003.7284807880064,17006.0,0,0,0
06/11/2020 18:19:28,3.8,26 Km,-16.7381,-71.7062,AREQUIPA,ISLAY,MOLLENDO,933.9830468783583,26453.0,0,0,0
06/11/2020 09:37:36,4.2,143 Km,-8.0216,-76.1365,SAN MARTIN,BELLAVISTA,ALTO BIAVO,5956.58747119889,9595.0,0,0,0
06/11/2020 02:16:15,4.7,136 Km,-8.7671,-74.7893,HUANUCO,PUERTO INCA,HONORIA,948.5424258598349,4782.0,0,0,0
05/11/2020 21:46:26,3.5,9 Km,-15.6444,-71.5899,AREQUIPA,CAYLLOMA,CHIVAY,243.11338103258214,5889.0,2,0,1
04/11/2020 08:44:16,4.0,73 Km,-16.5591,-72.5187,AREQUIPA,CAYLLOMA,MAJES,1648.4337671085377,70780.0,0,0,0
03/11/2020 01:30:00,3.9,99 Km,-12.1062,-76.7902,LIMA,LIMA,CIENEGUILLA,225.29075138012672,39055.0,7,0,3
02/11/2020 22:47:10,3.8,30 Km,-12.8079,-77.2119,,,,,,0,0,0
02/11/2020 08:42:16,4.6,27 Km,-13.0937,-77.0058,,,,,,0,0,0
01/11/2020 11:07:34,4.0,27 Km,-18.093,-71.5873,,,,,,0,0,0
01/11/2020 09:16:44,3.6,9 Km,-15.7373,-71.8232,AREQUIPA,CAYLLOMA,MACA,237.26286538445896,687.0,0,0,0
31/10/2020 19:27:21,4.0,165 Km,-8.3419,-74.4246,UCAYALI,CORONEL PORTILLO,CALLERIA,11645.766871791395,172052.0,0,0,0
30/10/2020 13:24:41,5.6,39 Km,-10.2349,-75.2508,PASCO,OXAPAMPA,PALCAZU,2787.5742321471407,8076.0,0,0,0
30/10/2020 03:03:28,4.2,89 Km,-3.6004,-79.5981,,,,,,3,1,0
29/10/2020 11:08:39,4.6,149 Km,-17.8118,-69.9408,TACNA,TACNA,PALCA,1462.9568465577868,2232.0,1,0,0
29/10/2020 00:13:05,3.6,11 Km,-13.8089,-71.8486,CUSCO,PARURO,PARURO,152.99238671393073,3474.0,0,0,1
28/10/2020 13:47:27,4.6,36 Km,-15.0945,-75.9245,,,,,,0,0,0
28/10/2020 04:02:34,5.5,41 Km,-14.9726,-75.878,,,,,,0,0,0
28/10/2020 00:49:34,3.6,9 Km,-15.6468,-71.9731,AREQUIPA,CAYLLOMA,CABANACONDE,462.305213456443,2094.0,1,0,1
27/10/2020 17:42:44,4.0,131 Km,-10.4947,-74.8062,PASCO,OXAPAMPA,PUERTO BERMUDEZ,7672.2762987020205,21511.0,0,0,0
27/10/2020 08:30:51,4.1,147 Km,-7.6428,-76.4402,SAN MARTIN,BELLAVISTA,ALTO BIAVO,5956.58747119889,9595.0,0,0,0
27/10/2020 06:40:06,4.0,99 Km,-14.3574,-72.8214,APURIMAC,ANTABAMBA,HUAQUIRCA,350.95733337204126,2049.0,1,0,1
27/10/2020 03:29:50,3.6,79 Km,-12.4907,-76.5566,LIMA,CAÑETE,CALANGO,526.8947797883505,2409.0,0,0,0
27/10/2020 02:50:26,3.8,27 Km,-9.2689,-79.2431,,,,,,0,0,0
26/10/2020 19:25:39,4.6,154 Km,-7.889,-74.4493,UCAYALI,CORONEL PORTILLO,CALLERIA,11645.766871791395,172052.0,0,0,0
26/10/2020 10:23:01,4.0,21 Km,-16.5741,-72.1047,AREQUIPA,AREQUIPA,SANTA RITA DE SIGUAS,425.7889138584901,7478.0,1,0,1
25/10/2020 22:39:47,4.2,170 Km,-7.5377,-74.5226,UCAYALI,CORONEL PORTILLO,CALLERIA,11645.766871791395,172052.0,0,0,0
25/10/2020 09:24:37,3.5,41 Km,-12.9164,-77.0209,,,,,,0,0,0
25/10/2020 07:09:02,3.6,10 Km,-15.7594,-72.0991,AREQUIPA,CAYLLOMA,HUAMBO,716.367191636351,660.0,0,0,2
25/10/2020 05:47:03,3.7,12 Km,-10.6754,-75.0956,PASCO,OXAPAMPA,VILLA RICA,822.56671167192,18610.0,0,0,0
25/10/2020 03:40:01,4.0,111 Km,-14.4361,-74.5126,AYACUCHO,LUCANAS,OTOCA,716.0262688420894,1848.0,0,0,0
25/10/2020 03:33:02,4.3,47 Km,-14.3617,-75.8262,ICA,ICA,OCUCAJE,1399.7877454209577,5141.0,0,0,0
24/10/2020 23:52:47,4.0,63 Km,-12.1714,-76.9394,LIMA,LIMA,VILLA MARIA DEL TRIUNFO,66.23963268484984,437992.0,122,11,34
23/10/2020 22:36:22,4.1,45 Km,-10.8399,-78.3339,,,,,,0,0,0
22/10/2020 19:45:36,4.0,38 Km,-5.4548,-76.8523,LORETO,DATEM DEL MARAÑON,CAHUAPANAS,4785.702362475397,7942.0,0,0,0
22/10/2020 16:15:31,3.7,33 Km,-17.4069,-70.9162,MOQUEGUA,MARISCAL NIETO,MOQUEGUA,3496.5014394191817,74486.0,0,0,0
22/10/2020 12:03:36,4.1,132 Km,-8.6313,-77.8837,ANCASH,CORONGO,YANAC,46.87804175764652,666.0,1,0,0
22/10/2020 01:15:24,4.2,31 Km,-4.277,-81.6052,,,,,,0,0,0
20/10/2020 11:54:45,4.5,108 Km,-15.4709,-73.813,AREQUIPA,CARAVELI,QUICACHA,1035.95685117263,1902.0,0,0,0
20/10/2020 09:47:17,3.5,60 Km,-12.9012,-77.156,,,,,,0,0,0
20/10/2020 03:33:27,4.1,13 Km,-10.9378,-75.5375,JUNIN,JUNIN,ULCUMAYO,1132.1663074655596,3890.0,0,0,0
19/10/2020 16:50:40,4.2,14 Km,-10.9397,-75.5378,JUNIN,JUNIN,ULCUMAYO,1132.1663074655596,3890.0,0,0,0
19/10/2020 08:18:48,4.6,27 Km,-10.7523,-74.6055,PASCO,OXAPAMPA,PUERTO BERMUDEZ,7672.2762987020205,21511.0,0,0,0
18/10/2020 21:26:29,3.7,25 Km,-16.6977,-71.911,AREQUIPA,ISLAY,MOLLENDO,933.9830468783583,26453.0,0,0,1
18/10/2020 13:38:55,4.2,113 Km,-14.0743,-72.7876,APURIMAC,GRAU,CHUQUIBAMBILLA,425.67644790129685,5255.0,0,0,1
18/10/2020 01:58:26,5.4,27 Km,-3.7723,-82.0227,,,,,,0,0,0
17/10/2020 23:54:57,3.4,14 Km,-15.4085,-70.8753,PUNO,LAMPA,SANTA LUCIA,1595.2796984668987,7445.0,0,0,0
17/10/2020 21:22:21,3.5,51 Km,-12.2048,-77.0855,,,,,,33,4,9
17/10/2020 17:17:40,4.3,45 Km,-10.7143,-78.4032,,,,,,0,0,0
16/10/2020 23:46:26,4.2,53 Km,-16.5144,-73.3741,,,,,,0,0,0
16/10/2020 23:16:10,4.1,40 Km,-15.7025,-74.9156,,,,,,0,0,0
14/10/2020 14:19:21,4.2,26 Km,-6.0573,-76.9271,SAN MARTIN,MOYOBAMBA,MOYOBAMBA,2699.074096293949,85365.0,4,1,1
13/10/2020 16:09:21,4.8,188 Km,-8.2651,-74.3645,UCAYALI,CORONEL PORTILLO,CALLERIA,11645.766871791395,172052.0,0,0,0
13/10/2020 05:38:16,4.0,144 Km,-15.5321,-71.8256,AREQUIPA,CAYLLOMA,MADRIGAL,159.5505301877042,660.0,2,0,1
13/10/2020 00:19:46,4.4,158 Km,-15.1486,-71.6913,AREQUIPA,CAYLLOMA,CAYLLOMA,1508.33264590118,3688.0,1,0,1
12/10/2020 18:09:27,4.6,125 Km,-2.6007,-77.9014,,,,,,0,0,0
12/10/2020 16:02:57,4.8,134 Km,-16.5005,-70.987,MOQUEGUA,GENERAL SANCHEZ CERRO,COALAQUE,245.4829592969005,965.0,0,0,0
12/10/2020 09:37:42,3.7,11 Km,-8.5348,-77.8257,ANCASH,CORONGO,CUSCA,426.58298946856394,2881.0,1,0,0
11/10/2020 20:00:53,4.4,112 Km,-14.9672,-74.125,AYACUCHO,LUCANAS,SANCOS,1503.2004562375032,4869.0,0,0,0
10/10/2020 19:41:06,4.4,125 Km,-14.2569,-72.955,APURIMAC,ANTABAMBA,PACHACONAS,229.31721220228533,1079.0,0,0,1
10/10/2020 12:04:23,4.2,95 Km,-3.5798,-79.0443,,,,,,0,0,0
09/10/2020 18:51:02,3.7,41 Km,-12.8735,-77.1635,,,,,,0,0,0
09/10/2020 06:46:44,4.3,154 Km,-7.9276,-74.5069,UCAYALI,CORONEL PORTILLO,CALLERIA,11645.766871791395,172052.0,0,0,0
08/10/2020 11:24:35,3.8,30 Km,-15.8233,-74.6164,,,,,,0,0,0
07/10/2020 22:24:33,4.3,130 Km,-19.1148,-69.5607,,,,,,0,0,0
06/10/2020 07:53:59,3.7,11 Km,-9.8807,-76.4246,HUANUCO,HUANUCO,QUISQUI (KICHKI),174.43819932910344,3279.0,0,0,0
05/10/2020 05:38:57,4.8,151 Km,-8.1219,-74.4104,UCAYALI,CORONEL PORTILLO,CALLERIA,11645.766871791395,172052.0,0,0,0
05/10/2020 00:39:33,4.4,16 Km,-5.9743,-76.8833,SAN MARTIN,MOYOBAMBA,MOYOBAMBA,2699.074096293949,85365.0,3,1,1
04/10/2020 15:21:10,4.7,20 Km,-5.9446,-76.8918,SAN MARTIN,MOYOBAMBA,MOYOBAMBA,2699.074096293949,85365.0,2,0,0
03/10/2020 14:52:12,4.1,52 Km,-16.8802,-72.0442,AREQUIPA,ISLAY,ISLAY,364.67867288461804,5202.0,0,0,0
02/10/2020 17:26:05,4.4,17 Km,-8.9525,-80.5625,,,,,,0,0,0
02/10/2020 14:18:19,4.5,20 Km,-8.8183,-80.4059,,,,,,0,0,0
02/10/2020 11:44:33,4.5,25 Km,-8.8022,-80.3041,,,,,,0,0,0
02/10/2020 05:00:29,3.6,10 Km,-15.6554,-71.8954,AREQUIPA,CAYLLOMA,CABANACONDE,462.305213456443,2094.0,3,0,2
02/10/2020 04:18:17,4.9,25 Km,-8.8839,-80.4927,,,,,,0,0,0
02/10/2020 04:06:51,5.0,15 Km,-8.96,-80.6393,,,,,,0,0,0
02/10/2020 03:51:18,4.4,14 Km,-8.9991,-80.6388,,,,,,0,0,0
30/09/2020 20:44:28,4.0,38 Km,-9.2819,-79.1323,,,,,,0,0,0
29/09/2020 02:22:37,4.3,48 Km,-13.5156,-76.2579,,,,,,0,0,1
27/09/2020 13:55:12,4.0,56 Km,-13.252,-76.6095,,,,,,0,0,0
27/09/2020 11:43:50,4.1,44 Km,-9.7582,-79.0223,,,,,,0,0,0
26/09/2020 21:50:52,4.5,24 Km,-10.8951,-74.7482,JUNIN,CHANCHAMAYO,PICHANAQUI,1242.3813491083604,42869.0,0,0,0
25/09/2020 22:06:43,3.4,52 Km,-12.2387,-77.694,,,,,,0,0,0
25/09/2020 09:19:45,4.5,118 Km,-2.949,-77.0496,LORETO,DATEM DEL MARAÑON,ANDOAS,11788.441725974673,15800.0,0,0,0
25/09/2020 07:59:53,4.5,25 Km,-8.5727,-79.8433,,,,,,0,0,0
24/09/2020 22:55:33,3.5,10 Km,-15.6594,-71.792,AREQUIPA,CAYLLOMA,MACA,237.26286538445896,687.0,3,0,1
24/09/2020 22:41:13,3.6,10 Km,-15.3555,-70.9272,PUNO,LAMPA,SANTA LUCIA,1595.2796984668987,7445.0,0,0,0
23/09/2020 14:56:11,3.9,21 Km,-5.4157,-78.6613,CAJAMARCA,JAEN,SANTA ROSA,311.8885285404735,10361.0,0,0,0
23/09/2020 05:29:53,3.8,22 Km,-16.4098,-74.012,,,,,,0,0,0
22/09/2020 10:26:03,4.0,31 Km,-11.2803,-78.2664,,,,,,0,0,0
21/09/2020 15:23:47,3.2,48 Km,-12.5422,-77.135,,,,,,0,0,0
21/09/2020 15:18:48,4.2,96 Km,-18.5179,-69.8417,,,,,,0,0,0
20/09/2020 01:57:02,4.0,40 Km,-13.4508,-76.5715,,,,,,0,0,0
20/09/2020 00:29:42,4.8,143 Km,-15.134,-71.5003,AREQUIPA,CAYLLOMA,TISCO,1445.003897335942,1483.0,0,0,0
19/09/2020 22:07:54,4.0,41 Km,-9.1859,-79.1711,,,,,,0,0,0
18/09/2020 19:25:47,3.9,13 Km,-9.6393,-75.7379,HUANUCO,PACHITEA,CHAGLLA,1077.98700106266,10278.0,0,0,0
17/09/2020 20:06:37,4.5,51 Km,-8.9998,-79.2955,,,,,,0,0,0
17/09/2020 11:57:52,4.5,42 Km,-7.6293,-75.6883,LORETO,UCAYALI,CONTAMANA,11003.035429161104,28258.0,0,0,0
17/09/2020 09:47:31,4.0,10 Km,-11.3894,-73.5143,JUNIN,SATIPO,RIO TAMBO,10209.912281380044,29909.0,0,0,0
17/09/2020 05:02:58,4.0,165 Km,-17.7044,-69.42,,,,,,0,0,0
16/09/2020 13:27:18,3.8,22 Km,-11.9237,-77.6025,,,,,,0,0,0
16/09/2020 12:15:03,4.1,40 Km,-14.8544,-75.3662,ICA,NASCA,CHANGUILLO,954.7194269304609,2175.0,0,0,0
16/09/2020 09:14:26,3.8,38 Km,-5.6465,-80.7706,PIURA,SECHURA,SECHURA,5677.977347816637,50892.0,3,1,0
15/09/2020 14:09:33,3.9,28 Km,-18.1564,-71.3436,,,,,,0,0,0
15/09/2020 11:22:53,4.0,20 Km,-11.1147,-73.9125,UCAYALI,ATALAYA,RAIMONDI,14539.205149323814,39732.0,0,0,0
15/09/2020 01:44:03,4.7,34 Km,-3.4958,-80.7814,,,,,,0,0,0
14/09/2020 22:58:29,3.8,74 Km,-12.644,-76.4478,LIMA,CAÑETE,COAYLLO,600.3121921080867,1039.0,1,0,0
13/09/2020 14:04:43,3.8,44 Km,-14.889,-75.4708,ICA,ICA,SANTIAGO,2767.922689745546,30933.0,0,0,0
13/09/2020 03:07:47,4.6,13 Km,-8.3256,-80.0898,,,,,,0,0,0
11/09/2020 02:35:58,6.2,41 Km,-21.139,-69.9759,,,,,,0,0,0
10/09/2020 11:55:05,4.4,35 Km,-15.2007,-75.911,,,,,,0,0,0
09/09/2020 18:17:03,4.5,93 Km,-12.0401,-76.9329,LIMA,LIMA,ATE,84.61582534329176,670818.0,146,10,36
08/09/2020 02:59:47,4.1,31 Km,-8.9603,-79.472,,,,,,0,0,0
07/09/2020 09:13:38,3.9,35 Km,-10.3841,-75.1257,PASCO,OXAPAMPA,PALCAZU,2787.5742321471407,8076.0,0,0,0
05/09/2020 00:59:45,3.6,9 Km,-15.6905,-71.8727,AREQUIPA,CAYLLOMA,CABANACONDE,462.305213456443,2094.0,2,0,1
05/09/2020 00:36:00,4.0,28 Km,-16.159,-74.2813,,,,,,0,0,0
04/09/2020 14:36:25,4.0,97 Km,-13.4927,-75.5484,ICA,PISCO,HUANCANO,898.3027674212802,1452.0,0,0,0
04/09/2020 13:34:11,4.0,10 Km,-10.3531,-75.4705,PASCO,OXAPAMPA,PALCAZU,2787.5742321471407,8076.0,0,0,1
02/09/2020 23:20:59,4.0,28 Km,-10.9759,-78.2356,,,,,,0,0,0
02/09/2020 20:27:54,4.2,39 Km,-11.0895,-78.0795,,,,,,0,0,0
02/09/2020 18:10:44,4.4,28 Km,-15.0495,-76.3558,,,,,,0,0,0
02/09/2020 17:46:48,3.9,41 Km,-6.0934,-80.704,PIURA,SECHURA,SECHURA,5677.977347816637,50892.0,0,0,0
01/09/2020 23:16:41,3.6,11 Km,-15.6652,-71.9254,AREQUIPA,CAYLLOMA,CABANACONDE,462.305213456443,2094.0,2,0,1
01/09/2020 21:08:33,4.1,28 Km,-4.861,-80.8453,PIURA,SULLANA,IGNACIO ESCUDERO,189.67792824819392,21676.0,5,0,2
01/09/2020 03:10:11,3.6,10 Km,-11.2394,-75.8836,JUNIN,TARMA,SAN PEDRO DE CAJAS,511.988657512136,3314.0,0,0,0
31/08/2020 19:48:44,3.6,11 Km,-9.7779,-75.6835,HUANUCO,PUERTO INCA,CODO DEL POZUZO,3221.2599690701472,8248.0,0,0,0
31/08/2020 00:30:00,4.4,148 Km,-2.4318,-77.0591,,,,,,0,0,0
30/08/2020 06:07:12,3.6,9 Km,-15.691,-71.8592,AREQUIPA,CAYLLOMA,CABANACONDE,462.305213456443,2094.0,3,0,1
30/08/2020 03:57:12,4.1,142 Km,-7.9864,-76.3344,SAN MARTIN,BELLAVISTA,ALTO BIAVO,5956.58747119889,9595.0,0,0,0
29/08/2020 19:55:17,4.6,17 Km,-8.9563,-80.8819,,,,,,0,0,0
29/08/2020 19:39:02,4.0,14 Km,-15.5543,-70.9593,PUNO,LAMPA,SANTA LUCIA,1595.2796984668987,7445.0,0,0,0
29/08/2020 15:31:18,3.7,13 Km,-15.5667,-70.9616,PUNO,LAMPA,SANTA LUCIA,1595.2796984668987,7445.0,0,0,0
29/08/2020 12:01:26,4.1,27 Km,-5.4757,-77.1489,LORETO,DATEM DEL MARAÑON,BARRANCA,7390.874928637884,15950.0,0,0,0
27/08/2020 19:57:30,4.1,141 Km,-8.9298,-74.6198,UCAYALI,CORONEL PORTILLO,IPARIA,7368.483783638121,12350.0,0,0,0
27/08/2020 16:09:57,4.1,117 Km,-10.554,-76.5424,PASCO,DANIEL ALCIDES CARRION,YANAHUANCA,741.0690187965866,11495.0,1,0,0
26/08/2020 04:18:44,3.6,11 Km,-9.615,-75.8464,HUANUCO,PACHITEA,CHAGLLA,1077.98700106266,10278.0,0,0,0
25/08/2020 06:09:35,3.5,9 Km,-15.6696,-71.7094,AREQUIPA,CAYLLOMA,ACHOMA,366.1901216924418,817.0,1,0,0
25/08/2020 00:53:38,4.0,25 Km,-4.1166,-80.9057,TUMBES,CONTRALMIRANTE VILLAR,CANOAS DE PUNTA SAL,631.7423134062946,7620.0,0,0,0
25/08/2020 00:18:09,5.5,31 Km,-4.1455,-80.9244,TUMBES,CONTRALMIRANTE VILLAR,CANOAS DE PUNTA SAL,631.7423134062946,7620.0,0,0,0
24/08/2020 15:37:14,3.5,11 Km,-15.726,-72.0327,AREQUIPA,CAYLLOMA,CABANACONDE,462.305213456443,2094.0,0,0,2
24/08/2020 05:05:16,4.2,105 Km,-14.1411,-72.8972,APURIMAC,ABANCAY,CIRCA,634.5587696668105,1836.0,0,0,0
22/08/2020 22:58:02,4.1,45 Km,-17.0099,-71.6549,AREQUIPA,ISLAY,COCACHACRA,1553.6412565678545,8363.0,0,0,0
22/08/2020 19:08:31,3.7,41 Km,-10.7974,-78.2582,,,,,,0,0,0
21/08/2020 18:21:02,4.0,33 Km,-5.4798,-77.3279,LORETO,DATEM DEL MARAÑON,BARRANCA,7390.874928637884,15950.0,0,0,0
20/08/2020 22:56:22,4.0,142 Km,-16.1486,-71.646,AREQUIPA,AREQUIPA,YURA,1923.1678382491139,43033.0,0,0,0
20/08/2020 21:22:31,4.6,36 Km,-15.1572,-75.9397,,,,,,0,0,0
20/08/2020 14:03:40,4.6,112 Km,-13.1064,-75.2072,HUANCAVELICA,CASTROVIRREYNA,SANTA ANA,643.0185246164637,834.0,0,0,0
18/08/2020 00:49:54,3.8,40 Km,-13.0771,-76.7331,,,,,,0,0,0
16/08/2020 21:51:48,3.8,56 Km,-12.0993,-77.3924,,,,,,0,0,0
16/08/2020 11:26:09,4.2,18 Km,-8.4075,-79.8663,,,,,,0,0,0
16/08/2020 09:56:05,3.4,12 Km,-15.6994,-71.8474,AREQUIPA,CAYLLOMA,CABANACONDE,462.305213456443,2094.0,2,0,0
16/08/2020 06:58:07,4.1,116 Km,-4.2939,-76.8082,LORETO,DATEM DEL MARAÑON,PASTAZA,9100.182512461359,6170.0,0,0,0
16/08/2020 06:49:27,4.0,95 Km,-14.1772,-72.8123,APURIMAC,GRAU,CHUQUIBAMBILLA,425.67644790129685,5255.0,0,0,0
16/08/2020 05:21:14,3.4,7 Km,-13.4669,-71.8871,CUSCO,CALCA,TARAY,54.9707968378599,4880.0,28,4,7
16/08/2020 03:59:40,3.9,10 Km,-15.7066,-71.9077,AREQUIPA,CAYLLOMA,CABANACONDE,462.305213456443,2094.0,1,0,1
16/08/2020 03:54:19,3.6,8 Km,-15.7016,-71.9031,AREQUIPA,CAYLLOMA,CABANACONDE,462.305213456443,2094.0,2,0,1
16/08/2020 02:42:40,4.0,65 Km,-12.694,-76.7841,,,,,,0,0,0
15/08/2020 22:18:49,5.2,68 Km,-19.2556,-70.3967,,,,,,0,0,0
15/08/2020 18:40:10,4.0,91 Km,-13.4554,-74.4133,AYACUCHO,CANGALLO,CHUSCHI,411.62616207038263,9119.0,0,0,0
15/08/2020 11:43:23,3.9,8 Km,-15.7116,-71.8404,AREQUIPA,CAYLLOMA,MACA,237.26286538445896,687.0,1,0,0
15/08/2020 10:36:29,4.3,48 Km,-3.8717,-81.2084,,,,,,0,0,0
14/08/2020 15:34:33,4.4,7 Km,-15.7154,-71.9009,AREQUIPA,CAYLLOMA,CABANACONDE,462.305213456443,2094.0,0,0,0
14/08/2020 02:20:28,4.2,65 Km,-13.1845,-76.4504,,,,,,0,0,0
12/08/2020 19:23:05,3.7,15 Km,-10.5918,-75.4751,PASCO,OXAPAMPA,CHONTABAMBA,437.57683479050365,6412.0,2,1,1
12/08/2020 17:37:03,4.0,26 Km,-10.8885,-79.8433,,,,,,0,0,0
11/08/2020 23:57:49,3.9,51 Km,-12.2089,-77.1635,,,,,,0,0,0
11/08/2020 23:48:56,3.5,9 Km,-15.6399,-71.8181,AREQUIPA,CAYLLOMA,MACA,237.26286538445896,687.0,3,0,1
11/08/2020 00:01:02,3.8,17 Km,-6.6007,-76.3158,SAN MARTIN,SAN MARTIN,JUAN GUERRA,192.11798727779043,4147.0,0,0,0
10/08/2020 08:41:34,3.6,14 Km,-15.4245,-70.8732,PUNO,LAMPA,SANTA LUCIA,1595.2796984668987,7445.0,0,0,0
09/08/2020 11:49:13,3.9,49 Km,-13.8539,-76.1544,ICA,PISCO,PARACAS,1425.1806077941,9011.0,0,0,2
08/08/2020 15:30:34,3.9,29 Km,-16.4416,-73.1296,AREQUIPA,CAMANA,OCOÑA,1421.3956481234984,4040.0,1,0,1
08/08/2020 10:13:14,4.7,34 Km,-11.1981,-73.3264,UCAYALI,ATALAYA,SEPAHUA,7737.011857838997,8264.0,0,0,0
08/08/2020 02:14:14,4.4,46 Km,-6.0763,-75.6923,LORETO,ALTO AMAZONAS,TENIENTE CESAR LOPEZ ROJAS,1319.7711555531403,6219.0,0,0,0
07/08/2020 21:16:28,5.0,12 Km,-11.2767,-75.8798,JUNIN,TARMA,SAN PEDRO DE CAJAS,511.988657512136,3314.0,0,0,0
07/08/2020 00:14:25,3.7,16 Km,-9.468,-77.5926,ANCASH,HUARAZ,INDEPENDENCIA,345.89314519886256,87112.0,18,1,4
06/08/2020 17:18:10,5.6,42 Km,-15.6819,-74.7629,,,,,,0,0,0
05/08/2020 15:49:42,4.0,13 Km,-11.2648,-73.3729,UCAYALI,ATALAYA,SEPAHUA,7737.011857838997,8264.0,0,0,0
05/08/2020 02:29:56,3.8,11 Km,-14.5801,-73.5335,AYACUCHO,PARINACOCHAS,CORACORA,1387.9643170964926,13549.0,0,0,0
05/08/2020 00:53:47,3.8,46 Km,-14.7362,-75.3912,ICA,NASCA,CHANGUILLO,954.7194269304609,2175.0,0,0,0
05/08/2020 00:27:40,4.5,46 Km,-13.5823,-76.3238,,,,,,0,0,0
03/08/2020 10:08:04,4.8,14 Km,-7.3428,-77.9568,CAJAMARCA,SAN MARCOS,JOSE SABOGAL,583.9553359297174,13137.0,0,0,0
03/08/2020 06:56:50,5.5,125 Km,-19.7635,-69.3783,,,,,,0,0,0
03/08/2020 04:30:21,4.1,139 Km,-8.8146,-74.8216,HUANUCO,PUERTO INCA,HONORIA,948.5424258598349,4782.0,0,0,0
03/08/2020 02:13:56,4.0,24 Km,-10.4457,-75.5382,PASCO,OXAPAMPA,HUANCABAMBA,1134.2161266660814,7028.0,0,0,1
01/08/2020 06:42:59,3.6,12 Km,-15.6467,-71.8532,AREQUIPA,CAYLLOMA,CABANACONDE,462.305213456443,2094.0,3,0,1
01/08/2020 03:25:27,5.1,86 Km,-16.5214,-72.7949,AREQUIPA,CAMANA,MARISCAL CACERES,593.4546388978915,6450.0,3,0,4
31/07/2020 05:03:36,5.0,89 Km,-14.1131,-73.0085,APURIMAC,ABANCAY,CHACOCHE,176.9140874805134,1437.0,0,0,0
30/07/2020 02:21:46,3.4,16 Km,-8.9221,-77.2924,ANCASH,MARISCAL LUZURIAGA,LLAMA,49.12757633611961,1015.0,2,0,0
29/07/2020 11:01:52,4.7,54 Km,-15.741,-74.6411,,,,,,0,0,0
29/07/2020 04:36:29,4.9,43 Km,-10.2791,-75.0646,PASCO,OXAPAMPA,PALCAZU,2787.5742321471407,8076.0,0,0,0
28/07/2020 12:04:58,3.6,16 Km,-9.764,-75.8014,HUANUCO,PACHITEA,CHAGLLA,1077.98700106266,10278.0,0,0,0
28/07/2020 11:40:05,5.3,47 Km,-16.9141,-72.5488,,,,,,0,0,0
26/07/2020 08:14:22,4.0,9 Km,-17.4174,-69.9301,TACNA,TARATA,TARATA,886.2480505659898,3585.0,0,0,0
26/07/2020 06:28:45,4.2,10 Km,-17.4161,-69.939,TACNA,TARATA,TICACO,357.6626373728023,582.0,0,1,1
26/07/2020 06:06:23,3.8,12 Km,-17.4114,-69.9387,TACNA,TARATA,TICACO,357.6626373728023,582.0,0,1,1
26/07/2020 05:07:12,4.1,9 Km,-17.4172,-69.933,TACNA,TARATA,TARATA,886.2480505659898,3585.0,0,0,0
26/07/2020 05:03:58,4.2,9 Km,-17.4265,-69.9334,TACNA,TARATA,TARATA,886.2480505659898,3585.0,0,0,0
25/07/2020 16:16:13,4.5,16 Km,-3.4907,-80.9935,,,,,,0,0,0
25/07/2020 13:54:10,3.5,13 Km,-17.4171,-69.9033,TACNA,TARATA,TARATA,886.2480505659898,3585.0,0,0,0
25/07/2020 11:31:14,4.2,11 Km,-17.3861,-69.9024,TACNA,TARATA,TARATA,886.2480505659898,3585.0,0,0,0
25/07/2020 03:00:31,3.8,38 Km,-12.6323,-76.857,,,,,,0,0,0
25/07/2020 00:51:20,4.2,79 Km,-13.3986,-76.144,ICA,CHINCHA,PUEBLO NUEVO,210.55354573588795,73510.0,9,1,6
24/07/2020 05:08:41,4.1,25 Km,-16.5057,-74.044,,,,,,0,0,0
24/07/2020 02:43:35,4.4,26 Km,-16.4588,-74.0523,,,,,,0,0,0
24/07/2020 01:19:17,3.6,10 Km,-17.4137,-69.9159,TACNA,TARATA,TARATA,886.2480505659898,3585.0,0,0,0
23/07/2020 08:19:26,4.1,97 Km,-17.5998,-70.9168,MOQUEGUA,MARISCAL NIETO,MOQUEGUA,3496.5014394191817,74486.0,0,0,2
22/07/2020 19:30:33,4.1,153 Km,-8.7569,-74.6964,HUANUCO,PUERTO INCA,HONORIA,948.5424258598349,4782.0,0,0,0
22/07/2020 14:45:05,5.0,28 Km,-16.4324,-74.0656,,,,,,0,0,0
22/07/2020 11:14:44,3.6,18 Km,-10.8848,-75.7583,JUNIN,JUNIN,ULCUMAYO,1132.1663074655596,3890.0,0,0,0
22/07/2020 09:23:09,3.7,21 Km,-16.5357,-71.8441,AREQUIPA,AREQUIPA,LA JOYA,697.0067549969054,38103.0,4,0,5
21/07/2020 17:57:34,3.4,15 Km,-17.2607,-70.3891,TACNA,CANDARAVE,CAMILACA,495.6965864450461,1120.0,1,0,1
21/07/2020 16:26:26,4.5,89 Km,-15.8569,-73.5401,AREQUIPA,CARAVELI,ATICO,3093.302390518557,5962.0,0,0,0
21/07/2020 01:49:47,4.4,86 Km,-19.118,-69.6451,,,,,,0,0,0
20/07/2020 21:12:38,4.4,150 Km,-7.8613,-74.5669,UCAYALI,CORONEL PORTILLO,CALLERIA,11645.766871791395,172052.0,0,0,0
19/07/2020 08:50:06,5.1,32 Km,-8.4798,-80.2309,,,,,,0,0,0
18/07/2020 06:56:07,3.4,8 Km,-15.5949,-71.9331,AREQUIPA,CAYLLOMA,TAPAY,414.4813615721575,817.0,1,0,1
18/07/2020 06:14:40,4.0,54 Km,-16.9872,-71.8632,AREQUIPA,ISLAY,MEJIA,103.02650782851683,1240.0,0,0,0
17/07/2020 16:30:42,4.3,41 Km,-10.7134,-78.402,,,,,,0,0,0
17/07/2020 00:40:37,5.9,71 Km,-20.1915,-70.1821,,,,,,5,6,3
17/07/2020 00:04:02,4.3,90 Km,-16.5849,-71.943,AREQUIPA,AREQUIPA,VITOR,1534.435436497687,4506.0,1,0,1
16/07/2020 05:23:56,4.3,131 Km,-6.2369,-76.5443,SAN MARTIN,LAMAS,SAN ROQUE DE CUMBAZA,652.1425717019362,1715.0,0,0,0
15/07/2020 17:25:23,4.8,37 Km,-16.4456,-74.1309,,,,,,0,0,0
12/07/2020 23:20:11,4.1,24 Km,-17.2702,-70.9928,MOQUEGUA,MARISCAL NIETO,SAN ANTONIO,461.82540051212715,28592.0,12,2,5
11/07/2020 22:32:26,4.1,17 Km,-9.5442,-75.8569,HUANUCO,PACHITEA,CHAGLLA,1077.98700106266,10278.0,0,0,0
11/07/2020 01:07:18,4.1,123 Km,-9.202,-75.7246,UCAYALI,PADRE ABAD,PADRE ABAD,3573.6205002163974,38100.0,0,0,0
10/07/2020 19:44:25,4.0,68 Km,-6.0366,-80.0708,LAMBAYEQUE,LAMBAYEQUE,OLMOS,5721.937851175903,55691.0,0,0,0
10/07/2020 10:08:20,3.6,11 Km,-15.7092,-72.0152,AREQUIPA,CAYLLOMA,CABANACONDE,462.305213456443,2094.0,1,0,3
08/07/2020 18:39:57,4.5,180 Km,-8.0899,-74.5736,UCAYALI,CORONEL PORTILLO,CALLERIA,11645.766871791395,172052.0,0,0,0
08/07/2020 18:30:12,3.5,11 Km,-17.4103,-69.9448,TACNA,TARATA,TICACO,357.6626373728023,582.0,1,1,1
07/07/2020 23:53:21,3.5,12 Km,-15.7546,-71.7675,AREQUIPA,CAYLLOMA,MACA,237.26286538445896,687.0,0,0,0
07/07/2020 02:31:15,4.0,97 Km,-11.2648,-77.0504,LIMA,HUARAL,HUARAL,645.6003902230783,105011.0,0,0,0
06/07/2020 23:27:46,3.9,46 Km,-16.5584,-72.718,AREQUIPA,CAMANA,NICOLAS DE PIEROLA,390.8107464994652,7723.0,8,1,7
05/07/2020 10:40:24,3.4,13 Km,-9.647,-77.5313,ANCASH,HUARAZ,HUARAZ,423.1104487432253,68466.0,1,0,0
04/07/2020 02:40:08,3.6,12 Km,-12.8739,-75.0158,HUANCAVELICA,HUANCAVELICA,HUANCAVELICA,510.2276010154782,42858.0,2,1,0
04/07/2020 02:14:07,4.4,126 Km,-18.9284,-69.7313,,,,,,0,0,0
01/07/2020 21:02:40,3.6,10 Km,-14.3576,-71.3631,CUSCO,CANAS,LANGUI,171.66149265446927,2104.0,0,0,1
30/06/2020 23:06:36,3.8,43 Km,-13.5669,-76.297,,,,,,0,0,0
29/06/2020 16:34:46,3.6,9 Km,-15.6419,-71.8705,AREQUIPA,CAYLLOMA,CABANACONDE,462.305213456443,2094.0,2,0,1
28/06/2020 21:42:26,4.3,136 Km,-15.879,-72.0261,AREQUIPA,CAYLLOMA,LLUTA,1228.7528929408177,703.0,0,0,0
28/06/2020 13:58:38,3.6,13 Km,-15.6647,-71.8716,AREQUIPA,CAYLLOMA,CABANACONDE,462.305213456443,2094.0,2,0,1
28/06/2020 08:37:22,4.8,115 Km,-7.961,-74.7597,LORETO,UCAYALI,PADRE MARQUEZ,2434.9195833576787,3503.0,0,0,0
27/06/2020 12:50:31,3.6,11 Km,-15.8793,-71.7864,AREQUIPA,CAYLLOMA,LLUTA,1228.7528929408177,703.0,0,0,0
27/06/2020 08:01:37,3.8,26 Km,-4.0072,-81.0951,,,,,,0,0,0
25/06/2020 01:47:59,4.0,20 Km,-16.3267,-73.4299,,,,,,0,0,0
25/06/2020 01:20:18,3.4,9 Km,-15.6537,-71.85,AREQUIPA,CAYLLOMA,CABANACONDE,462.305213456443,2094.0,3,0,1
24/06/2020 03:54:52,3.5,21 Km,-17.7585,-70.5249,TACNA,TACNA,INCLAN,1441.5926674600812,2688.0,0,0,1
23/06/2020 04:01:20,4.1,13 Km,-6.156,-81.179,,,,,,0,0,0
22/06/2020 08:08:57,5.1,41 Km,-6.085,-81.6962,,,,,,0,0,0
21/06/2020 23:10:21,3.9,40 Km,-11.3556,-77.9852,,,,,,0,0,0
21/06/2020 20:15:34,4.0,106 Km,-14.1735,-73.4818,APURIMAC,ANDAHUAYLAS,PAMPACHIRI,590.579052491935,2268.0,0,0,0
21/06/2020 12:35:27,3.5,16 Km,-6.765,-78.6783,CAJAMARCA,SAN MIGUEL,CATILLUC,202.74431791327086,2813.0,0,0,0
21/06/2020 09:18:02,3.9,13 Km,-10.8056,-74.7842,PASCO,OXAPAMPA,PUERTO BERMUDEZ,7672.2762987020205,21511.0,0,0,0
21/06/2020 05:27:17,3.6,74 Km,-11.701,-77.3967,,,,,,0,0,0
20/06/2020 09:39:13,3.6,12 Km,-15.6532,-71.8748,AREQUIPA,CAYLLOMA,CABANACONDE,462.305213456443,2094.0,2,0,1
18/06/2020 04:15:45,3.4,9 Km,-15.6586,-71.8659,AREQUIPA,CAYLLOMA,CABANACONDE,462.305213456443,2094.0,2,0,1
17/06/2020 19:58:32,4.0,122 Km,-10.2703,-75.0678,PASCO,OXAPAMPA,PALCAZU,2787.5742321471407,8076.0,0,0,0
16/06/2020 03:47:23,3.6,85 Km,-12.4612,-76.7701,LIMA,LIMA,PUCUSANA,29.42037168420265,16615.0,2,1,4
15/06/2020 11:27:39,3.7,16 Km,-14.2016,-72.3407,APURIMAC,COTABAMBAS,CHALLHUAHUACHO,454.0850017457517,17772.0,1,0,0
15/06/2020 07:56:36,3.7,15 Km,-15.7559,-72.1041,AREQUIPA,CAYLLOMA,HUAMBO,716.367191636351,660.0,0,0,2
14/06/2020 22:04:11,4.5,38 Km,-9.303,-79.5145,,,,,,0,0,0
14/06/2020 21:18:25,4.2,100 Km,-15.0305,-73.2531,AYACUCHO,PAUCAR DEL SARA SARA,SAN JAVIER DE ALPABAMBA,117.50481510805962,275.0,0,0,0
14/06/2020 10:27:39,3.7,49 Km,-17.5168,-71.419,,,,,,0,0,0
13/06/2020 20:30:35,4.5,146 Km,-9.148,-75.2342,UCAYALI,PADRE ABAD,IRAZOLA,1876.8509496375284,12065.0,0,0,0
13/06/2020 09:23:33,4.1,101 Km,-15.2696,-74.1928,AYACUCHO,PARINACOCHAS,PULLO,1562.4932672058267,7191.0,0,0,0
13/06/2020 09:14:22,3.5,13 Km,-15.0818,-73.2392,AYACUCHO,PAUCAR DEL SARA SARA,COLTA,248.12629147440387,440.0,0,0,0
12/06/2020 12:10:45,3.7,10 Km,-15.6835,-71.8537,AREQUIPA,CAYLLOMA,CABANACONDE,462.305213456443,2094.0,3,0,1
12/06/2020 04:16:42,4.0,17 Km,-12.1923,-72.3197,CUSCO,LA CONVENCION,ECHARATE,7603.557830337305,25281.0,0,0,0
11/06/2020 08:59:39,4.0,19 Km,-17.5589,-72.3432,,,,,,0,0,0
11/06/2020 08:45:14,3.8,23 Km,-17.5576,-72.3746,,,,,,0,0,0
11/06/2020 07:37:07,3.6,34 Km,-16.5813,-72.7236,AREQUIPA,CAMANA,NICOLAS DE PIEROLA,390.8107464994652,7723.0,8,1,7
10/06/2020 09:18:44,4.1,36 Km,-4.313,-80.7371,PIURA,SULLANA,LANCONES,2153.5395627277157,13286.0,0,0,0
10/06/2020 06:13:43,4.3,212 Km,-16.724,-69.4561,PUNO,CHUCUITO,HUACULLANI,632.2421371447032,8634.0,0,0,0
08/06/2020 04:58:33,3.5,18 Km,-10.986,-73.6837,JUNIN,SATIPO,RIO TAMBO,10209.912281380044,29909.0,0,0,0
08/06/2020 02:13:15,3.6,48 Km,-17.4818,-71.0141,MOQUEGUA,MARISCAL NIETO,MOQUEGUA,3496.5014394191817,74486.0,0,0,0
07/06/2020 21:56:28,3.5,23 Km,-17.0006,-71.5312,AREQUIPA,ISLAY,COCACHACRA,1553.6412565678545,8363.0,0,0,0
07/06/2020 05:31:15,5.9,128 Km,-4.027,-77.0852,LORETO,DATEM DEL MARAÑON,PASTAZA,9100.182512461359,6170.0,0,0,0
07/06/2020 00:27:21,4.8,71 Km,-9.5688,-78.893,,,,,,0,0,0
06/06/2020 09:17:22,4.6,34 Km,-9.4618,-79.2476,,,,,,0,0,0
05/06/2020 23:30:16,3.5,18 Km,-8.5422,-77.4826,ANCASH,SIHUAS,HUAYLLABAMBA,276.90936168826187,3701.0,2,0,0
03/06/2020 02:35:38,6.8,133 Km,-23.1578,-69.513,,,,,,0,0,0
02/06/2020 18:25:20,3.3,10 Km,-15.6043,-71.8189,AREQUIPA,CAYLLOMA,MADRIGAL,159.5505301877042,660.0,3,0,1
02/06/2020 10:06:40,3.6,11 Km,-15.8246,-71.9699,AREQUIPA,CAYLLOMA,LLUTA,1228.7528929408177,703.0,0,0,0
02/06/2020 05:29:15,4.7,177 Km,-17.3368,-69.4625,,,,,,0,0,0
02/06/2020 03:59:38,3.7,17 Km,-10.8908,-75.8739,JUNIN,JUNIN,ULCUMAYO,1132.1663074655596,3890.0,0,0,0
02/06/2020 02:45:42,4.0,62 Km,-16.2739,-73.1155,AREQUIPA,CAMANA,OCOÑA,1421.3956481234984,4040.0,0,0,0
31/05/2020 21:54:31,3.6,10 Km,-10.2424,-76.3961,HUANUCO,AMBO,COLPAS,176.8978839662393,1629.0,0,0,0
31/05/2020 12:22:36,3.7,14 Km,-16.1313,-72.1774,AREQUIPA,CAYLLOMA,MAJES,1648.4337671085377,70780.0,0,0,0
31/05/2020 05:22:02,4.1,28 Km,-17.3035,-71.0013,MOQUEGUA,MARISCAL NIETO,SAN ANTONIO,461.82540051212715,28592.0,0,0,1
31/05/2020 00:09:35,5.8,210 Km,-15.4084,-70.9434,PUNO,LAMPA,SANTA LUCIA,1595.2796984668987,7445.0,0,0,0
30/05/2020 22:57:40,4.5,20 Km,-10.1932,-76.4005,HUANUCO,AMBO,CAYNA,157.01551692255984,2391.0,0,0,0
30/05/2020 21:41:09,3.9,11 Km,-10.2564,-76.3879,HUANUCO,AMBO,CAYNA,157.01551692255984,2391.0,0,0,0
30/05/2020 14:56:57,4.2,124 Km,-6.6758,-75.536,SAN MARTIN,SAN MARTIN,HUIMBAYOC,1712.957314221571,5542.0,0,0,0
30/05/2020 04:57:51,4.0,145 Km,-15.7176,-71.7097,AREQUIPA,CAYLLOMA,ACHOMA,366.1901216924418,817.0,0,0,0
29/05/2020 23:12:54,3.7,25 Km,-18.3695,-71.3909,,,,,,0,0,0
29/05/2020 19:40:05,3.8,29 Km,-9.9105,-78.9872,,,,,,0,0,0
28/05/2020 22:35:47,4.0,31 Km,-14.6236,-75.9952,,,,,,0,0,0
28/05/2020 22:35:13,3.7,13 Km,-7.8438,-77.9817,LA LIBERTAD,SANCHEZ CARRION,CURGOS,98.39334590455412,8795.0,1,0,0
28/05/2020 05:47:04,4.1,13 Km,-9.2437,-75.6387,UCAYALI,PADRE ABAD,PADRE ABAD,3573.6205002163974,38100.0,0,0,0
27/05/2020 10:59:43,3.6,17 Km,-15.8458,-71.7313,AREQUIPA,CAYLLOMA,ACHOMA,366.1901216924418,817.0,0,0,0
27/05/2020 04:49:27,3.8,19 Km,-15.4682,-75.6341,,,,,,0,0,0
27/05/2020 04:03:31,3.5,15 Km,-15.7098,-72.1064,AREQUIPA,CAYLLOMA,HUAMBO,716.367191636351,660.0,0,0,2
26/05/2020 22:30:42,3.9,34 Km,-19.2349,-70.1684,,,,,,0,0,0
26/05/2020 03:16:25,4.1,52 Km,-8.6511,-79.3323,,,,,,0,0,0
25/05/2020 23:41:24,4.8,119 Km,-10.6209,-76.76,LIMA,OYON,OYON,876.8061136413953,11903.0,0,0,0
25/05/2020 23:14:10,3.4,9 Km,-15.6544,-71.8634,AREQUIPA,CAYLLOMA,CABANACONDE,462.305213456443,2094.0,2,0,1
25/05/2020 13:10:57,4.0,44 Km,-18.569,-70.5547,,,,,,0,0,0
25/05/2020 12:19:04,4.2,30 Km,-3.9942,-81.0366,,,,,,1,0,0
25/05/2020 09:51:23,3.5,17 Km,-17.3425,-69.9163,TACNA,TARATA,TARATA,886.2480505659898,3585.0,0,0,0
25/05/2020 04:14:51,3.6,12 Km,-15.3302,-72.01,AREQUIPA,CASTILLA,CHOCO,904.4432006779886,666.0,0,0,0
25/05/2020 03:46:49,3.9,35 Km,-4.6579,-80.3592,PIURA,SULLANA,LANCONES,2153.5395627277157,13286.0,0,0,0
24/05/2020 07:15:46,4.0,27 Km,-11.2774,-78.1932,,,,,,0,0,0
24/05/2020 04:59:20,4.4,23 Km,-16.3304,-74.5209,,,,,,0,0,0
24/05/2020 02:31:56,3.4,13 Km,-15.6605,-71.8623,AREQUIPA,CAYLLOMA,CABANACONDE,462.305213456443,2094.0,2,0,1
23/05/2020 15:13:18,3.5,13 Km,-15.7803,-72.889,AREQUIPA,CONDESUYOS,YANAQUIHUA,1056.1599982801022,3963.0,1,0,2
23/05/2020 00:41:37,3.8,26 Km,-18.3227,-71.2725,,,,,,0,0,0
22/05/2020 21:41:08,3.7,20 Km,-5.7224,-78.7442,CAJAMARCA,JAEN,BELLAVISTA,869.4847753804847,16370.0,2,1,1
22/05/2020 03:20:11,4.4,102 Km,-13.628,-74.7529,AYACUCHO,VICTOR FAJARDO,VILCANCHOS,499.6279368395852,2400.0,0,0,0
21/05/2020 17:59:45,4.0,69 Km,-15.8027,-74.1728,AREQUIPA,CARAVELI,CHALA,340.21008853017196,10368.0,2,0,2
21/05/2020 13:45:18,3.8,45 Km,-12.6579,-76.8422,,,,,,0,0,0
19/05/2020 22:08:22,4.5,24 Km,-7.2391,-80.4967,,,,,,0,0,0
19/05/2020 15:50:00,3.4,13 Km,-15.581,-71.8158,AREQUIPA,CAYLLOMA,MADRIGAL,159.5505301877042,660.0,3,0,1
19/05/2020 14:26:35,3.9,24 Km,-4.455,-77.5664,LORETO,DATEM DEL MARAÑON,MANSERICHE,3570.0437779945487,9451.0,0,0,0
19/05/2020 10:33:38,4.0,123 Km,-7.7142,-76.2848,SAN MARTIN,BELLAVISTA,ALTO BIAVO,5956.58747119889,9595.0,0,0,0
19/05/2020 06:33:55,3.8,21 Km,-3.7516,-80.6176,TUMBES,CONTRALMIRANTE VILLAR,ZORRITOS,654.8809623201909,13807.0,2,0,1
18/05/2020 20:17:20,4.2,138 Km,-9.0411,-75.4711,UCAYALI,PADRE ABAD,PADRE ABAD,3573.6205002163974,38100.0,1,0,1
18/05/2020 19:24:51,5.4,126 Km,-14.5087,-73.0046,APURIMAC,AYMARAES,COTARUSE,1735.3753103825304,2491.0,0,0,0
18/05/2020 09:38:14,3.7,13 Km,-12.7972,-73.1809,CUSCO,LA CONVENCION,VILCABAMBA,2366.6330657449657,10240.0,0,0,0
17/05/2020 22:34:19,3.8,25 Km,-9.6151,-77.5637,ANCASH,HUARAZ,HUARAZ,423.1104487432253,68466.0,6,1,3
17/05/2020 21:15:26,3.6,60 Km,-12.8954,-76.6054,,,,,,0,0,0
17/05/2020 14:27:08,4.5,17 Km,-4.3963,-77.4403,LORETO,DATEM DEL MARAÑON,MANSERICHE,3570.0437779945487,9451.0,0,0,0
17/05/2020 03:43:31,4.2,47 Km,-4.278,-80.4203,PIURA,SULLANA,LANCONES,2153.5395627277157,13286.0,0,0,1
16/05/2020 23:37:54,4.0,69 Km,-17.879,-70.4065,TACNA,TACNA,ALTO DE LA ALIANZA,376.0620345420898,35258.0,0,0,1
16/05/2020 00:55:42,4.3,154 Km,-17.7986,-69.8308,TACNA,TACNA,PALCA,1462.9568465577868,2232.0,0,0,0
16/05/2020 00:01:54,4.3,92 Km,-13.123,-75.3621,HUANCAVELICA,CASTROVIRREYNA,CASTROVIRREYNA,922.0101181893966,3172.0,0,0,0
15/05/2020 23:47:58,3.4,14 Km,-12.8729,-75.0194,HUANCAVELICA,HUANCAVELICA,HUANCAVELICA,510.2276010154782,42858.0,3,1,0
15/05/2020 06:16:05,4.5,99 Km,-15.395,-74.1168,AYACUCHO,PARINACOCHAS,PULLO,1562.4932672058267,7191.0,0,0,0
14/05/2020 17:33:16,4.0,37 Km,-9.2529,-79.1749,,,,,,0,0,0
14/05/2020 04:10:11,4.0,71 Km,-3.6719,-80.3858,TUMBES,TUMBES,SAN JUAN DE LA VIRGEN,116.02664949995992,4927.0,3,0,3
13/05/2020 06:03:53,4.2,45 Km,-10.4737,-78.6285,,,,,,0,0,0
13/05/2020 05:11:36,4.5,69 Km,-7.2386,-79.4203,LA LIBERTAD,CHEPEN,CHEPEN,289.90141080267733,48917.0,5,2,4
12/05/2020 10:10:31,5.0,73 Km,-10.6656,-78.3645,,,,,,0,0,0
12/05/2020 04:05:35,4.0,64 Km,-5.268,-80.1775,PIURA,MORROPON,LA MATANZA,989.1375901445424,15047.0,1,0,2
12/05/2020 03:13:03,4.3,38 Km,-5.5993,-76.8084,LORETO,ALTO AMAZONAS,BALSAPUERTO,3003.7284807880064,17006.0,0,0,0
11/05/2020 14:17:44,4.5,26 Km,-15.9019,-74.9912,,,,,,0,0,0
11/05/2020 09:34:04,4.0,36 Km,-18.0025,-71.5484,,,,,,0,0,0
11/05/2020 04:31:17,4.1,126 Km,-7.8483,-76.1031,SAN MARTIN,BELLAVISTA,ALTO BIAVO,5956.58747119889,9595.0,0,0,0
11/05/2020 02:47:37,3.9,64 Km,-14.61,-75.5804,ICA,ICA,SANTIAGO,2767.922689745546,30933.0,0,0,0
10/05/2020 21:32:04,4.2,104 Km,-15.3838,-73.9882,AYACUCHO,PARINACOCHAS,PULLO,1562.4932672058267,7191.0,0,0,0
10/05/2020 04:07:16,4.1,123 Km,-5.8939,-76.2675,LORETO,ALTO AMAZONAS,YURIMAGUAS,2234.637247198644,104052.0,0,0,0
10/05/2020 03:28:13,3.9,42 Km,-17.347,-71.3546,MOQUEGUA,MARISCAL NIETO,MOQUEGUA,3496.5014394191817,74486.0,0,0,0
09/05/2020 12:54:29,4.1,146 Km,-7.24,-75.6568,LORETO,UCAYALI,PAMPA HERMOSA,7471.991314098033,6200.0,0,0,0
09/05/2020 11:48:24,3.9,21 Km,-10.5518,-75.5736,PASCO,OXAPAMPA,CHONTABAMBA,437.57683479050365,6412.0,0,0,0
09/05/2020 05:52:31,4.0,107 Km,-12.2226,-76.0473,LIMA,YAUYOS,SAN JOAQUIN,75.55049581460007,156.0,0,0,0
09/05/2020 02:40:12,4.0,34 Km,-9.1299,-75.062,HUANUCO,PUERTO INCA,PUERTO INCA,2389.4306144477373,10665.0,0,0,0
08/05/2020 23:27:35,4.7,103 Km,-5.6065,-76.5282,LORETO,ALTO AMAZONAS,BALSAPUERTO,3003.7284807880064,17006.0,0,0,0
08/05/2020 06:47:51,4.0,37 Km,-9.3905,-79.2041,,,,,,0,0,0
07/05/2020 21:49:14,5.0,147 Km,-8.6938,-74.899,UCAYALI,CORONEL PORTILLO,CAMPOVERDE,1324.6762309011792,19598.0,0,0,0
07/05/2020 18:47:58,3.9,36 Km,-17.5972,-71.4627,,,,,,0,0,0
07/05/2020 16:49:54,4.2,170 Km,-8.5761,-74.3238,UCAYALI,CORONEL PORTILLO,MASISEA,14703.963010097246,11961.0,0,0,1
07/05/2020 13:04:17,4.5,63 Km,-14.3616,-75.8187,ICA,ICA,OCUCAJE,1399.7877454209577,5141.0,0,0,0
07/05/2020 02:05:10,4.3,52 Km,-5.6773,-76.7942,LORETO,ALTO AMAZONAS,BALSAPUERTO,3003.7284807880064,17006.0,0,0,0
06/05/2020 19:49:07,5.7,104 Km,-5.6213,-76.4926,LORETO,ALTO AMAZONAS,BALSAPUERTO,3003.7284807880064,17006.0,0,0,0
06/05/2020 18:31:17,3.4,10 Km,-15.7278,-71.7614,AREQUIPA,CAYLLOMA,MACA,237.26286538445896,687.0,0,0,0
06/05/2020 15:01:08,3.8,52 Km,-12.5743,-76.7647,,,,,,0,1,0
06/05/2020 10:43:10,5.1,49 Km,-19.4778,-70.6462,,,,,,0,0,0
06/05/2020 09:05:44,3.7,46 Km,-12.6071,-76.8388,,,,,,0,0,0
05/05/2020 06:48:20,3.5,16 Km,-15.9007,-71.717,AREQUIPA,CAYLLOMA,ACHOMA,366.1901216924418,817.0,0,0,0
05/05/2020 02:41:38,4.1,89 Km,-5.0429,-79.9116,PIURA,MORROPON,SANTO DOMINGO,190.82310452327891,6029.0,4,0,2
05/05/2020 01:10:53,4.5,156 Km,-7.9158,-74.4575,UCAYALI,CORONEL PORTILLO,CALLERIA,11645.766871791395,172052.0,0,0,0
04/05/2020 21:15:55,3.4,12 Km,-15.735,-71.758,AREQUIPA,CAYLLOMA,MACA,237.26286538445896,687.0,0,0,0
04/05/2020 08:21:51,4.3,38 Km,-10.4367,-78.6752,,,,,,0,0,0
04/05/2020 02:51:24,4.7,58 Km,-16.816,-72.4882,,,,,,0,0,0
04/05/2020 00:52:30,3.7,49 Km,-12.5737,-76.754,,,,,,0,1,0
03/05/2020 23:24:38,4.4,44 Km,-6.1664,-76.4654,SAN MARTIN,LAMAS,CAYNARACHI,1271.3611422880547,11081.0,0,0,0
03/05/2020 20:19:01,3.4,10 Km,-15.7234,-71.7501,AREQUIPA,CAYLLOMA,MACA,237.26286538445896,687.0,0,0,0
03/05/2020 08:34:21,4.2,84 Km,-7.9449,-79.0223,LA LIBERTAD,ASCOPE,CHICAMA,900.293002921457,16065.0,1,0,0
03/05/2020 05:31:31,3.6,53 Km,-12.6113,-76.8474,,,,,,0,0,0
02/05/2020 22:20:06,3.5,12 Km,-15.7577,-71.7637,AREQUIPA,CAYLLOMA,MACA,237.26286538445896,687.0,0,0,0
02/05/2020 21:52:57,4.1,175 Km,-17.5679,-69.3845,,,,,,0,0,0
02/05/2020 19:44:26,5.6,214 Km,-15.4242,-70.5319,PUNO,LAMPA,PARATIA,750.6561948876963,2510.0,0,0,0
02/05/2020 07:14:47,3.7,48 Km,-12.5885,-76.8221,,,,,,0,1,0
01/05/2020 06:45:30,4.3,254 Km,-15.5154,-70.0809,PUNO,SAN ROMAN,JULIACA,396.54153687421274,252671.0,7,1,3
01/05/2020 02:09:42,3.8,48 Km,-12.5832,-76.7953,,,,,,0,1,0
01/05/2020 01:08:12,4.0,20 Km,-14.6733,-76.3931,,,,,,0,0,0
01/05/2020 00:58:14,4.0,103 Km,-14.0323,-72.9745,APURIMAC,ABANCAY,CHACOCHE,176.9140874805134,1437.0,0,0,0
30/04/2020 11:46:19,4.1,26 Km,-17.2839,-72.5582,,,,,,0,0,0
30/04/2020 00:41:30,3.9,35 Km,-9.3584,-79.1808,,,,,,0,0,0
29/04/2020 09:53:58,4.0,49 Km,-12.5769,-76.7953,,,,,,0,1,0
29/04/2020 02:20:26,4.5,23 Km,-2.8341,-77.3325,LORETO,DATEM DEL MARAÑON,MORONA,11043.901372452485,4557.0,0,0,0
28/04/2020 13:52:54,3.7,14 Km,-14.5616,-73.5098,APURIMAC,AYMARAES,COTARUSE,1735.3753103825304,2491.0,0,0,0
28/04/2020 07:59:49,4.2,19 Km,-15.7145,-73.0773,AREQUIPA,CONDESUYOS,YANAQUIHUA,1056.1599982801022,3963.0,0,0,0
28/04/2020 06:39:11,3.6,22 Km,-16.4326,-72.0129,AREQUIPA,AREQUIPA,VITOR,1534.435436497687,4506.0,3,0,2
28/04/2020 06:15:34,4.0,41 Km,-14.7589,-75.1311,ICA,NASCA,NASCA,1143.3876972668359,29772.0,0,0,0
28/04/2020 05:07:39,4.1,39 Km,-2.7444,-77.5081,,,,,,0,0,0
28/04/2020 04:06:07,4.7,10 Km,-2.9046,-77.4683,LORETO,DATEM DEL MARAÑON,MORONA,11043.901372452485,4557.0,0,0,0
28/04/2020 02:13:56,3.4,13 Km,-15.7531,-71.7766,AREQUIPA,CAYLLOMA,MACA,237.26286538445896,687.0,0,0,0
27/04/2020 21:02:23,4.0,99 Km,-14.2398,-73.4613,APURIMAC,ANDAHUAYLAS,PAMPACHIRI,590.579052491935,2268.0,0,0,0
27/04/2020 19:35:03,4.0,45 Km,-18.5393,-70.599,,,,,,0,0,0
26/04/2020 20:17:27,3.7,38 Km,-12.7277,-77.012,,,,,,0,0,0
26/04/2020 18:23:03,4.1,24 Km,-4.2031,-77.8517,AMAZONAS,CONDORCANQUI,RIO SANTIAGO,8088.7469214223365,17960.0,0,0,0
26/04/2020 17:28:11,4.5,111 Km,-9.8264,-75.243,PASCO,OXAPAMPA,CONSTITUCION,3050.8103885859873,17089.0,0,0,0
25/04/2020 22:18:22,3.7,8 Km,-15.7229,-71.8647,AREQUIPA,CAYLLOMA,MACA,237.26286538445896,687.0,0,0,0
25/04/2020 20:38:57,3.4,13 Km,-15.7402,-71.7881,AREQUIPA,CAYLLOMA,MACA,237.26286538445896,687.0,0,0,0
25/04/2020 09:35:09,4.5,22 Km,-5.7688,-77.5692,SAN MARTIN,RIOJA,PARDO MIGUEL,1167.024024975374,17183.0,0,0,0
24/04/2020 20:58:46,4.3,57 Km,-11.9654,-77.2208,,,,,,4,0,3
24/04/2020 16:51:41,3.8,31 Km,-16.7229,-72.3627,AREQUIPA,CAMANA,QUILCA,897.152176474595,1072.0,0,0,1
24/04/2020 05:55:29,4.1,159 Km,-15.3312,-71.5018,AREQUIPA,CAYLLOMA,TISCO,1445.003897335942,1483.0,0,0,0
24/04/2020 05:37:23,3.9,46 Km,-12.8579,-76.89,,,,,,0,0,0
23/04/2020 20:40:06,4.1,24 Km,-16.589,-73.4255,,,,,,0,0,0
23/04/2020 12:28:13,3.8,28 Km,-16.8288,-71.7754,AREQUIPA,ISLAY,MOLLENDO,933.9830468783583,26453.0,0,0,0
23/04/2020 02:24:18,3.6,42 Km,-12.615,-76.9346,,,,,,0,0,0
23/04/2020 01:52:27,4.0,86 Km,-5.2777,-80.0139,PIURA,MORROPON,LA MATANZA,989.1375901445424,15047.0,4,1,3
22/04/2020 19:37:21,3.7,18 Km,-7.6082,-78.9077,LA LIBERTAD,ASCOPE,CHICAMA,900.293002921457,16065.0,0,0,0
22/04/2020 17:35:39,3.4,12 Km,-15.6539,-71.8717,AREQUIPA,CAYLLOMA,CABANACONDE,462.305213456443,2094.0,2,0,1
22/04/2020 13:11:53,4.2,41 Km,-15.2283,-74.9268,AREQUIPA,CARAVELI,LOMAS,446.25352299964584,1580.0,0,0,0
21/04/2020 16:43:16,3.5,11 Km,-15.6619,-71.8819,AREQUIPA,CAYLLOMA,CABANACONDE,462.305213456443,2094.0,2,0,1
21/04/2020 16:14:56,4.0,21 Km,-15.0467,-75.9921,,,,,,0,0,0
21/04/2020 15:44:01,3.9,18 Km,-4.2214,-77.9952,AMAZONAS,CONDORCANQUI,RIO SANTIAGO,8088.7469214223365,17960.0,0,0,0
21/04/2020 11:02:00,4.1,87 Km,-15.2088,-74.2835,AYACUCHO,LUCANAS,SANCOS,1503.2004562375032,4869.0,0,0,0
21/04/2020 04:47:28,3.8,41 Km,-13.4515,-76.5704,,,,,,0,0,0
21/04/2020 02:36:11,4.0,26 Km,-4.1741,-77.8492,AMAZONAS,CONDORCANQUI,RIO SANTIAGO,8088.7469214223365,17960.0,0,0,0
20/04/2020 18:47:34,5.1,168 Km,-8.0085,-74.5136,UCAYALI,CORONEL PORTILLO,CALLERIA,11645.766871791395,172052.0,0,0,0
20/04/2020 08:46:57,4.0,50 Km,-18.1822,-70.618,TACNA,TACNA,SAMA,1139.769276483457,3686.0,0,0,1
19/04/2020 13:48:00,3.3,13 Km,-13.9613,-71.9556,CUSCO,PARURO,CCAPI,326.0978080883845,3121.0,0,0,1
19/04/2020 12:34:39,4.2,30 Km,-11.1071,-74.8921,JUNIN,CHANCHAMAYO,PICHANAQUI,1242.3813491083604,42869.0,0,0,0
19/04/2020 07:34:11,3.7,17 Km,-15.6462,-72.8713,AREQUIPA,CONDESUYOS,YANAQUIHUA,1056.1599982801022,3963.0,0,0,0
19/04/2020 04:50:02,3.7,54 Km,-12.9521,-76.7299,,,,,,0,0,0
18/04/2020 20:04:33,4.0,97 Km,-14.6148,-74.4126,AYACUCHO,LUCANAS,LEONCIO PRADO,1109.8211190105028,1095.0,0,0,0
18/04/2020 00:41:04,3.5,15 Km,-15.2604,-70.971,PUNO,LAMPA,OCUVIRI,883.4141730944201,2376.0,0,0,0
17/04/2020 04:58:04,4.0,130 Km,-8.8669,-76.1206,HUANUCO,LEONCIO PRADO,JOSE CRESPO Y CASTILLO,1501.6429587930809,23817.0,1,1,1
17/04/2020 03:15:44,4.1,144 Km,-15.3953,-72.162,AREQUIPA,CASTILLA,CHACHAS,1197.603383152886,1643.0,0,0,0
16/04/2020 22:13:31,4.7,154 Km,-2.4549,-77.095,,,,,,0,0,0
16/04/2020 04:57:57,4.0,37 Km,-5.8496,-77.3,SAN MARTIN,RIOJA,AWAJUN,506.89002798791864,7955.0,0,1,0
15/04/2020 16:10:55,4.7,31 Km,-9.1116,-80.0805,,,,,,0,0,0
15/04/2020 10:37:19,3.4,12 Km,-15.687,-71.8739,AREQUIPA,CAYLLOMA,CABANACONDE,462.305213456443,2094.0,2,0,1
15/04/2020 04:03:11,4.0,15 Km,-13.6682,-77.0069,,,,,,0,0,0
15/04/2020 03:52:16,4.1,13 Km,-13.6361,-76.9631,,,,,,0,0,0
14/04/2020 22:17:50,3.4,9 Km,-15.6776,-71.8731,AREQUIPA,CAYLLOMA,CABANACONDE,462.305213456443,2094.0,2,0,1
13/04/2020 16:38:35,3.8,11 Km,-15.6556,-71.8679,AREQUIPA,CAYLLOMA,CABANACONDE,462.305213456443,2094.0,2,0,1
13/04/2020 16:28:42,3.7,22 Km,-16.06,-72.4436,AREQUIPA,CASTILLA,HUANCARQUI,798.0699393391853,1586.0,4,0,1
13/04/2020 08:18:29,5.2,96 Km,-14.3489,-73.4157,APURIMAC,AYMARAES,SAÑAYCA,365.2353928303207,1118.0,0,0,0
13/04/2020 05:07:24,4.2,38 Km,-5.2734,-78.502,AMAZONAS,BAGUA,ARAMANGO,773.8140723197021,10149.0,0,0,0
12/04/2020 17:10:29,3.6,19 Km,-16.3281,-72.1438,AREQUIPA,CAYLLOMA,MAJES,1648.4337671085377,70780.0,4,1,2
12/04/2020 02:21:52,4.1,88 Km,-14.5202,-75.5309,ICA,ICA,SANTIAGO,2767.922689745546,30933.0,0,0,0
12/04/2020 00:03:06,4.3,27 Km,-19.2635,-70.1348,,,,,,0,0,0
12/04/2020 00:00:26,4.3,124 Km,-10.3806,-74.9062,PASCO,OXAPAMPA,PUERTO BERMUDEZ,7672.2762987020205,21511.0,0,0,0
11/04/2020 17:36:43,4.3,50 Km,-9.8423,-78.8046,,,,,,0,0,0
11/04/2020 03:02:37,4.0,30 Km,-7.2946,-80.2594,,,,,,0,0,0
10/04/2020 18:27:49,4.6,163 Km,-8.526,-74.3633,UCAYALI,CORONEL PORTILLO,MANANTAY,644.5062871740798,107364.0,0,0,1
10/04/2020 16:21:16,3.9,79 Km,-11.879,-76.8228,LIMA,HUAROCHIRI,SAN ANTONIO,570.3361295685752,5948.0,0,0,0
10/04/2020 06:25:38,4.1,144 Km,-10.3756,-73.8323,UCAYALI,ATALAYA,RAIMONDI,14539.205149323814,39732.0,0,0,0
10/04/2020 04:14:53,3.7,10 Km,-14.9837,-71.0196,CUSCO,ESPINAR,PALLPATA,820.1330009977114,5111.0,0,0,0
09/04/2020 09:06:52,5.0,146 Km,-18.3175,-69.5131,,,,,,0,0,0
09/04/2020 06:09:35,4.2,15 Km,-9.4923,-77.0083,ANCASH,HUARI,SAN PEDRO DE CHANA,144.01016611112865,2694.0,0,0,0
08/04/2020 16:38:56,4.2,251 Km,-15.5377,-70.322,PUNO,LAMPA,CABANILLA,386.777586490619,5955.0,1,0,1
08/04/2020 13:43:52,4.1,127 Km,-15.7866,-72.673,AREQUIPA,CONDESUYOS,CHUQUIBAMBA,1186.5351513834737,3361.0,0,0,1
08/04/2020 03:38:11,4.0,141 Km,-8.6647,-75.7663,UCAYALI,PADRE ABAD,PADRE ABAD,3573.6205002163974,38100.0,0,0,0
07/04/2020 09:02:58,4.0,15 Km,-14.5862,-76.2726,,,,,,0,0,0
05/04/2020 12:36:05,4.0,44 Km,-12.5554,-76.7909,,,,,,2,1,1
05/04/2020 07:59:21,3.9,49 Km,-12.5229,-76.763,LIMA,CAÑETE,CHILCA,483.2526256283216,23568.0,2,1,1
05/04/2020 04:45:07,3.9,77 Km,-15.8914,-74.223,,,,,,2,0,2
03/04/2020 09:28:43,4.1,126 Km,-8.6803,-76.3083,HUANUCO,MARAÑON,LA MORADA,906.232832984846,3713.0,0,0,0
02/04/2020 22:36:08,3.6,15 Km,-15.7568,-72.7644,AREQUIPA,CONDESUYOS,ANDARAY,811.1622466037838,685.0,0,0,0
02/04/2020 17:35:06,3.4,10 Km,-15.6698,-71.9011,AREQUIPA,CAYLLOMA,CABANACONDE,462.305213456443,2094.0,2,0,1
02/04/2020 17:22:53,4.0,42 Km,-5.2813,-80.9957,PIURA,PAITA,PAITA,707.9133323255332,101905.0,0,0,0
02/04/2020 05:45:38,4.1,51 Km,-5.8038,-75.9843,LORETO,ALTO AMAZONAS,YURIMAGUAS,2234.637247198644,104052.0,0,0,0
02/04/2020 05:30:31,4.6,43 Km,-6.0559,-80.691,PIURA,SECHURA,SECHURA,5677.977347816637,50892.0,0,0,0
02/04/2020 05:21:39,4.2,39 Km,-18.4883,-70.6131,,,,,,0,0,0
02/04/2020 05:05:22,3.7,54 Km,-12.8126,-76.8488,,,,,,0,0,0
01/04/2020 17:50:38,3.4,12 Km,-15.673,-71.9112,AREQUIPA,CAYLLOMA,CABANACONDE,462.305213456443,2094.0,2,0,1
01/04/2020 12:42:46,3.4,10 Km,-15.6729,-71.905,AREQUIPA,CAYLLOMA,CABANACONDE,462.305213456443,2094.0,2,0,1
01/04/2020 08:58:19,4.5,74 Km,-11.8729,-77.0723,LIMA,LIMA,PUENTE PIEDRA,50.58258009755598,395819.0,79,7,21
01/04/2020 06:46:18,4.0,91 Km,-16.4921,-72.5144,AREQUIPA,CAYLLOMA,MAJES,1648.4337671085377,70780.0,0,0,0
01/04/2020 03:05:41,4.1,72 Km,-17.8562,-70.6078,TACNA,TACNA,SAMA,1139.769276483457,3686.0,0,1,1
01/04/2020 02:31:06,3.4,10 Km,-15.6515,-71.8467,AREQUIPA,CAYLLOMA,CABANACONDE,462.305213456443,2094.0,3,0,1
30/03/2020 09:24:33,3.8,48 Km,-12.5448,-76.8298,,,,,,2,0,1
30/03/2020 03:28:56,4.0,59 Km,-16.9304,-72.0072,AREQUIPA,ISLAY,MOLLENDO,933.9830468783583,26453.0,1,0,2
29/03/2020 17:02:46,3.8,27 Km,-16.4505,-71.9944,AREQUIPA,AREQUIPA,VITOR,1534.435436497687,4506.0,2,0,1
28/03/2020 21:16:39,3.6,12 Km,-15.7947,-71.8495,AREQUIPA,CAYLLOMA,MACA,237.26286538445896,687.0,0,0,0
28/03/2020 03:44:02,3.4,13 Km,-11.6893,-76.3464,LIMA,HUAROCHIRI,CARAMPOMA,231.83375409034852,312.0,1,0,2
28/03/2020 00:04:29,4.1,22 Km,-7.8515,-80.2626,,,,,,0,0,0
27/03/2020 23:02:04,4.0,40 Km,-9.3624,-79.1503,,,,,,0,0,0
27/03/2020 21:33:35,3.8,22 Km,-16.674,-71.6744,AREQUIPA,AREQUIPA,LA JOYA,697.0067549969054,38103.0,0,0,0
27/03/2020 11:48:04,4.2,131 Km,-9.385,-75.8746,HUANUCO,LEONCIO PRADO,MARIANO DAMASO BERAUN,746.1763353545026,11187.0,0,0,0
26/03/2020 16:24:04,4.5,154 Km,-10.0926,-74.1659,UCAYALI,ATALAYA,TAHUANIA,7672.0039384167385,10618.0,0,0,0
26/03/2020 04:58:28,3.8,49 Km,-12.2307,-77.1479,,,,,,0,0,0
25/03/2020 23:35:11,3.7,9 Km,-15.6618,-71.9304,AREQUIPA,CAYLLOMA,CABANACONDE,462.305213456443,2094.0,2,0,1
25/03/2020 05:17:37,3.9,10 Km,-15.67,-71.9217,AREQUIPA,CAYLLOMA,CABANACONDE,462.305213456443,2094.0,2,0,1
24/03/2020 16:33:52,3.4,10 Km,-12.4103,-74.7483,HUANCAVELICA,TAYACAJA,COLCABAMBA,324.4571283440606,11989.0,1,0,1
23/03/2020 19:49:23,4.0,86 Km,-12.9106,-73.9398,AYACUCHO,LA MAR,TAMBO,309.0100186341446,9302.0,0,0,0
23/03/2020 17:13:44,4.9,73 Km,-18.9668,-70.2494,,,,,,0,0,0
23/03/2020 03:59:41,3.4,16 Km,-12.8664,-75.0166,HUANCAVELICA,HUANCAVELICA,HUANCAVELICA,510.2276010154782,42858.0,3,1,0
23/03/2020 01:24:54,4.0,16 Km,-12.1346,-74.2814,JUNIN,SATIPO,VIZCATÁN DEL ENE,607.2476988730622,5800.0,0,0,0
22/03/2020 12:22:01,4.0,104 Km,-8.5279,-74.5906,UCAYALI,CORONEL PORTILLO,MANANTAY,644.5062871740798,107364.0,0,0,0
21/03/2020 15:53:07,3.4,11 Km,-13.7272,-71.9666,CUSCO,PARURO,PACCARITAMBO,142.33084986859654,2092.0,0,0,2
21/03/2020 09:18:44,3.5,57 Km,-12.3934,-76.8751,,,,,,2,1,3
20/03/2020 16:52:10,4.0,53 Km,-16.4191,-73.1138,AREQUIPA,CAMANA,OCOÑA,1421.3956481234984,4040.0,1,0,1
20/03/2020 05:50:20,3.4,10 Km,-12.8656,-75.0209,HUANCAVELICA,HUANCAVELICA,HUANCAVELICA,510.2276010154782,42858.0,3,1,0
20/03/2020 03:18:36,4.4,17 Km,-7.1755,-80.8534,,,,,,0,0,0
20/03/2020 01:58:57,4.1,22 Km,-7.1699,-80.84,,,,,,0,0,0
20/03/2020 00:56:36,3.9,9 Km,-12.8741,-75.027,HUANCAVELICA,HUANCAVELICA,HUANCAVELICA,510.2276010154782,42858.0,2,1,0
20/03/2020 00:11:40,3.4,8 Km,-12.8683,-75.0085,HUANCAVELICA,HUANCAVELICA,HUANCAVELICA,510.2276010154782,42858.0,3,1,0
19/03/2020 21:22:46,3.6,12 Km,-15.7343,-71.7732,AREQUIPA,CAYLLOMA,MACA,237.26286538445896,687.0,0,0,0
19/03/2020 20:53:26,3.4,13 Km,-15.7528,-71.7754,AREQUIPA,CAYLLOMA,MACA,237.26286538445896,687.0,0,0,0
19/03/2020 12:45:41,3.4,11 Km,-12.8661,-75.0209,HUANCAVELICA,HUANCAVELICA,HUANCAVELICA,510.2276010154782,42858.0,3,1,0
19/03/2020 08:00:40,3.3,14 Km,-12.8768,-75.0018,HUANCAVELICA,HUANCAVELICA,HUANCAVELICA,510.2276010154782,42858.0,1,0,0
19/03/2020 00:26:18,3.3,19 Km,-12.8861,-74.9867,HUANCAVELICA,HUANCAVELICA,HUANCAVELICA,510.2276010154782,42858.0,0,0,0
18/03/2020 20:51:40,3.3,13 Km,-12.8525,-74.998,HUANCAVELICA,HUANCAVELICA,HUANCAVELICA,510.2276010154782,42858.0,3,1,0
18/03/2020 20:51:28,4.2,75 Km,-19.1202,-70.1769,,,,,,0,0,0
18/03/2020 14:23:50,3.5,13 Km,-10.8373,-75.3538,JUNIN,CHANCHAMAYO,SAN LUIS DE SHUARO,192.3511894676426,3976.0,0,0,0
18/03/2020 13:19:24,4.0,20 Km,-17.5939,-72.9218,,,,,,0,0,0
18/03/2020 08:45:38,3.3,13 Km,-12.8676,-75.0053,HUANCAVELICA,HUANCAVELICA,HUANCAVELICA,510.2276010154782,42858.0,3,1,0
18/03/2020 06:42:49,3.3,11 Km,-12.8745,-74.9901,HUANCAVELICA,HUANCAVELICA,HUANCAVELICA,510.2276010154782,42858.0,2,1,0
18/03/2020 05:29:35,4.0,8 Km,-12.8594,-75.0267,HUANCAVELICA,HUANCAVELICA,HUANCAVELICA,510.2276010154782,42858.0,3,1,0
18/03/2020 04:49:32,3.4,9 Km,-12.8713,-75.0155,HUANCAVELICA,HUANCAVELICA,HUANCAVELICA,510.2276010154782,42858.0,3,1,0
18/03/2020 01:34:40,3.8,9 Km,-12.8734,-75.0266,HUANCAVELICA,HUANCAVELICA,HUANCAVELICA,510.2276010154782,42858.0,3,1,0
17/03/2020 17:36:45,3.3,8 Km,-12.8621,-75.0231,HUANCAVELICA,HUANCAVELICA,HUANCAVELICA,510.2276010154782,42858.0,3,1,0
17/03/2020 14:55:47,3.3,9 Km,-15.6848,-72.0093,AREQUIPA,CAYLLOMA,CABANACONDE,462.305213456443,2094.0,1,0,1
17/03/2020 14:25:07,3.3,9 Km,-15.7387,-71.7543,AREQUIPA,CAYLLOMA,MACA,237.26286538445896,687.0,0,0,0
17/03/2020 12:47:39,3.3,7 Km,-12.8393,-75.0095,HUANCAVELICA,HUANCAVELICA,HUANCAVELICA,510.2276010154782,42858.0,3,1,0
17/03/2020 01:14:43,3.4,12 Km,-12.867,-75.0016,HUANCAVELICA,HUANCAVELICA,HUANCAVELICA,510.2276010154782,42858.0,3,1,0
16/03/2020 22:35:19,3.4,13 Km,-12.8745,-75.0175,HUANCAVELICA,HUANCAVELICA,HUANCAVELICA,510.2276010154782,42858.0,2,1,0
16/03/2020 18:55:49,3.4,12 Km,-12.8856,-75.0045,HUANCAVELICA,HUANCAVELICA,HUANCAVELICA,510.2276010154782,42858.0,0,0,0
15/03/2020 10:35:07,4.5,147 Km,-8.9321,-74.6314,UCAYALI,CORONEL PORTILLO,IPARIA,7368.483783638121,12350.0,0,0,0
14/03/2020 21:37:56,3.4,12 Km,-15.6584,-71.8432,AREQUIPA,CAYLLOMA,CABANACONDE,462.305213456443,2094.0,3,0,1
13/03/2020 16:59:47,4.4,104 Km,-15.4676,-74.2161,AYACUCHO,PARINACOCHAS,PULLO,1562.4932672058267,7191.0,0,0,0
12/03/2020 21:08:02,5.2,95 Km,-20.0854,-69.8455,,,,,,1,1,0
12/03/2020 09:37:00,3.7,16 Km,-17.4896,-70.6813,TACNA,JORGE BASADRE,LOCUMBA,849.6462965669589,2669.0,0,0,0
11/03/2020 19:21:31,4.2,130 Km,-2.6212,-77.2184,,,,,,0,0,0
09/03/2020 04:35:40,4.8,69 Km,-4.7848,-80.2673,PIURA,PIURA,TAMBO GRANDE,1496.1400593696376,124028.0,0,0,1
08/03/2020 14:11:38,4.3,38 Km,-8.2116,-80.081,,,,,,0,0,0
06/03/2020 02:24:05,4.1,14 Km,-9.9308,-75.6845,HUANUCO,PACHITEA,CHAGLLA,1077.98700106266,10278.0,0,0,0
06/03/2020 00:18:15,4.2,225 Km,-16.381,-69.7213,PUNO,EL COLLAO,ILAVE,896.6111947575706,48729.0,0,0,0
05/03/2020 18:27:24,3.9,27 Km,-18.4609,-71.468,,,,,,0,0,0
04/03/2020 06:01:31,3.5,52 Km,-12.9105,-76.7716,,,,,,0,0,0
03/03/2020 22:39:31,4.1,106 Km,-14.8618,-73.8429,AYACUCHO,PARINACOCHAS,CORACORA,1387.9643170964926,13549.0,0,0,0
03/03/2020 21:29:31,3.9,21 Km,-15.8684,-75.2504,,,,,,0,0,0
03/03/2020 01:00:09,4.9,29 Km,-16.3615,-73.4571,,,,,,0,0,0
02/03/2020 18:07:51,5.0,34 Km,-18.1159,-70.7489,,,,,,0,0,1
02/03/2020 17:15:16,4.0,90 Km,-11.7079,-76.9556,LIMA,CANTA,SANTA ROSA DE QUIVES,409.49899343532076,5882.0,1,0,0
02/03/2020 08:55:04,4.0,49 Km,-15.8256,-74.295,AREQUIPA,CARAVELI,ATIQUIPA,423.06368687249454,475.0,3,0,2
02/03/2020 02:01:39,4.3,124 Km,-10.8967,-73.9277,UCAYALI,ATALAYA,RAIMONDI,14539.205149323814,39732.0,0,0,0
01/03/2020 02:07:21,3.9,36 Km,-16.2446,-72.9787,AREQUIPA,CAMANA,OCOÑA,1421.3956481234984,4040.0,0,0,0
29/02/2020 15:02:30,4.1,95 Km,-13.1311,-75.0259,HUANCAVELICA,CASTROVIRREYNA,SANTA ANA,643.0185246164637,834.0,0,0,0
28/02/2020 21:56:04,4.2,110 Km,-13.182,-75.1212,HUANCAVELICA,CASTROVIRREYNA,SANTA ANA,643.0185246164637,834.0,0,0,0
28/02/2020 21:55:34,3.6,9 Km,-15.7326,-72.0754,AREQUIPA,CAYLLOMA,HUAMBO,716.367191636351,660.0,0,0,2
27/02/2020 01:27:33,3.7,23 Km,-16.453,-72.0107,AREQUIPA,AREQUIPA,VITOR,1534.435436497687,4506.0,3,0,2
26/02/2020 21:48:56,4.1,170 Km,-8.3769,-74.412,UCAYALI,CORONEL PORTILLO,CALLERIA,11645.766871791395,172052.0,0,0,0
26/02/2020 04:18:13,4.2,41 Km,-6.1701,-76.342,SAN MARTIN,LAMAS,CAYNARACHI,1271.3611422880547,11081.0,1,0,1
25/02/2020 20:05:34,4.0,41 Km,-10.3957,-78.5372,,,,,,0,0,0
25/02/2020 04:45:52,4.3,35 Km,-9.4696,-79.1449,,,,,,0,0,0
24/02/2020 23:14:58,5.2,34 Km,-8.2103,-80.2557,,,,,,0,0,0
24/02/2020 17:58:57,3.6,24 Km,-16.4623,-72.0003,AREQUIPA,AREQUIPA,VITOR,1534.435436497687,4506.0,2,0,1
22/02/2020 03:56:20,4.3,47 Km,-3.3456,-77.6123,LORETO,DATEM DEL MARAÑON,MORONA,11043.901372452485,4557.0,0,0,0
22/02/2020 00:33:33,4.1,18 Km,-12.779,-77.6029,,,,,,0,0,0
21/02/2020 21:52:09,4.0,111 Km,-15.7056,-72.6277,AREQUIPA,CONDESUYOS,CHUQUIBAMBA,1186.5351513834737,3361.0,1,0,1
21/02/2020 13:35:13,4.0,15 Km,-9.1507,-79.4393,,,,,,0,0,0
21/02/2020 01:44:44,4.8,16 Km,-9.1304,-79.4177,,,,,,0,0,0
20/02/2020 18:58:05,4.2,22 Km,-16.4495,-72.0224,AREQUIPA,AREQUIPA,VITOR,1534.435436497687,4506.0,3,0,1
19/02/2020 16:55:50,3.8,26 Km,-15.6517,-74.9269,,,,,,1,0,1
19/02/2020 05:45:09,3.7,51 Km,-11.5882,-77.8367,,,,,,0,0,0
19/02/2020 04:23:19,4.1,22 Km,-7.7663,-80.3345,,,,,,0,0,0
19/02/2020 02:20:32,4.0,24 Km,-6.5022,-80.816,,,,,,0,0,0
19/02/2020 02:13:32,4.0,131 Km,-15.314,-72.2851,AREQUIPA,CASTILLA,ORCOPAMPA,729.6216610408102,8557.0,1,0,1
18/02/2020 14:59:05,3.9,36 Km,-11.1512,-78.1689,,,,,,0,0,0
18/02/2020 06:32:04,4.2,128 Km,-7.5985,-76.3699,SAN MARTIN,BELLAVISTA,ALTO BIAVO,5956.58747119889,9595.0,0,0,0
18/02/2020 04:05:48,4.0,48 Km,-19.1586,-70.699,,,,,,0,0,0
17/02/2020 13:53:09,5.0,165 Km,-7.6454,-74.7718,LORETO,UCAYALI,CONTAMANA,11003.035429161104,28258.0,0,0,0
16/02/2020 01:28:52,4.3,39 Km,-14.9553,-76.2451,,,,,,0,0,0
15/02/2020 16:47:25,4.0,48 Km,-16.5303,-72.7187,AREQUIPA,CAMANA,NICOLAS DE PIEROLA,390.8107464994652,7723.0,7,0,7
15/02/2020 14:54:40,4.5,108 Km,-14.2317,-73.7099,AYACUCHO,SUCRE,SORAS,351.71006231150875,1017.0,0,0,0
15/02/2020 12:01:26,4.2,61 Km,-11.9413,-77.7607,,,,,,0,0,0
14/02/2020 10:10:47,4.8,25 Km,-12.5604,-78.0684,,,,,,0,0,0
14/02/2020 08:50:45,4.7,45 Km,-16.6392,-72.9837,,,,,,0,0,0
14/02/2020 05:44:28,4.0,134 Km,-8.1944,-75.2439,UCAYALI,CORONEL PORTILLO,NUEVA REQUENA,2059.982910936714,5742.0,0,0,0
13/02/2020 17:33:49,3.8,21 Km,-4.2755,-80.9382,PIURA,TALARA,EL ALTO,485.3985964975792,8969.0,0,0,0
13/02/2020 17:28:25,4.1,103 Km,-13.9366,-74.5596,AYACUCHO,HUANCA SANCOS,SANCOS,1356.0502633523972,3181.0,0,0,0
13/02/2020 05:50:41,4.2,24 Km,-16.1685,-74.7982,,,,,,0,0,0
13/02/2020 01:24:45,3.6,34 Km,-16.4949,-71.9499,AREQUIPA,AREQUIPA,VITOR,1534.435436497687,4506.0,2,0,1
12/02/2020 23:31:49,5.2,24 Km,-16.0946,-74.697,,,,,,0,0,0
12/02/2020 19:08:08,4.1,149 Km,-15.3804,-72.0584,AREQUIPA,CASTILLA,CHOCO,904.4432006779886,666.0,0,0,0
12/02/2020 11:55:22,4.0,36 Km,-15.6778,-74.1988,AREQUIPA,CARAVELI,CHALA,340.21008853017196,10368.0,0,0,0
12/02/2020 11:20:37,3.8,24 Km,-15.9685,-74.5985,,,,,,0,0,0
12/02/2020 06:22:46,4.2,104 Km,-16.2363,-72.6289,AREQUIPA,CASTILLA,URACA,693.8418156934608,6590.0,0,0,0
11/02/2020 17:15:01,4.6,41 Km,-15.2077,-75.8987,,,,,,0,0,0
11/02/2020 10:39:16,3.6,46 Km,-14.1067,-75.8784,ICA,ICA,ICA,886.5000051633018,168765.0,0,0,0
11/02/2020 07:01:56,3.5,8 Km,-15.6605,-71.8184,AREQUIPA,CAYLLOMA,MACA,237.26286538445896,687.0,3,0,1
11/02/2020 00:22:19,4.0,108 Km,-17.1324,-71.0446,MOQUEGUA,MARISCAL NIETO,MOQUEGUA,3496.5014394191817,74486.0,2,0,1
10/02/2020 22:45:46,3.6,51 Km,-16.5091,-72.855,AREQUIPA,CAMANA,MARISCAL CACERES,593.4546388978915,6450.0,0,0,1
10/02/2020 15:24:06,3.6,18 Km,-8.3823,-77.8063,ANCASH,CORONGO,CUSCA,426.58298946856394,2881.0,0,0,0
09/02/2020 21:24:00,3.7,36 Km,-12.2885,-77.5592,,,,,,0,0,0
09/02/2020 14:25:03,3.4,8 Km,-15.6473,-71.8268,AREQUIPA,CAYLLOMA,CABANACONDE,462.305213456443,2094.0,3,0,1
09/02/2020 03:27:55,4.2,35 Km,-9.8339,-78.793,,,,,,0,0,0
08/02/2020 21:26:46,4.1,200 Km,-16.9789,-69.6189,PUNO,EL COLLAO,CAPAZO,1048.672808297165,1107.0,0,0,0
08/02/2020 13:30:42,3.5,8 Km,-15.7327,-72.0611,AREQUIPA,CAYLLOMA,HUAMBO,716.367191636351,660.0,0,0,2
08/02/2020 04:57:00,4.2,18 Km,-4.4057,-77.5596,LORETO,DATEM DEL MARAÑON,MANSERICHE,3570.0437779945487,9451.0,0,0,0
07/02/2020 02:04:48,3.4,14 Km,-15.6543,-71.8268,AREQUIPA,CAYLLOMA,CABANACONDE,462.305213456443,2094.0,3,0,1
06/02/2020 12:41:15,4.4,11 Km,-11.2049,-79.4171,,,,,,0,0,0
06/02/2020 12:10:06,3.7,41 Km,-17.41,-71.2251,MOQUEGUA,MARISCAL NIETO,MOQUEGUA,3496.5014394191817,74486.0,0,0,0
05/02/2020 19:00:51,3.5,17 Km,-15.1502,-71.1112,CUSCO,ESPINAR,OCORURO,360.4848622525986,995.0,0,0,0
05/02/2020 02:57:18,5.1,17 Km,-4.4268,-77.4414,LORETO,DATEM DEL MARAÑON,MANSERICHE,3570.0437779945487,9451.0,0,0,0
05/02/2020 00:22:54,3.7,44 Km,-17.3198,-71.1969,MOQUEGUA,MARISCAL NIETO,MOQUEGUA,3496.5014394191817,74486.0,0,0,0
04/02/2020 20:51:42,5.2,44 Km,-5.7951,-80.9335,,,,,,2,0,0
04/02/2020 19:10:17,3.3,10 Km,-15.6598,-71.7868,AREQUIPA,CAYLLOMA,MACA,237.26286538445896,687.0,3,0,1
04/02/2020 13:41:52,4.0,40 Km,-15.07,-75.16,ICA,NASCA,MARCONA,1943.8301700860184,18046.0,0,0,0
03/02/2020 21:24:15,3.5,12 Km,-15.6281,-71.8115,AREQUIPA,CAYLLOMA,MACA,237.26286538445896,687.0,3,0,1
02/02/2020 12:07:40,4.0,77 Km,-13.6387,-76.346,,,,,,0,0,0
02/02/2020 10:50:28,3.4,9 Km,-15.6401,-71.8178,AREQUIPA,CAYLLOMA,MACA,237.26286538445896,687.0,3,0,1
02/02/2020 10:20:32,4.1,48 Km,-3.5469,-80.4717,TUMBES,TUMBES,TUMBES,163.35961485667306,113458.0,12,1,9
02/02/2020 01:10:00,3.5,17 Km,-15.6674,-71.9073,AREQUIPA,CAYLLOMA,CABANACONDE,462.305213456443,2094.0,2,0,1
31/01/2020 18:06:09,4.7,74 Km,-12.5729,-76.8088,,,,,,0,1,0
30/01/2020 23:57:05,3.9,10 Km,-6.818,-80.6344,,,,,,0,0,0
11/02/2020 07:04:40,4.0,10 Km,-6.818,-80.6344,,,,,,0,0,0
30/01/2020 17:10:11,5.0,180 Km,-3.8642,-75.5683,LORETO,LORETO,URARINAS,15765.837223609078,13751.0,0,0,0
30/01/2020 04:21:55,4.1,79 Km,-12.8748,-74.0097,AYACUCHO,LA MAR,TAMBO,309.0100186341446,9302.0,0,0,0
29/01/2020 23:49:10,4.1,26 Km,-10.7895,-73.5978,UCAYALI,ATALAYA,RAIMONDI,14539.205149323814,39732.0,0,0,0
29/01/2020 13:13:15,3.3,10 Km,-15.6529,-71.8012,AREQUIPA,CAYLLOMA,MACA,237.26286538445896,687.0,3,0,1
29/01/2020 09:46:37,3.5,10 Km,-15.6571,-71.8301,AREQUIPA,CAYLLOMA,CABANACONDE,462.305213456443,2094.0,3,0,1
28/01/2020 20:08:48,3.3,10 Km,-15.665,-71.7943,AREQUIPA,CAYLLOMA,MACA,237.26286538445896,687.0,3,0,1
28/01/2020 15:06:49,3.3,10 Km,-15.6456,-71.82,AREQUIPA,CAYLLOMA,MACA,237.26286538445896,687.0,3,0,1
28/01/2020 09:55:31,3.8,11 Km,-15.6836,-71.8244,AREQUIPA,CAYLLOMA,MACA,237.26286538445896,687.0,3,0,1
28/01/2020 07:34:24,3.4,5 Km,-15.6597,-71.8244,AREQUIPA,CAYLLOMA,MACA,237.26286538445896,687.0,3,0,1
28/01/2020 06:07:31,3.6,5 Km,-15.655,-71.829,AREQUIPA,CAYLLOMA,CABANACONDE,462.305213456443,2094.0,3,0,1
28/01/2020 05:23:15,3.6,10 Km,-15.6613,-71.8371,AREQUIPA,CAYLLOMA,CABANACONDE,462.305213456443,2094.0,3,0,1
28/01/2020 04:12:04,3.9,6 Km,-15.6595,-71.8329,AREQUIPA,CAYLLOMA,CABANACONDE,462.305213456443,2094.0,3,0,1
28/01/2020 03:21:25,3.5,13 Km,-15.6501,-71.835,AREQUIPA,CAYLLOMA,CABANACONDE,462.305213456443,2094.0,3,0,1
27/01/2020 22:31:37,3.4,7 Km,-15.642,-71.8296,AREQUIPA,CAYLLOMA,CABANACONDE,462.305213456443,2094.0,3,0,1
27/01/2020 22:25:40,3.6,19 Km,-17.2431,-70.8296,MOQUEGUA,MARISCAL NIETO,MOQUEGUA,3496.5014394191817,74486.0,4,1,2
27/01/2020 22:01:11,3.5,13 Km,-15.6655,-71.8281,AREQUIPA,CAYLLOMA,CABANACONDE,462.305213456443,2094.0,3,0,1
27/01/2020 21:47:57,3.6,8 Km,-15.6546,-71.8259,AREQUIPA,CAYLLOMA,CABANACONDE,462.305213456443,2094.0,3,0,1
27/01/2020 21:46:45,3.4,12 Km,-15.6473,-71.8088,AREQUIPA,CAYLLOMA,MACA,237.26286538445896,687.0,3,0,1
27/01/2020 18:10:09,4.3,41 Km,-5.078,-76.1681,LORETO,ALTO AMAZONAS,JEBEROS,4345.001022224411,4658.0,0,0,0
27/01/2020 14:42:11,4.1,53 Km,-11.5301,-77.7161,,,,,,0,0,0
27/01/2020 11:36:28,3.2,10 Km,-15.6629,-71.8153,AREQUIPA,CAYLLOMA,MACA,237.26286538445896,687.0,3,0,1
27/01/2020 02:16:26,3.9,63 Km,-12.3352,-76.8767,,,,,,5,2,3
26/01/2020 23:14:34,3.4,12 Km,-15.6528,-71.8259,AREQUIPA,CAYLLOMA,CABANACONDE,462.305213456443,2094.0,3,0,1
26/01/2020 22:25:10,3.3,11 Km,-15.6293,-71.83,AREQUIPA,CAYLLOMA,CABANACONDE,462.305213456443,2094.0,3,0,1
26/01/2020 17:22:39,3.3,7 Km,-15.6529,-71.8151,AREQUIPA,CAYLLOMA,MACA,237.26286538445896,687.0,3,0,1
26/01/2020 09:59:45,3.4,9 Km,-15.7519,-71.9002,AREQUIPA,CAYLLOMA,LLUTA,1228.7528929408177,703.0,0,0,0
26/01/2020 05:39:04,3.2,12 Km,-15.7212,-71.9349,AREQUIPA,CAYLLOMA,CABANACONDE,462.305213456443,2094.0,0,0,0
26/01/2020 01:23:09,3.3,9 Km,-15.6509,-71.8556,AREQUIPA,CAYLLOMA,CABANACONDE,462.305213456443,2094.0,3,0,1
25/01/2020 04:16:31,4.2,203 Km,-16.7021,-69.6652,PUNO,EL COLLAO,SANTA ROSA,2712.1339805846847,3220.0,0,0,2
24/01/2020 18:38:30,3.8,57 Km,-17.5127,-71.1235,MOQUEGUA,ILO,EL ALGARROBAL,749.6978318141943,7257.0,0,0,0
24/01/2020 15:37:23,3.2,13 Km,-14.4006,-69.1867,PUNO,SANDIA,YANAHUAYA,652.1621377889028,2127.0,0,0,0
24/01/2020 12:01:07,4.4,126 Km,-18.4065,-69.9288,,,,,,0,0,0
23/01/2020 06:23:55,4.2,126 Km,-18.4065,-69.9288,,,,,,0,0,0
24/01/2020 00:13:50,5.2,79 Km,-17.4929,-71.0724,MOQUEGUA,MARISCAL NIETO,MOQUEGUA,3496.5014394191817,74486.0,0,0,0
23/01/2020 13:46:37,3.4,11 Km,-13.9193,-71.8076,CUSCO,PARURO,PILLPINTO,78.59302675142591,1033.0,0,0,1
23/01/2020 12:43:42,3.7,9 Km,-13.9266,-71.8091,CUSCO,PARURO,ACCHA,239.20509995725843,3125.0,0,0,1
20/01/2020 20:01:19,3.5,11 Km,-15.8761,-71.7701,AREQUIPA,CAYLLOMA,ACHOMA,366.1901216924418,817.0,0,0,0
20/01/2020 18:54:44,3.5,9 Km,-15.881,-71.7796,AREQUIPA,CAYLLOMA,ACHOMA,366.1901216924418,817.0,0,0,0
20/01/2020 03:00:06,3.8,17 Km,-9.5853,-75.7351,HUANUCO,LEONCIO PRADO,DANIEL ALOMIA ROBLES,539.8279546449647,6880.0,0,0,0
19/01/2020 11:26:05,4.2,132 Km,-6.0476,-76.6891,SAN MARTIN,LAMAS,PINTO RECODO,559.7571247735518,9134.0,0,0,0
18/01/2020 13:01:41,4.2,97 Km,-17.12,-71.3019,MOQUEGUA,MARISCAL NIETO,MOQUEGUA,3496.5014394191817,74486.0,0,0,0
17/01/2020 12:56:05,4.2,252 Km,-15.4624,-70.1406,PUNO,SAN ROMAN,JULIACA,396.54153687421274,252671.0,7,1,2
17/01/2020 12:51:53,4.4,177 Km,-8.5644,-73.9933,UCAYALI,CORONEL PORTILLO,MASISEA,14703.963010097246,11961.0,0,0,0
17/01/2020 06:44:03,4.2,21 Km,-9.7805,-74.5801,PASCO,OXAPAMPA,CONSTITUCION,3050.8103885859873,17089.0,0,0,0
17/01/2020 00:08:50,3.9,42 Km,-16.7791,-72.6928,,,,,,0,0,0
16/01/2020 18:45:27,4.4,81 Km,-10.7861,-77.7237,LIMA,BARRANCA,SUPE PUERTO,15.465469572646816,13525.0,5,1,4
16/01/2020 00:22:49,4.0,21 Km,-9.8215,-75.6288,HUANUCO,PUERTO INCA,CODO DEL POZUZO,3221.2599690701472,8248.0,0,0,0
15/01/2020 21:03:14,4.6,111 Km,-4.0803,-77.1037,LORETO,DATEM DEL MARAÑON,PASTAZA,9100.182512461359,6170.0,0,0,0
15/01/2020 19:51:55,4.6,150 Km,-7.889,-74.5281,UCAYALI,CORONEL PORTILLO,CALLERIA,11645.766871791395,172052.0,0,0,0
15/01/2020 04:45:14,5.4,26 Km,-10.3952,-78.8467,,,,,,0,0,0
13/01/2020 05:35:46,3.6,10 Km,-15.7622,-72.2072,AREQUIPA,CAYLLOMA,HUAMBO,716.367191636351,660.0,0,0,0
12/01/2020 15:11:47,4.2,37 Km,-16.3433,-73.9996,,,,,,0,0,0
12/01/2020 07:58:27,3.9,13 Km,-10.4245,-75.4906,PASCO,OXAPAMPA,HUANCABAMBA,1134.2161266660814,7028.0,0,0,1
11/01/2020 06:06:50,4.0,122 Km,-17.7407,-70.2457,TACNA,TACNA,INCLAN,1441.5926674600812,2688.0,0,0,0
11/01/2020 01:20:29,4.6,136 Km,-8.8999,-75.0083,HUANUCO,PUERTO INCA,TOURNAVISTA,1739.5610777174197,6543.0,0,0,0
09/01/2020 10:30:19,3.3,10 Km,-16.0927,-70.4635,MOQUEGUA,GENERAL SANCHEZ CERRO,ICHUÑA,1003.869801819972,3014.0,1,0,1
09/01/2020 04:43:09,4.0,136 Km,-7.4399,-76.2515,SAN MARTIN,BELLAVISTA,ALTO BIAVO,5956.58747119889,9595.0,0,0,0
08/01/2020 15:21:49,4.0,104 Km,-14.7076,-74.0072,AYACUCHO,LUCANAS,PUQUIO,863.2446215233592,14535.0,0,0,0
08/01/2020 08:50:00,3.9,11 Km,-9.9172,-75.5748,HUANUCO,PUERTO INCA,CODO DEL POZUZO,3221.2599690701472,8248.0,0,0,0
08/01/2020 06:14:36,3.5,31 Km,-5.0545,-80.9879,PIURA,PAITA,PAITA,707.9133323255332,101905.0,0,0,1
06/01/2020 21:05:37,4.0,16 Km,-11.033,-75.2602,JUNIN,CHANCHAMAYO,CHANCHAMAYO,738.502217166082,29175.0,3,2,0
06/01/2020 13:20:31,4.1,22 Km,-9.0927,-74.1966,UCAYALI,CORONEL PORTILLO,MASISEA,14703.963010097246,11961.0,0,0,0
06/01/2020 07:21:16,4.4,126 Km,-6.8064,-76.8129,SAN MARTIN,HUALLAGA,ALTO SAPOSOA,1378.6872798804302,5374.0,0,0,0
06/01/2020 02:54:05,4.3,38 Km,-9.4269,-75.5707,HUANUCO,PUERTO INCA,CODO DEL POZUZO,3221.2599690701472,8248.0,0,0,0
05/01/2020 20:21:53,4.1,55 Km,-15.872,-74.6719,,,,,,0,0,0
04/01/2020 04:52:14,4.0,166 Km,-7.5803,-74.6424,LORETO,UCAYALI,PADRE MARQUEZ,2434.9195833576787,3503.0,0,0,0
03/01/2020 20:24:43,3.5,13 Km,-15.6771,-71.5883,AREQUIPA,CAYLLOMA,CHIVAY,243.11338103258214,5889.0,2,0,1
03/01/2020 17:39:17,3.5,11 Km,-15.6515,-71.5752,AREQUIPA,CAYLLOMA,CHIVAY,243.11338103258214,5889.0,2,0,1
03/01/2020 09:16:39,5.0,57 Km,-3.328,-80.2922,,,,,,0,0,0
02/01/2020 21:38:55,4.0,133 Km,-8.4736,-76.1291,HUANUCO,LEONCIO PRADO,PUCAYACU,761.7578176392321,3917.0,0,0,0
02/01/2020 15:17:27,4.1,83 Km,-18.5369,-69.9329,,,,,,0,0,0
01/01/2020 10:54:05,4.0,32 Km,-8.669,-76.2077,SAN MARTIN,TOCACHE,NUEVO PROGRESO,824.6433710375615,12525.0,0,0,0
